2026/08/04 16:24:16 - mmengine - INFO - 
------------------------------------------------------------
System environment:
    sys.platform: linux
    Python: 3.12.13 | packaged by conda-forge | (main, Mar  5 2026, 16:50:00) [GCC 14.3.0]
    CUDA available: True
    MUSA available: False
    numpy_random_seed: 0
    GPU 0,1,2,3,4,5,6,7: NVIDIA A100-SXM4-80GB
    CUDA_HOME: /mnt/ht2-nas2/EO_test/miniconda3/envs/abc
    NVCC: Cuda compilation tools, release 12.6, V12.6.85
    GCC: gcc (Ubuntu 9.4.0-1ubuntu1~20.04.2) 9.4.0
    PyTorch: 2.8.0+cu126
    PyTorch compiling details: PyTorch built with:
  - GCC 13.3
  - C++ Version: 201703
  - Intel(R) oneAPI Math Kernel Library Version 2024.2-Product Build 20240605 for Intel(R) 64 architecture applications
  - Intel(R) MKL-DNN v3.7.1 (Git Hash 8d263e693366ef8db40acc569cc7d8edf644556d)
  - OpenMP 201511 (a.k.a. OpenMP 4.5)
  - LAPACK is enabled (usually provided by MKL)
  - NNPACK is enabled
  - CPU capability usage: AVX512
  - CUDA Runtime 12.6
  - NVCC architecture flags: -gencode;arch=compute_50,code=sm_50;-gencode;arch=compute_60,code=sm_60;-gencode;arch=compute_70,code=sm_70;-gencode;arch=compute_75,code=sm_75;-gencode;arch=compute_80,code=sm_80;-gencode;arch=compute_86,code=sm_86;-gencode;arch=compute_90,code=sm_90
  - CuDNN 91.0.2  (built against CUDA 12.9)
  - Magma 2.6.1
  - Build settings: BLAS_INFO=mkl, BUILD_TYPE=Release, COMMIT_SHA=a1cb3cc05d46d198467bebbb6e8fba50a325d4e7, CUDA_VERSION=12.6, CUDNN_VERSION=9.10.2, CXX_COMPILER=/opt/rh/gcc-toolset-13/root/usr/bin/c++, CXX_FLAGS= -fvisibility-inlines-hidden -DUSE_PTHREADPOOL -DNDEBUG -DUSE_KINETO -DLIBKINETO_NOROCTRACER -DLIBKINETO_NOXPUPTI=ON -DUSE_FBGEMM -DUSE_PYTORCH_QNNPACK -DUSE_XNNPACK -DSYMBOLICATE_MOBILE_DEBUG_HANDLE -O2 -fPIC -DC10_NODEPRECATED -Wall -Wextra -Werror=return-type -Werror=non-virtual-dtor -Werror=range-loop-construct -Werror=bool-operation -Wnarrowing -Wno-missing-field-initializers -Wno-unknown-pragmas -Wno-unused-parameter -Wno-strict-overflow -Wno-strict-aliasing -Wno-stringop-overflow -Wsuggest-override -Wno-psabi -Wno-error=old-style-cast -faligned-new -Wno-maybe-uninitialized -fno-math-errno -fno-trapping-math -Werror=format -Wno-dangling-reference -Wno-error=dangling-reference -Wno-stringop-overflow, LAPACK_INFO=mkl, PERF_WITH_AVX=1, PERF_WITH_AVX2=1, TORCH_VERSION=2.8.0, USE_CUDA=ON, USE_CUDNN=ON, USE_CUSPARSELT=1, USE_GFLAGS=OFF, USE_GLOG=OFF, USE_GLOO=ON, USE_MKL=ON, USE_MKLDNN=ON, USE_MPI=OFF, USE_NCCL=1, USE_NNPACK=ON, USE_OPENMP=ON, USE_ROCM=OFF, USE_ROCM_KERNEL_ASSERT=OFF, USE_XCCL=OFF, USE_XPU=OFF, 

    TorchVision: 0.23.0+cu126
    OpenCV: 4.13.0
    MMEngine: 0.10.7

Runtime environment:
    cudnn_benchmark: True
    mp_cfg: {'mp_start_method': 'fork', 'opencv_num_threads': 0}
    dist_cfg: {'backend': 'nccl'}
    deterministic: False
    seed: 0
    Distributed launcher: pytorch
    Distributed training: True
    GPU number: 8
------------------------------------------------------------

2026/08/04 16:24:16 - mmengine - INFO - Config:
DATA_ROOT = '/mnt/htzzb2/EO_test/datasets/Ningbo-2m_new'
DINO_CKPT = '/mnt/htzzb2/EO_test/weights_form_model_group/stage2+stage3-zhejiang/9999.pth'
base_learning_rate = 0.001
crop_size = (
    512,
    512,
)
custom_hooks = []
custom_imports = dict(
    allow_failed_imports=False,
    imports=[
        'custom_models.dinov3_backbone',
        'custom_datasets.ningbo2m_new',
        'custom_datasets.customPotsdam',
    ])
data_preprocessor = dict(
    bgr_to_rgb=False,
    mean=[
        73.95853051,
        82.62911514,
        80.51181812,
    ],
    pad_val=0,
    seg_pad_val=255,
    size=(
        512,
        512,
    ),
    std=[
        51.25007138,
        41.23240959,
        38.55216712,
    ],
    test_cfg=dict(size_divisor=32),
    type='SegDataPreProcessor')
data_root = 'data/ade/ADEChallengeData2016'
dataset_type = 'ADE20KDataset'
default_hooks = dict(
    checkpoint=dict(
        by_epoch=True,
        interval=1,
        max_keep_ckpts=3,
        rule='greater',
        save_best='mIoU',
        type='CheckpointHook'),
    logger=dict(interval=50, log_metric_by_epoch=True, type='LoggerHook'),
    param_scheduler=dict(type='ParamSchedulerHook'),
    sampler_seed=dict(type='DistSamplerSeedHook'),
    timer=dict(type='IterTimerHook'),
    visualization=dict(type='SegVisualizationHook'))
default_scope = 'mmseg'
embed_multi = dict(decay_mult=0.0, lr_mult=1.0)
env_cfg = dict(
    cudnn_benchmark=True,
    dist_cfg=dict(backend='nccl'),
    mp_cfg=dict(mp_start_method='fork', opencv_num_threads=0))
find_unused_parameters = True
img_ratios = [
    0.5,
    0.75,
    1.0,
    1.25,
    1.5,
    1.75,
]
img_size = 512
launcher = 'pytorch'
load_from = None
log_level = 'INFO'
log_processor = dict(by_epoch=True)
max_epochs = 50
model = dict(
    backbone=dict(
        arch='vit_large',
        checkpoint=
        '/mnt/htzzb2/EO_test/weights_form_model_group/stage2+stage3-zhejiang/9999.pth',
        finetune_vit=True,
        freeze_backbone=False,
        img_size=512,
        interaction_indexes=[
            5,
            11,
            17,
            23,
        ],
        layerscale_init=1e-05,
        mask_k_bias=True,
        n_storage_tokens=4,
        patch_size=16,
        type='DINOv3BackboneMmseg'),
    data_preprocessor=dict(
        bgr_to_rgb=False,
        mean=[
            73.95853051,
            82.62911514,
            80.51181812,
        ],
        pad_val=0,
        seg_pad_val=255,
        size=(
            512,
            512,
        ),
        std=[
            51.25007138,
            41.23240959,
            38.55216712,
        ],
        test_cfg=dict(size_divisor=32),
        type='SegDataPreProcessor'),
    decode_head=dict(
        align_corners=False,
        enforce_decoder_input_project=False,
        feat_channels=256,
        in_channels=[
            1024,
            1024,
            1024,
            1024,
        ],
        loss_cls=dict(
            class_weight=[
                1.0,
                1.0,
                1.0,
                1.0,
                1.0,
                1.0,
                1.0,
                1.0,
                0.1,
            ],
            loss_weight=2.0,
            reduction='mean',
            type='mmdet.CrossEntropyLoss',
            use_sigmoid=False),
        loss_dice=dict(
            activate=True,
            eps=1.0,
            loss_weight=5.0,
            naive_dice=True,
            reduction='mean',
            type='mmdet.DiceLoss',
            use_sigmoid=True),
        loss_mask=dict(
            loss_weight=5.0,
            reduction='mean',
            type='mmdet.CrossEntropyLoss',
            use_sigmoid=True),
        num_classes=8,
        num_queries=50,
        num_transformer_feat_level=3,
        out_channels=256,
        pixel_decoder=dict(
            act_cfg=dict(type='ReLU'),
            encoder=dict(
                init_cfg=None,
                layer_cfg=dict(
                    ffn_cfg=dict(
                        act_cfg=dict(inplace=True, type='ReLU'),
                        embed_dims=256,
                        feedforward_channels=1024,
                        ffn_drop=0.0,
                        num_fcs=2),
                    self_attn_cfg=dict(
                        batch_first=True,
                        dropout=0.0,
                        embed_dims=256,
                        im2col_step=64,
                        init_cfg=None,
                        norm_cfg=None,
                        num_heads=8,
                        num_levels=3,
                        num_points=4)),
                num_layers=6),
            init_cfg=None,
            norm_cfg=dict(num_groups=32, type='GN'),
            num_outs=3,
            positional_encoding=dict(normalize=True, num_feats=128),
            type='mmdet.MSDeformAttnPixelDecoder'),
        positional_encoding=dict(normalize=True, num_feats=128),
        strides=[
            4,
            8,
            16,
            32,
        ],
        train_cfg=dict(
            assigner=dict(
                match_costs=[
                    dict(type='mmdet.ClassificationCost', weight=2.0),
                    dict(
                        type='mmdet.CrossEntropyLossCost',
                        use_sigmoid=True,
                        weight=5.0),
                    dict(
                        eps=1.0,
                        pred_act=True,
                        type='mmdet.DiceCost',
                        weight=5.0),
                ],
                type='mmdet.HungarianAssigner'),
            importance_sample_ratio=0.75,
            num_points=12544,
            oversample_ratio=3.0,
            sampler=dict(type='mmdet.MaskPseudoSampler')),
        transformer_decoder=dict(
            init_cfg=None,
            layer_cfg=dict(
                cross_attn_cfg=dict(
                    attn_drop=0.0,
                    batch_first=True,
                    dropout_layer=None,
                    embed_dims=256,
                    num_heads=8,
                    proj_drop=0.0),
                ffn_cfg=dict(
                    act_cfg=dict(inplace=True, type='ReLU'),
                    add_identity=True,
                    dropout_layer=None,
                    embed_dims=256,
                    feedforward_channels=2048,
                    ffn_drop=0.0,
                    num_fcs=2),
                self_attn_cfg=dict(
                    attn_drop=0.0,
                    batch_first=True,
                    dropout_layer=None,
                    embed_dims=256,
                    num_heads=8,
                    proj_drop=0.0)),
            num_layers=9,
            return_intermediate=True),
        type='Mask2FormerHead'),
    test_cfg=dict(mode='whole'),
    train_cfg=dict(),
    type='EncoderDecoder')
model_wrapper_cfg = dict(
    find_unused_parameters=True, type='MMDistributedDataParallel')
num_classes = 8
optim_wrapper = dict(
    clip_grad=dict(max_norm=1, norm_type=2),
    optimizer=dict(lr=0.001, type='AdamW', weight_decay=0.01),
    paramwise_cfg=dict(
        custom_keys=dict(backbone=dict(lr_mult=0.1)), norm_decay_mult=0.0),
    type='OptimWrapper')
param_scheduler = [
    dict(
        begin=0, by_epoch=False, end=1500, start_factor=1e-06,
        type='LinearLR'),
    dict(
        begin=0,
        by_epoch=True,
        convert_to_iter_based=True,
        end=50,
        eta_min=0.0,
        power=1.0,
        type='PolyLR'),
]
randomness = dict(deterministic=False, seed=0)
resume = False
test_cfg = dict(type='TestLoop')
test_dataloader = dict(
    batch_size=8,
    dataset=dict(
        data_root='/mnt/htzzb2/EO_test/datasets/Ningbo-2m_new',
        pipeline=[
            dict(img_size=512, type='LoadNingbo2mRaster'),
            dict(type='PackSegInputs'),
        ],
        split='val',
        type='Ningbo2mNewDataset'),
    num_workers=4,
    sampler=dict(shuffle=False, type='DefaultSampler'))
test_evaluator = dict(
    iou_metrics=[
        'mIoU',
        'mFscore',
    ], type='IoUMetric')
test_pipeline = [
    dict(type='LoadImageFromFile'),
    dict(keep_ratio=True, scale=(
        2048,
        512,
    ), type='Resize'),
    dict(reduce_zero_label=True, type='LoadAnnotations'),
    dict(type='PackSegInputs'),
]
train_cfg = dict(max_epochs=50, type='EpochBasedTrainLoop', val_interval=1)
train_dataloader = dict(
    batch_size=8,
    dataset=dict(
        data_root='/mnt/htzzb2/EO_test/datasets/Ningbo-2m_new',
        pipeline=[
            dict(img_size=512, type='LoadNingbo2mRaster'),
            dict(prob=0.5, type='CustomRandomRotate90'),
            dict(direction='horizontal', prob=0.5, type='RandomFlip'),
            dict(direction='vertical', prob=0.5, type='RandomFlip'),
            dict(cat_max_ratio=1.0, crop_size=(
                512,
                512,
            ), type='RandomCrop'),
            dict(type='PackSegInputs'),
        ],
        split='train',
        type='Ningbo2mNewDataset'),
    num_workers=4,
    sampler=dict(shuffle=True, type='DefaultSampler'))
train_pipeline = [
    dict(img_size=512, type='LoadNingbo2mRaster'),
    dict(prob=0.5, type='CustomRandomRotate90'),
    dict(direction='horizontal', prob=0.5, type='RandomFlip'),
    dict(direction='vertical', prob=0.5, type='RandomFlip'),
    dict(cat_max_ratio=1.0, crop_size=(
        512,
        512,
    ), type='RandomCrop'),
    dict(type='PackSegInputs'),
]
tta_model = dict(type='SegTTAModel')
tta_pipeline = [
    dict(backend_args=None, type='LoadImageFromFile'),
    dict(
        transforms=[
            [
                dict(keep_ratio=True, scale_factor=0.5, type='Resize'),
                dict(keep_ratio=True, scale_factor=0.75, type='Resize'),
                dict(keep_ratio=True, scale_factor=1.0, type='Resize'),
                dict(keep_ratio=True, scale_factor=1.25, type='Resize'),
                dict(keep_ratio=True, scale_factor=1.5, type='Resize'),
                dict(keep_ratio=True, scale_factor=1.75, type='Resize'),
            ],
            [
                dict(direction='horizontal', prob=0.0, type='RandomFlip'),
                dict(direction='horizontal', prob=1.0, type='RandomFlip'),
            ],
            [
                dict(type='LoadAnnotations'),
            ],
            [
                dict(type='PackSegInputs'),
            ],
        ],
        type='TestTimeAug'),
]
val_cfg = dict(type='ValLoop')
val_dataloader = dict(
    batch_size=8,
    dataset=dict(
        data_root='/mnt/htzzb2/EO_test/datasets/Ningbo-2m_new',
        pipeline=[
            dict(img_size=512, type='LoadNingbo2mRaster'),
            dict(type='PackSegInputs'),
        ],
        split='val',
        type='Ningbo2mNewDataset'),
    num_workers=4,
    sampler=dict(shuffle=False, type='DefaultSampler'))
val_evaluator = dict(
    iou_metrics=[
        'mIoU',
        'mFscore',
    ], type='IoUMetric')
val_pipeline = [
    dict(img_size=512, type='LoadNingbo2mRaster'),
    dict(type='PackSegInputs'),
]
vis_backends = [
    dict(type='LocalVisBackend'),
]
visualizer = dict(
    name='visualizer',
    type='SegLocalVisualizer',
    vis_backends=[
        dict(type='LocalVisBackend'),
    ])
warmup_iters = 1500
warmup_ratio = 1e-06
weight_decay = 0.01
work_dir = '/mnt/htzzb2/EO_test/wj1/qh2_work_dirs/ningbo2m_new_dinov3_m2f_tune18_50e_512x512'

2026/08/04 16:24:36 - mmengine - INFO - Hooks will be executed in the following order:
before_run:
(VERY_HIGH   ) RuntimeInfoHook                    
(BELOW_NORMAL) LoggerHook                         
 -------------------- 
before_train:
(VERY_HIGH   ) RuntimeInfoHook                    
(NORMAL      ) IterTimerHook                      
(VERY_LOW    ) CheckpointHook                     
 -------------------- 
before_train_epoch:
(VERY_HIGH   ) RuntimeInfoHook                    
(NORMAL      ) IterTimerHook                      
(NORMAL      ) DistSamplerSeedHook                
 -------------------- 
before_train_iter:
(VERY_HIGH   ) RuntimeInfoHook                    
(NORMAL      ) IterTimerHook                      
 -------------------- 
after_train_iter:
(VERY_HIGH   ) RuntimeInfoHook                    
(NORMAL      ) IterTimerHook                      
(BELOW_NORMAL) LoggerHook                         
(LOW         ) ParamSchedulerHook                 
(VERY_LOW    ) CheckpointHook                     
 -------------------- 
after_train_epoch:
(NORMAL      ) IterTimerHook                      
(LOW         ) ParamSchedulerHook                 
(VERY_LOW    ) CheckpointHook                     
 -------------------- 
before_val:
(VERY_HIGH   ) RuntimeInfoHook                    
 -------------------- 
before_val_epoch:
(NORMAL      ) IterTimerHook                      
 -------------------- 
before_val_iter:
(NORMAL      ) IterTimerHook                      
 -------------------- 
after_val_iter:
(NORMAL      ) IterTimerHook                      
(NORMAL      ) SegVisualizationHook               
(BELOW_NORMAL) LoggerHook                         
 -------------------- 
after_val_epoch:
(VERY_HIGH   ) RuntimeInfoHook                    
(NORMAL      ) IterTimerHook                      
(BELOW_NORMAL) LoggerHook                         
(LOW         ) ParamSchedulerHook                 
(VERY_LOW    ) CheckpointHook                     
 -------------------- 
after_val:
(VERY_HIGH   ) RuntimeInfoHook                    
 -------------------- 
after_train:
(VERY_HIGH   ) RuntimeInfoHook                    
(VERY_LOW    ) CheckpointHook                     
 -------------------- 
before_test:
(VERY_HIGH   ) RuntimeInfoHook                    
 -------------------- 
before_test_epoch:
(NORMAL      ) IterTimerHook                      
 -------------------- 
before_test_iter:
(NORMAL      ) IterTimerHook                      
 -------------------- 
after_test_iter:
(NORMAL      ) IterTimerHook                      
(NORMAL      ) SegVisualizationHook               
(BELOW_NORMAL) LoggerHook                         
 -------------------- 
after_test_epoch:
(VERY_HIGH   ) RuntimeInfoHook                    
(NORMAL      ) IterTimerHook                      
(BELOW_NORMAL) LoggerHook                         
 -------------------- 
after_test:
(VERY_HIGH   ) RuntimeInfoHook                    
 -------------------- 
after_run:
(BELOW_NORMAL) LoggerHook                         
 -------------------- 
2026/08/04 16:24:43 - mmengine - INFO - paramwise_options -- backbone.backbone.cls_token:lr=0.0001
2026/08/04 16:24:43 - mmengine - INFO - paramwise_options -- backbone.backbone.cls_token:weight_decay=0.01
2026/08/04 16:24:43 - mmengine - INFO - paramwise_options -- backbone.backbone.cls_token:lr_mult=0.1
2026/08/04 16:24:43 - mmengine - INFO - paramwise_options -- backbone.backbone.storage_tokens:lr=0.0001
2026/08/04 16:24:43 - mmengine - INFO - paramwise_options -- backbone.backbone.storage_tokens:weight_decay=0.01
2026/08/04 16:24:43 - mmengine - INFO - paramwise_options -- backbone.backbone.storage_tokens:lr_mult=0.1
2026/08/04 16:24:43 - mmengine - INFO - paramwise_options -- backbone.backbone.mask_token:lr=0.0001
2026/08/04 16:24:43 - mmengine - INFO - paramwise_options -- backbone.backbone.mask_token:weight_decay=0.01
2026/08/04 16:24:43 - mmengine - INFO - paramwise_options -- backbone.backbone.mask_token:lr_mult=0.1
2026/08/04 16:24:43 - mmengine - INFO - paramwise_options -- backbone.backbone.patch_embed.proj.weight:lr=0.0001
2026/08/04 16:24:43 - mmengine - INFO - paramwise_options -- backbone.backbone.patch_embed.proj.weight:weight_decay=0.01
2026/08/04 16:24:43 - mmengine - INFO - paramwise_options -- backbone.backbone.patch_embed.proj.weight:lr_mult=0.1
2026/08/04 16:24:43 - mmengine - INFO - paramwise_options -- backbone.backbone.patch_embed.proj.bias:lr=0.0001
2026/08/04 16:24:43 - mmengine - INFO - paramwise_options -- backbone.backbone.patch_embed.proj.bias:weight_decay=0.01
2026/08/04 16:24:43 - mmengine - INFO - paramwise_options -- backbone.backbone.patch_embed.proj.bias:lr_mult=0.1
2026/08/04 16:24:43 - mmengine - INFO - paramwise_options -- backbone.backbone.blocks.0.norm1.weight:lr=0.0001
2026/08/04 16:24:43 - mmengine - INFO - paramwise_options -- backbone.backbone.blocks.0.norm1.weight:weight_decay=0.01
2026/08/04 16:24:43 - mmengine - INFO - paramwise_options -- backbone.backbone.blocks.0.norm1.weight:lr_mult=0.1
2026/08/04 16:24:43 - mmengine - INFO - paramwise_options -- backbone.backbone.blocks.0.norm1.bias:lr=0.0001
2026/08/04 16:24:43 - mmengine - INFO - paramwise_options -- backbone.backbone.blocks.0.norm1.bias:weight_decay=0.01
2026/08/04 16:24:43 - mmengine - INFO - paramwise_options -- backbone.backbone.blocks.0.norm1.bias:lr_mult=0.1
2026/08/04 16:24:43 - mmengine - INFO - paramwise_options -- backbone.backbone.blocks.0.attn.qkv.weight:lr=0.0001
2026/08/04 16:24:43 - mmengine - INFO - paramwise_options -- backbone.backbone.blocks.0.attn.qkv.weight:weight_decay=0.01
2026/08/04 16:24:43 - mmengine - INFO - paramwise_options -- backbone.backbone.blocks.0.attn.qkv.weight:lr_mult=0.1
2026/08/04 16:24:43 - mmengine - INFO - paramwise_options -- backbone.backbone.blocks.0.attn.qkv.bias:lr=0.0001
2026/08/04 16:24:43 - mmengine - INFO - paramwise_options -- backbone.backbone.blocks.0.attn.qkv.bias:weight_decay=0.01
2026/08/04 16:24:43 - mmengine - INFO - paramwise_options -- backbone.backbone.blocks.0.attn.qkv.bias:lr_mult=0.1
2026/08/04 16:24:43 - mmengine - INFO - paramwise_options -- backbone.backbone.blocks.0.attn.proj.weight:lr=0.0001
2026/08/04 16:24:43 - mmengine - INFO - paramwise_options -- backbone.backbone.blocks.0.attn.proj.weight:weight_decay=0.01
2026/08/04 16:24:43 - mmengine - INFO - paramwise_options -- backbone.backbone.blocks.0.attn.proj.weight:lr_mult=0.1
2026/08/04 16:24:43 - mmengine - INFO - paramwise_options -- backbone.backbone.blocks.0.attn.proj.bias:lr=0.0001
2026/08/04 16:24:43 - mmengine - INFO - paramwise_options -- backbone.backbone.blocks.0.attn.proj.bias:weight_decay=0.01
2026/08/04 16:24:43 - mmengine - INFO - paramwise_options -- backbone.backbone.blocks.0.attn.proj.bias:lr_mult=0.1
2026/08/04 16:24:43 - mmengine - INFO - paramwise_options -- backbone.backbone.blocks.0.ls1.gamma:lr=0.0001
2026/08/04 16:24:43 - mmengine - INFO - paramwise_options -- backbone.backbone.blocks.0.ls1.gamma:weight_decay=0.01
2026/08/04 16:24:43 - mmengine - INFO - paramwise_options -- backbone.backbone.blocks.0.ls1.gamma:lr_mult=0.1
2026/08/04 16:24:43 - mmengine - INFO - paramwise_options -- backbone.backbone.blocks.0.norm2.weight:lr=0.0001
2026/08/04 16:24:43 - mmengine - INFO - paramwise_options -- backbone.backbone.blocks.0.norm2.weight:weight_decay=0.01
2026/08/04 16:24:43 - mmengine - INFO - paramwise_options -- backbone.backbone.blocks.0.norm2.weight:lr_mult=0.1
2026/08/04 16:24:43 - mmengine - INFO - paramwise_options -- backbone.backbone.blocks.0.norm2.bias:lr=0.0001
2026/08/04 16:24:43 - mmengine - INFO - paramwise_options -- backbone.backbone.blocks.0.norm2.bias:weight_decay=0.01
2026/08/04 16:24:43 - mmengine - INFO - paramwise_options -- backbone.backbone.blocks.0.norm2.bias:lr_mult=0.1
2026/08/04 16:24:43 - mmengine - INFO - paramwise_options -- backbone.backbone.blocks.0.mlp.fc1.weight:lr=0.0001
2026/08/04 16:24:43 - mmengine - INFO - paramwise_options -- backbone.backbone.blocks.0.mlp.fc1.weight:weight_decay=0.01
2026/08/04 16:24:43 - mmengine - INFO - paramwise_options -- backbone.backbone.blocks.0.mlp.fc1.weight:lr_mult=0.1
2026/08/04 16:24:43 - mmengine - INFO - paramwise_options -- backbone.backbone.blocks.0.mlp.fc1.bias:lr=0.0001
2026/08/04 16:24:43 - mmengine - INFO - paramwise_options -- backbone.backbone.blocks.0.mlp.fc1.bias:weight_decay=0.01
2026/08/04 16:24:43 - mmengine - INFO - paramwise_options -- backbone.backbone.blocks.0.mlp.fc1.bias:lr_mult=0.1
2026/08/04 16:24:43 - mmengine - INFO - paramwise_options -- backbone.backbone.blocks.0.mlp.fc2.weight:lr=0.0001
2026/08/04 16:24:43 - mmengine - INFO - paramwise_options -- backbone.backbone.blocks.0.mlp.fc2.weight:weight_decay=0.01
2026/08/04 16:24:43 - mmengine - INFO - paramwise_options -- backbone.backbone.blocks.0.mlp.fc2.weight:lr_mult=0.1
2026/08/04 16:24:43 - mmengine - INFO - paramwise_options -- backbone.backbone.blocks.0.mlp.fc2.bias:lr=0.0001
2026/08/04 16:24:43 - mmengine - INFO - paramwise_options -- backbone.backbone.blocks.0.mlp.fc2.bias:weight_decay=0.01
2026/08/04 16:24:43 - mmengine - INFO - paramwise_options -- backbone.backbone.blocks.0.mlp.fc2.bias:lr_mult=0.1
2026/08/04 16:24:43 - mmengine - INFO - paramwise_options -- backbone.backbone.blocks.0.ls2.gamma:lr=0.0001
2026/08/04 16:24:43 - mmengine - INFO - paramwise_options -- backbone.backbone.blocks.0.ls2.gamma:weight_decay=0.01
2026/08/04 16:24:43 - mmengine - INFO - paramwise_options -- backbone.backbone.blocks.0.ls2.gamma:lr_mult=0.1
2026/08/04 16:24:43 - mmengine - INFO - paramwise_options -- backbone.backbone.blocks.1.norm1.weight:lr=0.0001
2026/08/04 16:24:43 - mmengine - INFO - paramwise_options -- backbone.backbone.blocks.1.norm1.weight:weight_decay=0.01
2026/08/04 16:24:43 - mmengine - INFO - paramwise_options -- backbone.backbone.blocks.1.norm1.weight:lr_mult=0.1
2026/08/04 16:24:43 - mmengine - INFO - paramwise_options -- backbone.backbone.blocks.1.norm1.bias:lr=0.0001
2026/08/04 16:24:43 - mmengine - INFO - paramwise_options -- backbone.backbone.blocks.1.norm1.bias:weight_decay=0.01
2026/08/04 16:24:43 - mmengine - INFO - paramwise_options -- backbone.backbone.blocks.1.norm1.bias:lr_mult=0.1
2026/08/04 16:24:43 - mmengine - INFO - paramwise_options -- backbone.backbone.blocks.1.attn.qkv.weight:lr=0.0001
2026/08/04 16:24:43 - mmengine - INFO - paramwise_options -- backbone.backbone.blocks.1.attn.qkv.weight:weight_decay=0.01
2026/08/04 16:24:43 - mmengine - INFO - paramwise_options -- backbone.backbone.blocks.1.attn.qkv.weight:lr_mult=0.1
2026/08/04 16:24:43 - mmengine - INFO - paramwise_options -- backbone.backbone.blocks.1.attn.qkv.bias:lr=0.0001
2026/08/04 16:24:43 - mmengine - INFO - paramwise_options -- backbone.backbone.blocks.1.attn.qkv.bias:weight_decay=0.01
2026/08/04 16:24:43 - mmengine - INFO - paramwise_options -- backbone.backbone.blocks.1.attn.qkv.bias:lr_mult=0.1
2026/08/04 16:24:43 - mmengine - INFO - paramwise_options -- backbone.backbone.blocks.1.attn.proj.weight:lr=0.0001
2026/08/04 16:24:43 - mmengine - INFO - paramwise_options -- backbone.backbone.blocks.1.attn.proj.weight:weight_decay=0.01
2026/08/04 16:24:43 - mmengine - INFO - paramwise_options -- backbone.backbone.blocks.1.attn.proj.weight:lr_mult=0.1
2026/08/04 16:24:43 - mmengine - INFO - paramwise_options -- backbone.backbone.blocks.1.attn.proj.bias:lr=0.0001
2026/08/04 16:24:43 - mmengine - INFO - paramwise_options -- backbone.backbone.blocks.1.attn.proj.bias:weight_decay=0.01
2026/08/04 16:24:43 - mmengine - INFO - paramwise_options -- backbone.backbone.blocks.1.attn.proj.bias:lr_mult=0.1
2026/08/04 16:24:43 - mmengine - INFO - paramwise_options -- backbone.backbone.blocks.1.ls1.gamma:lr=0.0001
2026/08/04 16:24:43 - mmengine - INFO - paramwise_options -- backbone.backbone.blocks.1.ls1.gamma:weight_decay=0.01
2026/08/04 16:24:43 - mmengine - INFO - paramwise_options -- backbone.backbone.blocks.1.ls1.gamma:lr_mult=0.1
2026/08/04 16:24:43 - mmengine - INFO - paramwise_options -- backbone.backbone.blocks.1.norm2.weight:lr=0.0001
2026/08/04 16:24:43 - mmengine - INFO - paramwise_options -- backbone.backbone.blocks.1.norm2.weight:weight_decay=0.01
2026/08/04 16:24:43 - mmengine - INFO - paramwise_options -- backbone.backbone.blocks.1.norm2.weight:lr_mult=0.1
2026/08/04 16:24:43 - mmengine - INFO - paramwise_options -- backbone.backbone.blocks.1.norm2.bias:lr=0.0001
2026/08/04 16:24:43 - mmengine - INFO - paramwise_options -- backbone.backbone.blocks.1.norm2.bias:weight_decay=0.01
2026/08/04 16:24:43 - mmengine - INFO - paramwise_options -- backbone.backbone.blocks.1.norm2.bias:lr_mult=0.1
2026/08/04 16:24:43 - mmengine - INFO - paramwise_options -- backbone.backbone.blocks.1.mlp.fc1.weight:lr=0.0001
2026/08/04 16:24:43 - mmengine - INFO - paramwise_options -- backbone.backbone.blocks.1.mlp.fc1.weight:weight_decay=0.01
2026/08/04 16:24:43 - mmengine - INFO - paramwise_options -- backbone.backbone.blocks.1.mlp.fc1.weight:lr_mult=0.1
2026/08/04 16:24:43 - mmengine - INFO - paramwise_options -- backbone.backbone.blocks.1.mlp.fc1.bias:lr=0.0001
2026/08/04 16:24:43 - mmengine - INFO - paramwise_options -- backbone.backbone.blocks.1.mlp.fc1.bias:weight_decay=0.01
2026/08/04 16:24:43 - mmengine - INFO - paramwise_options -- backbone.backbone.blocks.1.mlp.fc1.bias:lr_mult=0.1
2026/08/04 16:24:43 - mmengine - INFO - paramwise_options -- backbone.backbone.blocks.1.mlp.fc2.weight:lr=0.0001
2026/08/04 16:24:43 - mmengine - INFO - paramwise_options -- backbone.backbone.blocks.1.mlp.fc2.weight:weight_decay=0.01
2026/08/04 16:24:43 - mmengine - INFO - paramwise_options -- backbone.backbone.blocks.1.mlp.fc2.weight:lr_mult=0.1
2026/08/04 16:24:43 - mmengine - INFO - paramwise_options -- backbone.backbone.blocks.1.mlp.fc2.bias:lr=0.0001
2026/08/04 16:24:43 - mmengine - INFO - paramwise_options -- backbone.backbone.blocks.1.mlp.fc2.bias:weight_decay=0.01
2026/08/04 16:24:43 - mmengine - INFO - paramwise_options -- backbone.backbone.blocks.1.mlp.fc2.bias:lr_mult=0.1
2026/08/04 16:24:43 - mmengine - INFO - paramwise_options -- backbone.backbone.blocks.1.ls2.gamma:lr=0.0001
2026/08/04 16:24:43 - mmengine - INFO - paramwise_options -- backbone.backbone.blocks.1.ls2.gamma:weight_decay=0.01
2026/08/04 16:24:43 - mmengine - INFO - paramwise_options -- backbone.backbone.blocks.1.ls2.gamma:lr_mult=0.1
2026/08/04 16:24:43 - mmengine - INFO - paramwise_options -- backbone.backbone.blocks.2.norm1.weight:lr=0.0001
2026/08/04 16:24:43 - mmengine - INFO - paramwise_options -- backbone.backbone.blocks.2.norm1.weight:weight_decay=0.01
2026/08/04 16:24:43 - mmengine - INFO - paramwise_options -- backbone.backbone.blocks.2.norm1.weight:lr_mult=0.1
2026/08/04 16:24:43 - mmengine - INFO - paramwise_options -- backbone.backbone.blocks.2.norm1.bias:lr=0.0001
2026/08/04 16:24:43 - mmengine - INFO - paramwise_options -- backbone.backbone.blocks.2.norm1.bias:weight_decay=0.01
2026/08/04 16:24:43 - mmengine - INFO - paramwise_options -- backbone.backbone.blocks.2.norm1.bias:lr_mult=0.1
2026/08/04 16:24:43 - mmengine - INFO - paramwise_options -- backbone.backbone.blocks.2.attn.qkv.weight:lr=0.0001
2026/08/04 16:24:43 - mmengine - INFO - paramwise_options -- backbone.backbone.blocks.2.attn.qkv.weight:weight_decay=0.01
2026/08/04 16:24:43 - mmengine - INFO - paramwise_options -- backbone.backbone.blocks.2.attn.qkv.weight:lr_mult=0.1
2026/08/04 16:24:43 - mmengine - INFO - paramwise_options -- backbone.backbone.blocks.2.attn.qkv.bias:lr=0.0001
2026/08/04 16:24:43 - mmengine - INFO - paramwise_options -- backbone.backbone.blocks.2.attn.qkv.bias:weight_decay=0.01
2026/08/04 16:24:43 - mmengine - INFO - paramwise_options -- backbone.backbone.blocks.2.attn.qkv.bias:lr_mult=0.1
2026/08/04 16:24:43 - mmengine - INFO - paramwise_options -- backbone.backbone.blocks.2.attn.proj.weight:lr=0.0001
2026/08/04 16:24:43 - mmengine - INFO - paramwise_options -- backbone.backbone.blocks.2.attn.proj.weight:weight_decay=0.01
2026/08/04 16:24:43 - mmengine - INFO - paramwise_options -- backbone.backbone.blocks.2.attn.proj.weight:lr_mult=0.1
2026/08/04 16:24:43 - mmengine - INFO - paramwise_options -- backbone.backbone.blocks.2.attn.proj.bias:lr=0.0001
2026/08/04 16:24:43 - mmengine - INFO - paramwise_options -- backbone.backbone.blocks.2.attn.proj.bias:weight_decay=0.01
2026/08/04 16:24:43 - mmengine - INFO - paramwise_options -- backbone.backbone.blocks.2.attn.proj.bias:lr_mult=0.1
2026/08/04 16:24:43 - mmengine - INFO - paramwise_options -- backbone.backbone.blocks.2.ls1.gamma:lr=0.0001
2026/08/04 16:24:43 - mmengine - INFO - paramwise_options -- backbone.backbone.blocks.2.ls1.gamma:weight_decay=0.01
2026/08/04 16:24:43 - mmengine - INFO - paramwise_options -- backbone.backbone.blocks.2.ls1.gamma:lr_mult=0.1
2026/08/04 16:24:43 - mmengine - INFO - paramwise_options -- backbone.backbone.blocks.2.norm2.weight:lr=0.0001
2026/08/04 16:24:43 - mmengine - INFO - paramwise_options -- backbone.backbone.blocks.2.norm2.weight:weight_decay=0.01
2026/08/04 16:24:43 - mmengine - INFO - paramwise_options -- backbone.backbone.blocks.2.norm2.weight:lr_mult=0.1
2026/08/04 16:24:43 - mmengine - INFO - paramwise_options -- backbone.backbone.blocks.2.norm2.bias:lr=0.0001
2026/08/04 16:24:43 - mmengine - INFO - paramwise_options -- backbone.backbone.blocks.2.norm2.bias:weight_decay=0.01
2026/08/04 16:24:43 - mmengine - INFO - paramwise_options -- backbone.backbone.blocks.2.norm2.bias:lr_mult=0.1
2026/08/04 16:24:43 - mmengine - INFO - paramwise_options -- backbone.backbone.blocks.2.mlp.fc1.weight:lr=0.0001
2026/08/04 16:24:43 - mmengine - INFO - paramwise_options -- backbone.backbone.blocks.2.mlp.fc1.weight:weight_decay=0.01
2026/08/04 16:24:43 - mmengine - INFO - paramwise_options -- backbone.backbone.blocks.2.mlp.fc1.weight:lr_mult=0.1
2026/08/04 16:24:43 - mmengine - INFO - paramwise_options -- backbone.backbone.blocks.2.mlp.fc1.bias:lr=0.0001
2026/08/04 16:24:43 - mmengine - INFO - paramwise_options -- backbone.backbone.blocks.2.mlp.fc1.bias:weight_decay=0.01
2026/08/04 16:24:43 - mmengine - INFO - paramwise_options -- backbone.backbone.blocks.2.mlp.fc1.bias:lr_mult=0.1
2026/08/04 16:24:43 - mmengine - INFO - paramwise_options -- backbone.backbone.blocks.2.mlp.fc2.weight:lr=0.0001
2026/08/04 16:24:43 - mmengine - INFO - paramwise_options -- backbone.backbone.blocks.2.mlp.fc2.weight:weight_decay=0.01
2026/08/04 16:24:43 - mmengine - INFO - paramwise_options -- backbone.backbone.blocks.2.mlp.fc2.weight:lr_mult=0.1
2026/08/04 16:24:43 - mmengine - INFO - paramwise_options -- backbone.backbone.blocks.2.mlp.fc2.bias:lr=0.0001
2026/08/04 16:24:43 - mmengine - INFO - paramwise_options -- backbone.backbone.blocks.2.mlp.fc2.bias:weight_decay=0.01
2026/08/04 16:24:43 - mmengine - INFO - paramwise_options -- backbone.backbone.blocks.2.mlp.fc2.bias:lr_mult=0.1
2026/08/04 16:24:43 - mmengine - INFO - paramwise_options -- backbone.backbone.blocks.2.ls2.gamma:lr=0.0001
2026/08/04 16:24:43 - mmengine - INFO - paramwise_options -- backbone.backbone.blocks.2.ls2.gamma:weight_decay=0.01
2026/08/04 16:24:43 - mmengine - INFO - paramwise_options -- backbone.backbone.blocks.2.ls2.gamma:lr_mult=0.1
2026/08/04 16:24:43 - mmengine - INFO - paramwise_options -- backbone.backbone.blocks.3.norm1.weight:lr=0.0001
2026/08/04 16:24:43 - mmengine - INFO - paramwise_options -- backbone.backbone.blocks.3.norm1.weight:weight_decay=0.01
2026/08/04 16:24:43 - mmengine - INFO - paramwise_options -- backbone.backbone.blocks.3.norm1.weight:lr_mult=0.1
2026/08/04 16:24:43 - mmengine - INFO - paramwise_options -- backbone.backbone.blocks.3.norm1.bias:lr=0.0001
2026/08/04 16:24:43 - mmengine - INFO - paramwise_options -- backbone.backbone.blocks.3.norm1.bias:weight_decay=0.01
2026/08/04 16:24:43 - mmengine - INFO - paramwise_options -- backbone.backbone.blocks.3.norm1.bias:lr_mult=0.1
2026/08/04 16:24:43 - mmengine - INFO - paramwise_options -- backbone.backbone.blocks.3.attn.qkv.weight:lr=0.0001
2026/08/04 16:24:43 - mmengine - INFO - paramwise_options -- backbone.backbone.blocks.3.attn.qkv.weight:weight_decay=0.01
2026/08/04 16:24:43 - mmengine - INFO - paramwise_options -- backbone.backbone.blocks.3.attn.qkv.weight:lr_mult=0.1
2026/08/04 16:24:43 - mmengine - INFO - paramwise_options -- backbone.backbone.blocks.3.attn.qkv.bias:lr=0.0001
2026/08/04 16:24:43 - mmengine - INFO - paramwise_options -- backbone.backbone.blocks.3.attn.qkv.bias:weight_decay=0.01
2026/08/04 16:24:43 - mmengine - INFO - paramwise_options -- backbone.backbone.blocks.3.attn.qkv.bias:lr_mult=0.1
2026/08/04 16:24:43 - mmengine - INFO - paramwise_options -- backbone.backbone.blocks.3.attn.proj.weight:lr=0.0001
2026/08/04 16:24:43 - mmengine - INFO - paramwise_options -- backbone.backbone.blocks.3.attn.proj.weight:weight_decay=0.01
2026/08/04 16:24:43 - mmengine - INFO - paramwise_options -- backbone.backbone.blocks.3.attn.proj.weight:lr_mult=0.1
2026/08/04 16:24:43 - mmengine - INFO - paramwise_options -- backbone.backbone.blocks.3.attn.proj.bias:lr=0.0001
2026/08/04 16:24:43 - mmengine - INFO - paramwise_options -- backbone.backbone.blocks.3.attn.proj.bias:weight_decay=0.01
2026/08/04 16:24:43 - mmengine - INFO - paramwise_options -- backbone.backbone.blocks.3.attn.proj.bias:lr_mult=0.1
2026/08/04 16:24:43 - mmengine - INFO - paramwise_options -- backbone.backbone.blocks.3.ls1.gamma:lr=0.0001
2026/08/04 16:24:43 - mmengine - INFO - paramwise_options -- backbone.backbone.blocks.3.ls1.gamma:weight_decay=0.01
2026/08/04 16:24:43 - mmengine - INFO - paramwise_options -- backbone.backbone.blocks.3.ls1.gamma:lr_mult=0.1
2026/08/04 16:24:43 - mmengine - INFO - paramwise_options -- backbone.backbone.blocks.3.norm2.weight:lr=0.0001
2026/08/04 16:24:43 - mmengine - INFO - paramwise_options -- backbone.backbone.blocks.3.norm2.weight:weight_decay=0.01
2026/08/04 16:24:43 - mmengine - INFO - paramwise_options -- backbone.backbone.blocks.3.norm2.weight:lr_mult=0.1
2026/08/04 16:24:43 - mmengine - INFO - paramwise_options -- backbone.backbone.blocks.3.norm2.bias:lr=0.0001
2026/08/04 16:24:43 - mmengine - INFO - paramwise_options -- backbone.backbone.blocks.3.norm2.bias:weight_decay=0.01
2026/08/04 16:24:43 - mmengine - INFO - paramwise_options -- backbone.backbone.blocks.3.norm2.bias:lr_mult=0.1
2026/08/04 16:24:43 - mmengine - INFO - paramwise_options -- backbone.backbone.blocks.3.mlp.fc1.weight:lr=0.0001
2026/08/04 16:24:43 - mmengine - INFO - paramwise_options -- backbone.backbone.blocks.3.mlp.fc1.weight:weight_decay=0.01
2026/08/04 16:24:43 - mmengine - INFO - paramwise_options -- backbone.backbone.blocks.3.mlp.fc1.weight:lr_mult=0.1
2026/08/04 16:24:43 - mmengine - INFO - paramwise_options -- backbone.backbone.blocks.3.mlp.fc1.bias:lr=0.0001
2026/08/04 16:24:43 - mmengine - INFO - paramwise_options -- backbone.backbone.blocks.3.mlp.fc1.bias:weight_decay=0.01
2026/08/04 16:24:43 - mmengine - INFO - paramwise_options -- backbone.backbone.blocks.3.mlp.fc1.bias:lr_mult=0.1
2026/08/04 16:24:43 - mmengine - INFO - paramwise_options -- backbone.backbone.blocks.3.mlp.fc2.weight:lr=0.0001
2026/08/04 16:24:43 - mmengine - INFO - paramwise_options -- backbone.backbone.blocks.3.mlp.fc2.weight:weight_decay=0.01
2026/08/04 16:24:43 - mmengine - INFO - paramwise_options -- backbone.backbone.blocks.3.mlp.fc2.weight:lr_mult=0.1
2026/08/04 16:24:43 - mmengine - INFO - paramwise_options -- backbone.backbone.blocks.3.mlp.fc2.bias:lr=0.0001
2026/08/04 16:24:43 - mmengine - INFO - paramwise_options -- backbone.backbone.blocks.3.mlp.fc2.bias:weight_decay=0.01
2026/08/04 16:24:43 - mmengine - INFO - paramwise_options -- backbone.backbone.blocks.3.mlp.fc2.bias:lr_mult=0.1
2026/08/04 16:24:43 - mmengine - INFO - paramwise_options -- backbone.backbone.blocks.3.ls2.gamma:lr=0.0001
2026/08/04 16:24:43 - mmengine - INFO - paramwise_options -- backbone.backbone.blocks.3.ls2.gamma:weight_decay=0.01
2026/08/04 16:24:43 - mmengine - INFO - paramwise_options -- backbone.backbone.blocks.3.ls2.gamma:lr_mult=0.1
2026/08/04 16:24:43 - mmengine - INFO - paramwise_options -- backbone.backbone.blocks.4.norm1.weight:lr=0.0001
2026/08/04 16:24:43 - mmengine - INFO - paramwise_options -- backbone.backbone.blocks.4.norm1.weight:weight_decay=0.01
2026/08/04 16:24:43 - mmengine - INFO - paramwise_options -- backbone.backbone.blocks.4.norm1.weight:lr_mult=0.1
2026/08/04 16:24:43 - mmengine - INFO - paramwise_options -- backbone.backbone.blocks.4.norm1.bias:lr=0.0001
2026/08/04 16:24:43 - mmengine - INFO - paramwise_options -- backbone.backbone.blocks.4.norm1.bias:weight_decay=0.01
2026/08/04 16:24:43 - mmengine - INFO - paramwise_options -- backbone.backbone.blocks.4.norm1.bias:lr_mult=0.1
2026/08/04 16:24:43 - mmengine - INFO - paramwise_options -- backbone.backbone.blocks.4.attn.qkv.weight:lr=0.0001
2026/08/04 16:24:43 - mmengine - INFO - paramwise_options -- backbone.backbone.blocks.4.attn.qkv.weight:weight_decay=0.01
2026/08/04 16:24:43 - mmengine - INFO - paramwise_options -- backbone.backbone.blocks.4.attn.qkv.weight:lr_mult=0.1
2026/08/04 16:24:43 - mmengine - INFO - paramwise_options -- backbone.backbone.blocks.4.attn.qkv.bias:lr=0.0001
2026/08/04 16:24:43 - mmengine - INFO - paramwise_options -- backbone.backbone.blocks.4.attn.qkv.bias:weight_decay=0.01
2026/08/04 16:24:43 - mmengine - INFO - paramwise_options -- backbone.backbone.blocks.4.attn.qkv.bias:lr_mult=0.1
2026/08/04 16:24:43 - mmengine - INFO - paramwise_options -- backbone.backbone.blocks.4.attn.proj.weight:lr=0.0001
2026/08/04 16:24:43 - mmengine - INFO - paramwise_options -- backbone.backbone.blocks.4.attn.proj.weight:weight_decay=0.01
2026/08/04 16:24:43 - mmengine - INFO - paramwise_options -- backbone.backbone.blocks.4.attn.proj.weight:lr_mult=0.1
2026/08/04 16:24:43 - mmengine - INFO - paramwise_options -- backbone.backbone.blocks.4.attn.proj.bias:lr=0.0001
2026/08/04 16:24:43 - mmengine - INFO - paramwise_options -- backbone.backbone.blocks.4.attn.proj.bias:weight_decay=0.01
2026/08/04 16:24:43 - mmengine - INFO - paramwise_options -- backbone.backbone.blocks.4.attn.proj.bias:lr_mult=0.1
2026/08/04 16:24:43 - mmengine - INFO - paramwise_options -- backbone.backbone.blocks.4.ls1.gamma:lr=0.0001
2026/08/04 16:24:43 - mmengine - INFO - paramwise_options -- backbone.backbone.blocks.4.ls1.gamma:weight_decay=0.01
2026/08/04 16:24:43 - mmengine - INFO - paramwise_options -- backbone.backbone.blocks.4.ls1.gamma:lr_mult=0.1
2026/08/04 16:24:43 - mmengine - INFO - paramwise_options -- backbone.backbone.blocks.4.norm2.weight:lr=0.0001
2026/08/04 16:24:43 - mmengine - INFO - paramwise_options -- backbone.backbone.blocks.4.norm2.weight:weight_decay=0.01
2026/08/04 16:24:43 - mmengine - INFO - paramwise_options -- backbone.backbone.blocks.4.norm2.weight:lr_mult=0.1
2026/08/04 16:24:43 - mmengine - INFO - paramwise_options -- backbone.backbone.blocks.4.norm2.bias:lr=0.0001
2026/08/04 16:24:43 - mmengine - INFO - paramwise_options -- backbone.backbone.blocks.4.norm2.bias:weight_decay=0.01
2026/08/04 16:24:43 - mmengine - INFO - paramwise_options -- backbone.backbone.blocks.4.norm2.bias:lr_mult=0.1
2026/08/04 16:24:43 - mmengine - INFO - paramwise_options -- backbone.backbone.blocks.4.mlp.fc1.weight:lr=0.0001
2026/08/04 16:24:43 - mmengine - INFO - paramwise_options -- backbone.backbone.blocks.4.mlp.fc1.weight:weight_decay=0.01
2026/08/04 16:24:43 - mmengine - INFO - paramwise_options -- backbone.backbone.blocks.4.mlp.fc1.weight:lr_mult=0.1
2026/08/04 16:24:43 - mmengine - INFO - paramwise_options -- backbone.backbone.blocks.4.mlp.fc1.bias:lr=0.0001
2026/08/04 16:24:43 - mmengine - INFO - paramwise_options -- backbone.backbone.blocks.4.mlp.fc1.bias:weight_decay=0.01
2026/08/04 16:24:43 - mmengine - INFO - paramwise_options -- backbone.backbone.blocks.4.mlp.fc1.bias:lr_mult=0.1
2026/08/04 16:24:43 - mmengine - INFO - paramwise_options -- backbone.backbone.blocks.4.mlp.fc2.weight:lr=0.0001
2026/08/04 16:24:43 - mmengine - INFO - paramwise_options -- backbone.backbone.blocks.4.mlp.fc2.weight:weight_decay=0.01
2026/08/04 16:24:43 - mmengine - INFO - paramwise_options -- backbone.backbone.blocks.4.mlp.fc2.weight:lr_mult=0.1
2026/08/04 16:24:43 - mmengine - INFO - paramwise_options -- backbone.backbone.blocks.4.mlp.fc2.bias:lr=0.0001
2026/08/04 16:24:43 - mmengine - INFO - paramwise_options -- backbone.backbone.blocks.4.mlp.fc2.bias:weight_decay=0.01
2026/08/04 16:24:43 - mmengine - INFO - paramwise_options -- backbone.backbone.blocks.4.mlp.fc2.bias:lr_mult=0.1
2026/08/04 16:24:43 - mmengine - INFO - paramwise_options -- backbone.backbone.blocks.4.ls2.gamma:lr=0.0001
2026/08/04 16:24:43 - mmengine - INFO - paramwise_options -- backbone.backbone.blocks.4.ls2.gamma:weight_decay=0.01
2026/08/04 16:24:43 - mmengine - INFO - paramwise_options -- backbone.backbone.blocks.4.ls2.gamma:lr_mult=0.1
2026/08/04 16:24:43 - mmengine - INFO - paramwise_options -- backbone.backbone.blocks.5.norm1.weight:lr=0.0001
2026/08/04 16:24:43 - mmengine - INFO - paramwise_options -- backbone.backbone.blocks.5.norm1.weight:weight_decay=0.01
2026/08/04 16:24:43 - mmengine - INFO - paramwise_options -- backbone.backbone.blocks.5.norm1.weight:lr_mult=0.1
2026/08/04 16:24:43 - mmengine - INFO - paramwise_options -- backbone.backbone.blocks.5.norm1.bias:lr=0.0001
2026/08/04 16:24:43 - mmengine - INFO - paramwise_options -- backbone.backbone.blocks.5.norm1.bias:weight_decay=0.01
2026/08/04 16:24:43 - mmengine - INFO - paramwise_options -- backbone.backbone.blocks.5.norm1.bias:lr_mult=0.1
2026/08/04 16:24:43 - mmengine - INFO - paramwise_options -- backbone.backbone.blocks.5.attn.qkv.weight:lr=0.0001
2026/08/04 16:24:43 - mmengine - INFO - paramwise_options -- backbone.backbone.blocks.5.attn.qkv.weight:weight_decay=0.01
2026/08/04 16:24:43 - mmengine - INFO - paramwise_options -- backbone.backbone.blocks.5.attn.qkv.weight:lr_mult=0.1
2026/08/04 16:24:43 - mmengine - INFO - paramwise_options -- backbone.backbone.blocks.5.attn.qkv.bias:lr=0.0001
2026/08/04 16:24:43 - mmengine - INFO - paramwise_options -- backbone.backbone.blocks.5.attn.qkv.bias:weight_decay=0.01
2026/08/04 16:24:43 - mmengine - INFO - paramwise_options -- backbone.backbone.blocks.5.attn.qkv.bias:lr_mult=0.1
2026/08/04 16:24:43 - mmengine - INFO - paramwise_options -- backbone.backbone.blocks.5.attn.proj.weight:lr=0.0001
2026/08/04 16:24:43 - mmengine - INFO - paramwise_options -- backbone.backbone.blocks.5.attn.proj.weight:weight_decay=0.01
2026/08/04 16:24:43 - mmengine - INFO - paramwise_options -- backbone.backbone.blocks.5.attn.proj.weight:lr_mult=0.1
2026/08/04 16:24:43 - mmengine - INFO - paramwise_options -- backbone.backbone.blocks.5.attn.proj.bias:lr=0.0001
2026/08/04 16:24:43 - mmengine - INFO - paramwise_options -- backbone.backbone.blocks.5.attn.proj.bias:weight_decay=0.01
2026/08/04 16:24:43 - mmengine - INFO - paramwise_options -- backbone.backbone.blocks.5.attn.proj.bias:lr_mult=0.1
2026/08/04 16:24:43 - mmengine - INFO - paramwise_options -- backbone.backbone.blocks.5.ls1.gamma:lr=0.0001
2026/08/04 16:24:43 - mmengine - INFO - paramwise_options -- backbone.backbone.blocks.5.ls1.gamma:weight_decay=0.01
2026/08/04 16:24:43 - mmengine - INFO - paramwise_options -- backbone.backbone.blocks.5.ls1.gamma:lr_mult=0.1
2026/08/04 16:24:43 - mmengine - INFO - paramwise_options -- backbone.backbone.blocks.5.norm2.weight:lr=0.0001
2026/08/04 16:24:43 - mmengine - INFO - paramwise_options -- backbone.backbone.blocks.5.norm2.weight:weight_decay=0.01
2026/08/04 16:24:43 - mmengine - INFO - paramwise_options -- backbone.backbone.blocks.5.norm2.weight:lr_mult=0.1
2026/08/04 16:24:43 - mmengine - INFO - paramwise_options -- backbone.backbone.blocks.5.norm2.bias:lr=0.0001
2026/08/04 16:24:43 - mmengine - INFO - paramwise_options -- backbone.backbone.blocks.5.norm2.bias:weight_decay=0.01
2026/08/04 16:24:43 - mmengine - INFO - paramwise_options -- backbone.backbone.blocks.5.norm2.bias:lr_mult=0.1
2026/08/04 16:24:43 - mmengine - INFO - paramwise_options -- backbone.backbone.blocks.5.mlp.fc1.weight:lr=0.0001
2026/08/04 16:24:43 - mmengine - INFO - paramwise_options -- backbone.backbone.blocks.5.mlp.fc1.weight:weight_decay=0.01
2026/08/04 16:24:43 - mmengine - INFO - paramwise_options -- backbone.backbone.blocks.5.mlp.fc1.weight:lr_mult=0.1
2026/08/04 16:24:43 - mmengine - INFO - paramwise_options -- backbone.backbone.blocks.5.mlp.fc1.bias:lr=0.0001
2026/08/04 16:24:43 - mmengine - INFO - paramwise_options -- backbone.backbone.blocks.5.mlp.fc1.bias:weight_decay=0.01
2026/08/04 16:24:43 - mmengine - INFO - paramwise_options -- backbone.backbone.blocks.5.mlp.fc1.bias:lr_mult=0.1
2026/08/04 16:24:43 - mmengine - INFO - paramwise_options -- backbone.backbone.blocks.5.mlp.fc2.weight:lr=0.0001
2026/08/04 16:24:43 - mmengine - INFO - paramwise_options -- backbone.backbone.blocks.5.mlp.fc2.weight:weight_decay=0.01
2026/08/04 16:24:43 - mmengine - INFO - paramwise_options -- backbone.backbone.blocks.5.mlp.fc2.weight:lr_mult=0.1
2026/08/04 16:24:43 - mmengine - INFO - paramwise_options -- backbone.backbone.blocks.5.mlp.fc2.bias:lr=0.0001
2026/08/04 16:24:43 - mmengine - INFO - paramwise_options -- backbone.backbone.blocks.5.mlp.fc2.bias:weight_decay=0.01
2026/08/04 16:24:43 - mmengine - INFO - paramwise_options -- backbone.backbone.blocks.5.mlp.fc2.bias:lr_mult=0.1
2026/08/04 16:24:43 - mmengine - INFO - paramwise_options -- backbone.backbone.blocks.5.ls2.gamma:lr=0.0001
2026/08/04 16:24:43 - mmengine - INFO - paramwise_options -- backbone.backbone.blocks.5.ls2.gamma:weight_decay=0.01
2026/08/04 16:24:43 - mmengine - INFO - paramwise_options -- backbone.backbone.blocks.5.ls2.gamma:lr_mult=0.1
2026/08/04 16:24:43 - mmengine - INFO - paramwise_options -- backbone.backbone.blocks.6.norm1.weight:lr=0.0001
2026/08/04 16:24:43 - mmengine - INFO - paramwise_options -- backbone.backbone.blocks.6.norm1.weight:weight_decay=0.01
2026/08/04 16:24:43 - mmengine - INFO - paramwise_options -- backbone.backbone.blocks.6.norm1.weight:lr_mult=0.1
2026/08/04 16:24:43 - mmengine - INFO - paramwise_options -- backbone.backbone.blocks.6.norm1.bias:lr=0.0001
2026/08/04 16:24:43 - mmengine - INFO - paramwise_options -- backbone.backbone.blocks.6.norm1.bias:weight_decay=0.01
2026/08/04 16:24:43 - mmengine - INFO - paramwise_options -- backbone.backbone.blocks.6.norm1.bias:lr_mult=0.1
2026/08/04 16:24:43 - mmengine - INFO - paramwise_options -- backbone.backbone.blocks.6.attn.qkv.weight:lr=0.0001
2026/08/04 16:24:43 - mmengine - INFO - paramwise_options -- backbone.backbone.blocks.6.attn.qkv.weight:weight_decay=0.01
2026/08/04 16:24:43 - mmengine - INFO - paramwise_options -- backbone.backbone.blocks.6.attn.qkv.weight:lr_mult=0.1
2026/08/04 16:24:43 - mmengine - INFO - paramwise_options -- backbone.backbone.blocks.6.attn.qkv.bias:lr=0.0001
2026/08/04 16:24:43 - mmengine - INFO - paramwise_options -- backbone.backbone.blocks.6.attn.qkv.bias:weight_decay=0.01
2026/08/04 16:24:43 - mmengine - INFO - paramwise_options -- backbone.backbone.blocks.6.attn.qkv.bias:lr_mult=0.1
2026/08/04 16:24:43 - mmengine - INFO - paramwise_options -- backbone.backbone.blocks.6.attn.proj.weight:lr=0.0001
2026/08/04 16:24:43 - mmengine - INFO - paramwise_options -- backbone.backbone.blocks.6.attn.proj.weight:weight_decay=0.01
2026/08/04 16:24:43 - mmengine - INFO - paramwise_options -- backbone.backbone.blocks.6.attn.proj.weight:lr_mult=0.1
2026/08/04 16:24:43 - mmengine - INFO - paramwise_options -- backbone.backbone.blocks.6.attn.proj.bias:lr=0.0001
2026/08/04 16:24:43 - mmengine - INFO - paramwise_options -- backbone.backbone.blocks.6.attn.proj.bias:weight_decay=0.01
2026/08/04 16:24:43 - mmengine - INFO - paramwise_options -- backbone.backbone.blocks.6.attn.proj.bias:lr_mult=0.1
2026/08/04 16:24:43 - mmengine - INFO - paramwise_options -- backbone.backbone.blocks.6.ls1.gamma:lr=0.0001
2026/08/04 16:24:43 - mmengine - INFO - paramwise_options -- backbone.backbone.blocks.6.ls1.gamma:weight_decay=0.01
2026/08/04 16:24:43 - mmengine - INFO - paramwise_options -- backbone.backbone.blocks.6.ls1.gamma:lr_mult=0.1
2026/08/04 16:24:43 - mmengine - INFO - paramwise_options -- backbone.backbone.blocks.6.norm2.weight:lr=0.0001
2026/08/04 16:24:43 - mmengine - INFO - paramwise_options -- backbone.backbone.blocks.6.norm2.weight:weight_decay=0.01
2026/08/04 16:24:43 - mmengine - INFO - paramwise_options -- backbone.backbone.blocks.6.norm2.weight:lr_mult=0.1
2026/08/04 16:24:43 - mmengine - INFO - paramwise_options -- backbone.backbone.blocks.6.norm2.bias:lr=0.0001
2026/08/04 16:24:43 - mmengine - INFO - paramwise_options -- backbone.backbone.blocks.6.norm2.bias:weight_decay=0.01
2026/08/04 16:24:43 - mmengine - INFO - paramwise_options -- backbone.backbone.blocks.6.norm2.bias:lr_mult=0.1
2026/08/04 16:24:43 - mmengine - INFO - paramwise_options -- backbone.backbone.blocks.6.mlp.fc1.weight:lr=0.0001
2026/08/04 16:24:43 - mmengine - INFO - paramwise_options -- backbone.backbone.blocks.6.mlp.fc1.weight:weight_decay=0.01
2026/08/04 16:24:43 - mmengine - INFO - paramwise_options -- backbone.backbone.blocks.6.mlp.fc1.weight:lr_mult=0.1
2026/08/04 16:24:43 - mmengine - INFO - paramwise_options -- backbone.backbone.blocks.6.mlp.fc1.bias:lr=0.0001
2026/08/04 16:24:43 - mmengine - INFO - paramwise_options -- backbone.backbone.blocks.6.mlp.fc1.bias:weight_decay=0.01
2026/08/04 16:24:43 - mmengine - INFO - paramwise_options -- backbone.backbone.blocks.6.mlp.fc1.bias:lr_mult=0.1
2026/08/04 16:24:43 - mmengine - INFO - paramwise_options -- backbone.backbone.blocks.6.mlp.fc2.weight:lr=0.0001
2026/08/04 16:24:43 - mmengine - INFO - paramwise_options -- backbone.backbone.blocks.6.mlp.fc2.weight:weight_decay=0.01
2026/08/04 16:24:43 - mmengine - INFO - paramwise_options -- backbone.backbone.blocks.6.mlp.fc2.weight:lr_mult=0.1
2026/08/04 16:24:43 - mmengine - INFO - paramwise_options -- backbone.backbone.blocks.6.mlp.fc2.bias:lr=0.0001
2026/08/04 16:24:43 - mmengine - INFO - paramwise_options -- backbone.backbone.blocks.6.mlp.fc2.bias:weight_decay=0.01
2026/08/04 16:24:43 - mmengine - INFO - paramwise_options -- backbone.backbone.blocks.6.mlp.fc2.bias:lr_mult=0.1
2026/08/04 16:24:43 - mmengine - INFO - paramwise_options -- backbone.backbone.blocks.6.ls2.gamma:lr=0.0001
2026/08/04 16:24:43 - mmengine - INFO - paramwise_options -- backbone.backbone.blocks.6.ls2.gamma:weight_decay=0.01
2026/08/04 16:24:43 - mmengine - INFO - paramwise_options -- backbone.backbone.blocks.6.ls2.gamma:lr_mult=0.1
2026/08/04 16:24:43 - mmengine - INFO - paramwise_options -- backbone.backbone.blocks.7.norm1.weight:lr=0.0001
2026/08/04 16:24:43 - mmengine - INFO - paramwise_options -- backbone.backbone.blocks.7.norm1.weight:weight_decay=0.01
2026/08/04 16:24:43 - mmengine - INFO - paramwise_options -- backbone.backbone.blocks.7.norm1.weight:lr_mult=0.1
2026/08/04 16:24:43 - mmengine - INFO - paramwise_options -- backbone.backbone.blocks.7.norm1.bias:lr=0.0001
2026/08/04 16:24:43 - mmengine - INFO - paramwise_options -- backbone.backbone.blocks.7.norm1.bias:weight_decay=0.01
2026/08/04 16:24:43 - mmengine - INFO - paramwise_options -- backbone.backbone.blocks.7.norm1.bias:lr_mult=0.1
2026/08/04 16:24:43 - mmengine - INFO - paramwise_options -- backbone.backbone.blocks.7.attn.qkv.weight:lr=0.0001
2026/08/04 16:24:43 - mmengine - INFO - paramwise_options -- backbone.backbone.blocks.7.attn.qkv.weight:weight_decay=0.01
2026/08/04 16:24:43 - mmengine - INFO - paramwise_options -- backbone.backbone.blocks.7.attn.qkv.weight:lr_mult=0.1
2026/08/04 16:24:43 - mmengine - INFO - paramwise_options -- backbone.backbone.blocks.7.attn.qkv.bias:lr=0.0001
2026/08/04 16:24:43 - mmengine - INFO - paramwise_options -- backbone.backbone.blocks.7.attn.qkv.bias:weight_decay=0.01
2026/08/04 16:24:43 - mmengine - INFO - paramwise_options -- backbone.backbone.blocks.7.attn.qkv.bias:lr_mult=0.1
2026/08/04 16:24:43 - mmengine - INFO - paramwise_options -- backbone.backbone.blocks.7.attn.proj.weight:lr=0.0001
2026/08/04 16:24:43 - mmengine - INFO - paramwise_options -- backbone.backbone.blocks.7.attn.proj.weight:weight_decay=0.01
2026/08/04 16:24:43 - mmengine - INFO - paramwise_options -- backbone.backbone.blocks.7.attn.proj.weight:lr_mult=0.1
2026/08/04 16:24:43 - mmengine - INFO - paramwise_options -- backbone.backbone.blocks.7.attn.proj.bias:lr=0.0001
2026/08/04 16:24:43 - mmengine - INFO - paramwise_options -- backbone.backbone.blocks.7.attn.proj.bias:weight_decay=0.01
2026/08/04 16:24:43 - mmengine - INFO - paramwise_options -- backbone.backbone.blocks.7.attn.proj.bias:lr_mult=0.1
2026/08/04 16:24:43 - mmengine - INFO - paramwise_options -- backbone.backbone.blocks.7.ls1.gamma:lr=0.0001
2026/08/04 16:24:43 - mmengine - INFO - paramwise_options -- backbone.backbone.blocks.7.ls1.gamma:weight_decay=0.01
2026/08/04 16:24:43 - mmengine - INFO - paramwise_options -- backbone.backbone.blocks.7.ls1.gamma:lr_mult=0.1
2026/08/04 16:24:43 - mmengine - INFO - paramwise_options -- backbone.backbone.blocks.7.norm2.weight:lr=0.0001
2026/08/04 16:24:43 - mmengine - INFO - paramwise_options -- backbone.backbone.blocks.7.norm2.weight:weight_decay=0.01
2026/08/04 16:24:43 - mmengine - INFO - paramwise_options -- backbone.backbone.blocks.7.norm2.weight:lr_mult=0.1
2026/08/04 16:24:43 - mmengine - INFO - paramwise_options -- backbone.backbone.blocks.7.norm2.bias:lr=0.0001
2026/08/04 16:24:43 - mmengine - INFO - paramwise_options -- backbone.backbone.blocks.7.norm2.bias:weight_decay=0.01
2026/08/04 16:24:43 - mmengine - INFO - paramwise_options -- backbone.backbone.blocks.7.norm2.bias:lr_mult=0.1
2026/08/04 16:24:43 - mmengine - INFO - paramwise_options -- backbone.backbone.blocks.7.mlp.fc1.weight:lr=0.0001
2026/08/04 16:24:43 - mmengine - INFO - paramwise_options -- backbone.backbone.blocks.7.mlp.fc1.weight:weight_decay=0.01
2026/08/04 16:24:43 - mmengine - INFO - paramwise_options -- backbone.backbone.blocks.7.mlp.fc1.weight:lr_mult=0.1
2026/08/04 16:24:43 - mmengine - INFO - paramwise_options -- backbone.backbone.blocks.7.mlp.fc1.bias:lr=0.0001
2026/08/04 16:24:43 - mmengine - INFO - paramwise_options -- backbone.backbone.blocks.7.mlp.fc1.bias:weight_decay=0.01
2026/08/04 16:24:43 - mmengine - INFO - paramwise_options -- backbone.backbone.blocks.7.mlp.fc1.bias:lr_mult=0.1
2026/08/04 16:24:43 - mmengine - INFO - paramwise_options -- backbone.backbone.blocks.7.mlp.fc2.weight:lr=0.0001
2026/08/04 16:24:43 - mmengine - INFO - paramwise_options -- backbone.backbone.blocks.7.mlp.fc2.weight:weight_decay=0.01
2026/08/04 16:24:43 - mmengine - INFO - paramwise_options -- backbone.backbone.blocks.7.mlp.fc2.weight:lr_mult=0.1
2026/08/04 16:24:43 - mmengine - INFO - paramwise_options -- backbone.backbone.blocks.7.mlp.fc2.bias:lr=0.0001
2026/08/04 16:24:43 - mmengine - INFO - paramwise_options -- backbone.backbone.blocks.7.mlp.fc2.bias:weight_decay=0.01
2026/08/04 16:24:43 - mmengine - INFO - paramwise_options -- backbone.backbone.blocks.7.mlp.fc2.bias:lr_mult=0.1
2026/08/04 16:24:43 - mmengine - INFO - paramwise_options -- backbone.backbone.blocks.7.ls2.gamma:lr=0.0001
2026/08/04 16:24:43 - mmengine - INFO - paramwise_options -- backbone.backbone.blocks.7.ls2.gamma:weight_decay=0.01
2026/08/04 16:24:43 - mmengine - INFO - paramwise_options -- backbone.backbone.blocks.7.ls2.gamma:lr_mult=0.1
2026/08/04 16:24:43 - mmengine - INFO - paramwise_options -- backbone.backbone.blocks.8.norm1.weight:lr=0.0001
2026/08/04 16:24:43 - mmengine - INFO - paramwise_options -- backbone.backbone.blocks.8.norm1.weight:weight_decay=0.01
2026/08/04 16:24:43 - mmengine - INFO - paramwise_options -- backbone.backbone.blocks.8.norm1.weight:lr_mult=0.1
2026/08/04 16:24:43 - mmengine - INFO - paramwise_options -- backbone.backbone.blocks.8.norm1.bias:lr=0.0001
2026/08/04 16:24:43 - mmengine - INFO - paramwise_options -- backbone.backbone.blocks.8.norm1.bias:weight_decay=0.01
2026/08/04 16:24:43 - mmengine - INFO - paramwise_options -- backbone.backbone.blocks.8.norm1.bias:lr_mult=0.1
2026/08/04 16:24:43 - mmengine - INFO - paramwise_options -- backbone.backbone.blocks.8.attn.qkv.weight:lr=0.0001
2026/08/04 16:24:43 - mmengine - INFO - paramwise_options -- backbone.backbone.blocks.8.attn.qkv.weight:weight_decay=0.01
2026/08/04 16:24:43 - mmengine - INFO - paramwise_options -- backbone.backbone.blocks.8.attn.qkv.weight:lr_mult=0.1
2026/08/04 16:24:43 - mmengine - INFO - paramwise_options -- backbone.backbone.blocks.8.attn.qkv.bias:lr=0.0001
2026/08/04 16:24:43 - mmengine - INFO - paramwise_options -- backbone.backbone.blocks.8.attn.qkv.bias:weight_decay=0.01
2026/08/04 16:24:43 - mmengine - INFO - paramwise_options -- backbone.backbone.blocks.8.attn.qkv.bias:lr_mult=0.1
2026/08/04 16:24:43 - mmengine - INFO - paramwise_options -- backbone.backbone.blocks.8.attn.proj.weight:lr=0.0001
2026/08/04 16:24:43 - mmengine - INFO - paramwise_options -- backbone.backbone.blocks.8.attn.proj.weight:weight_decay=0.01
2026/08/04 16:24:43 - mmengine - INFO - paramwise_options -- backbone.backbone.blocks.8.attn.proj.weight:lr_mult=0.1
2026/08/04 16:24:43 - mmengine - INFO - paramwise_options -- backbone.backbone.blocks.8.attn.proj.bias:lr=0.0001
2026/08/04 16:24:43 - mmengine - INFO - paramwise_options -- backbone.backbone.blocks.8.attn.proj.bias:weight_decay=0.01
2026/08/04 16:24:43 - mmengine - INFO - paramwise_options -- backbone.backbone.blocks.8.attn.proj.bias:lr_mult=0.1
2026/08/04 16:24:43 - mmengine - INFO - paramwise_options -- backbone.backbone.blocks.8.ls1.gamma:lr=0.0001
2026/08/04 16:24:43 - mmengine - INFO - paramwise_options -- backbone.backbone.blocks.8.ls1.gamma:weight_decay=0.01
2026/08/04 16:24:43 - mmengine - INFO - paramwise_options -- backbone.backbone.blocks.8.ls1.gamma:lr_mult=0.1
2026/08/04 16:24:43 - mmengine - INFO - paramwise_options -- backbone.backbone.blocks.8.norm2.weight:lr=0.0001
2026/08/04 16:24:43 - mmengine - INFO - paramwise_options -- backbone.backbone.blocks.8.norm2.weight:weight_decay=0.01
2026/08/04 16:24:43 - mmengine - INFO - paramwise_options -- backbone.backbone.blocks.8.norm2.weight:lr_mult=0.1
2026/08/04 16:24:43 - mmengine - INFO - paramwise_options -- backbone.backbone.blocks.8.norm2.bias:lr=0.0001
2026/08/04 16:24:43 - mmengine - INFO - paramwise_options -- backbone.backbone.blocks.8.norm2.bias:weight_decay=0.01
2026/08/04 16:24:43 - mmengine - INFO - paramwise_options -- backbone.backbone.blocks.8.norm2.bias:lr_mult=0.1
2026/08/04 16:24:43 - mmengine - INFO - paramwise_options -- backbone.backbone.blocks.8.mlp.fc1.weight:lr=0.0001
2026/08/04 16:24:43 - mmengine - INFO - paramwise_options -- backbone.backbone.blocks.8.mlp.fc1.weight:weight_decay=0.01
2026/08/04 16:24:43 - mmengine - INFO - paramwise_options -- backbone.backbone.blocks.8.mlp.fc1.weight:lr_mult=0.1
2026/08/04 16:24:43 - mmengine - INFO - paramwise_options -- backbone.backbone.blocks.8.mlp.fc1.bias:lr=0.0001
2026/08/04 16:24:43 - mmengine - INFO - paramwise_options -- backbone.backbone.blocks.8.mlp.fc1.bias:weight_decay=0.01
2026/08/04 16:24:43 - mmengine - INFO - paramwise_options -- backbone.backbone.blocks.8.mlp.fc1.bias:lr_mult=0.1
2026/08/04 16:24:43 - mmengine - INFO - paramwise_options -- backbone.backbone.blocks.8.mlp.fc2.weight:lr=0.0001
2026/08/04 16:24:43 - mmengine - INFO - paramwise_options -- backbone.backbone.blocks.8.mlp.fc2.weight:weight_decay=0.01
2026/08/04 16:24:43 - mmengine - INFO - paramwise_options -- backbone.backbone.blocks.8.mlp.fc2.weight:lr_mult=0.1
2026/08/04 16:24:43 - mmengine - INFO - paramwise_options -- backbone.backbone.blocks.8.mlp.fc2.bias:lr=0.0001
2026/08/04 16:24:43 - mmengine - INFO - paramwise_options -- backbone.backbone.blocks.8.mlp.fc2.bias:weight_decay=0.01
2026/08/04 16:24:43 - mmengine - INFO - paramwise_options -- backbone.backbone.blocks.8.mlp.fc2.bias:lr_mult=0.1
2026/08/04 16:24:43 - mmengine - INFO - paramwise_options -- backbone.backbone.blocks.8.ls2.gamma:lr=0.0001
2026/08/04 16:24:43 - mmengine - INFO - paramwise_options -- backbone.backbone.blocks.8.ls2.gamma:weight_decay=0.01
2026/08/04 16:24:43 - mmengine - INFO - paramwise_options -- backbone.backbone.blocks.8.ls2.gamma:lr_mult=0.1
2026/08/04 16:24:43 - mmengine - INFO - paramwise_options -- backbone.backbone.blocks.9.norm1.weight:lr=0.0001
2026/08/04 16:24:43 - mmengine - INFO - paramwise_options -- backbone.backbone.blocks.9.norm1.weight:weight_decay=0.01
2026/08/04 16:24:43 - mmengine - INFO - paramwise_options -- backbone.backbone.blocks.9.norm1.weight:lr_mult=0.1
2026/08/04 16:24:43 - mmengine - INFO - paramwise_options -- backbone.backbone.blocks.9.norm1.bias:lr=0.0001
2026/08/04 16:24:43 - mmengine - INFO - paramwise_options -- backbone.backbone.blocks.9.norm1.bias:weight_decay=0.01
2026/08/04 16:24:43 - mmengine - INFO - paramwise_options -- backbone.backbone.blocks.9.norm1.bias:lr_mult=0.1
2026/08/04 16:24:43 - mmengine - INFO - paramwise_options -- backbone.backbone.blocks.9.attn.qkv.weight:lr=0.0001
2026/08/04 16:24:43 - mmengine - INFO - paramwise_options -- backbone.backbone.blocks.9.attn.qkv.weight:weight_decay=0.01
2026/08/04 16:24:43 - mmengine - INFO - paramwise_options -- backbone.backbone.blocks.9.attn.qkv.weight:lr_mult=0.1
2026/08/04 16:24:43 - mmengine - INFO - paramwise_options -- backbone.backbone.blocks.9.attn.qkv.bias:lr=0.0001
2026/08/04 16:24:43 - mmengine - INFO - paramwise_options -- backbone.backbone.blocks.9.attn.qkv.bias:weight_decay=0.01
2026/08/04 16:24:43 - mmengine - INFO - paramwise_options -- backbone.backbone.blocks.9.attn.qkv.bias:lr_mult=0.1
2026/08/04 16:24:43 - mmengine - INFO - paramwise_options -- backbone.backbone.blocks.9.attn.proj.weight:lr=0.0001
2026/08/04 16:24:43 - mmengine - INFO - paramwise_options -- backbone.backbone.blocks.9.attn.proj.weight:weight_decay=0.01
2026/08/04 16:24:43 - mmengine - INFO - paramwise_options -- backbone.backbone.blocks.9.attn.proj.weight:lr_mult=0.1
2026/08/04 16:24:43 - mmengine - INFO - paramwise_options -- backbone.backbone.blocks.9.attn.proj.bias:lr=0.0001
2026/08/04 16:24:43 - mmengine - INFO - paramwise_options -- backbone.backbone.blocks.9.attn.proj.bias:weight_decay=0.01
2026/08/04 16:24:43 - mmengine - INFO - paramwise_options -- backbone.backbone.blocks.9.attn.proj.bias:lr_mult=0.1
2026/08/04 16:24:43 - mmengine - INFO - paramwise_options -- backbone.backbone.blocks.9.ls1.gamma:lr=0.0001
2026/08/04 16:24:43 - mmengine - INFO - paramwise_options -- backbone.backbone.blocks.9.ls1.gamma:weight_decay=0.01
2026/08/04 16:24:43 - mmengine - INFO - paramwise_options -- backbone.backbone.blocks.9.ls1.gamma:lr_mult=0.1
2026/08/04 16:24:43 - mmengine - INFO - paramwise_options -- backbone.backbone.blocks.9.norm2.weight:lr=0.0001
2026/08/04 16:24:43 - mmengine - INFO - paramwise_options -- backbone.backbone.blocks.9.norm2.weight:weight_decay=0.01
2026/08/04 16:24:43 - mmengine - INFO - paramwise_options -- backbone.backbone.blocks.9.norm2.weight:lr_mult=0.1
2026/08/04 16:24:43 - mmengine - INFO - paramwise_options -- backbone.backbone.blocks.9.norm2.bias:lr=0.0001
2026/08/04 16:24:43 - mmengine - INFO - paramwise_options -- backbone.backbone.blocks.9.norm2.bias:weight_decay=0.01
2026/08/04 16:24:43 - mmengine - INFO - paramwise_options -- backbone.backbone.blocks.9.norm2.bias:lr_mult=0.1
2026/08/04 16:24:43 - mmengine - INFO - paramwise_options -- backbone.backbone.blocks.9.mlp.fc1.weight:lr=0.0001
2026/08/04 16:24:43 - mmengine - INFO - paramwise_options -- backbone.backbone.blocks.9.mlp.fc1.weight:weight_decay=0.01
2026/08/04 16:24:43 - mmengine - INFO - paramwise_options -- backbone.backbone.blocks.9.mlp.fc1.weight:lr_mult=0.1
2026/08/04 16:24:43 - mmengine - INFO - paramwise_options -- backbone.backbone.blocks.9.mlp.fc1.bias:lr=0.0001
2026/08/04 16:24:43 - mmengine - INFO - paramwise_options -- backbone.backbone.blocks.9.mlp.fc1.bias:weight_decay=0.01
2026/08/04 16:24:43 - mmengine - INFO - paramwise_options -- backbone.backbone.blocks.9.mlp.fc1.bias:lr_mult=0.1
2026/08/04 16:24:43 - mmengine - INFO - paramwise_options -- backbone.backbone.blocks.9.mlp.fc2.weight:lr=0.0001
2026/08/04 16:24:43 - mmengine - INFO - paramwise_options -- backbone.backbone.blocks.9.mlp.fc2.weight:weight_decay=0.01
2026/08/04 16:24:43 - mmengine - INFO - paramwise_options -- backbone.backbone.blocks.9.mlp.fc2.weight:lr_mult=0.1
2026/08/04 16:24:43 - mmengine - INFO - paramwise_options -- backbone.backbone.blocks.9.mlp.fc2.bias:lr=0.0001
2026/08/04 16:24:43 - mmengine - INFO - paramwise_options -- backbone.backbone.blocks.9.mlp.fc2.bias:weight_decay=0.01
2026/08/04 16:24:43 - mmengine - INFO - paramwise_options -- backbone.backbone.blocks.9.mlp.fc2.bias:lr_mult=0.1
2026/08/04 16:24:43 - mmengine - INFO - paramwise_options -- backbone.backbone.blocks.9.ls2.gamma:lr=0.0001
2026/08/04 16:24:43 - mmengine - INFO - paramwise_options -- backbone.backbone.blocks.9.ls2.gamma:weight_decay=0.01
2026/08/04 16:24:43 - mmengine - INFO - paramwise_options -- backbone.backbone.blocks.9.ls2.gamma:lr_mult=0.1
2026/08/04 16:24:43 - mmengine - INFO - paramwise_options -- backbone.backbone.blocks.10.norm1.weight:lr=0.0001
2026/08/04 16:24:43 - mmengine - INFO - paramwise_options -- backbone.backbone.blocks.10.norm1.weight:weight_decay=0.01
2026/08/04 16:24:43 - mmengine - INFO - paramwise_options -- backbone.backbone.blocks.10.norm1.weight:lr_mult=0.1
2026/08/04 16:24:43 - mmengine - INFO - paramwise_options -- backbone.backbone.blocks.10.norm1.bias:lr=0.0001
2026/08/04 16:24:43 - mmengine - INFO - paramwise_options -- backbone.backbone.blocks.10.norm1.bias:weight_decay=0.01
2026/08/04 16:24:43 - mmengine - INFO - paramwise_options -- backbone.backbone.blocks.10.norm1.bias:lr_mult=0.1
2026/08/04 16:24:43 - mmengine - INFO - paramwise_options -- backbone.backbone.blocks.10.attn.qkv.weight:lr=0.0001
2026/08/04 16:24:43 - mmengine - INFO - paramwise_options -- backbone.backbone.blocks.10.attn.qkv.weight:weight_decay=0.01
2026/08/04 16:24:43 - mmengine - INFO - paramwise_options -- backbone.backbone.blocks.10.attn.qkv.weight:lr_mult=0.1
2026/08/04 16:24:43 - mmengine - INFO - paramwise_options -- backbone.backbone.blocks.10.attn.qkv.bias:lr=0.0001
2026/08/04 16:24:43 - mmengine - INFO - paramwise_options -- backbone.backbone.blocks.10.attn.qkv.bias:weight_decay=0.01
2026/08/04 16:24:43 - mmengine - INFO - paramwise_options -- backbone.backbone.blocks.10.attn.qkv.bias:lr_mult=0.1
2026/08/04 16:24:43 - mmengine - INFO - paramwise_options -- backbone.backbone.blocks.10.attn.proj.weight:lr=0.0001
2026/08/04 16:24:43 - mmengine - INFO - paramwise_options -- backbone.backbone.blocks.10.attn.proj.weight:weight_decay=0.01
2026/08/04 16:24:43 - mmengine - INFO - paramwise_options -- backbone.backbone.blocks.10.attn.proj.weight:lr_mult=0.1
2026/08/04 16:24:43 - mmengine - INFO - paramwise_options -- backbone.backbone.blocks.10.attn.proj.bias:lr=0.0001
2026/08/04 16:24:43 - mmengine - INFO - paramwise_options -- backbone.backbone.blocks.10.attn.proj.bias:weight_decay=0.01
2026/08/04 16:24:43 - mmengine - INFO - paramwise_options -- backbone.backbone.blocks.10.attn.proj.bias:lr_mult=0.1
2026/08/04 16:24:43 - mmengine - INFO - paramwise_options -- backbone.backbone.blocks.10.ls1.gamma:lr=0.0001
2026/08/04 16:24:43 - mmengine - INFO - paramwise_options -- backbone.backbone.blocks.10.ls1.gamma:weight_decay=0.01
2026/08/04 16:24:43 - mmengine - INFO - paramwise_options -- backbone.backbone.blocks.10.ls1.gamma:lr_mult=0.1
2026/08/04 16:24:43 - mmengine - INFO - paramwise_options -- backbone.backbone.blocks.10.norm2.weight:lr=0.0001
2026/08/04 16:24:43 - mmengine - INFO - paramwise_options -- backbone.backbone.blocks.10.norm2.weight:weight_decay=0.01
2026/08/04 16:24:43 - mmengine - INFO - paramwise_options -- backbone.backbone.blocks.10.norm2.weight:lr_mult=0.1
2026/08/04 16:24:43 - mmengine - INFO - paramwise_options -- backbone.backbone.blocks.10.norm2.bias:lr=0.0001
2026/08/04 16:24:43 - mmengine - INFO - paramwise_options -- backbone.backbone.blocks.10.norm2.bias:weight_decay=0.01
2026/08/04 16:24:43 - mmengine - INFO - paramwise_options -- backbone.backbone.blocks.10.norm2.bias:lr_mult=0.1
2026/08/04 16:24:43 - mmengine - INFO - paramwise_options -- backbone.backbone.blocks.10.mlp.fc1.weight:lr=0.0001
2026/08/04 16:24:43 - mmengine - INFO - paramwise_options -- backbone.backbone.blocks.10.mlp.fc1.weight:weight_decay=0.01
2026/08/04 16:24:43 - mmengine - INFO - paramwise_options -- backbone.backbone.blocks.10.mlp.fc1.weight:lr_mult=0.1
2026/08/04 16:24:43 - mmengine - INFO - paramwise_options -- backbone.backbone.blocks.10.mlp.fc1.bias:lr=0.0001
2026/08/04 16:24:43 - mmengine - INFO - paramwise_options -- backbone.backbone.blocks.10.mlp.fc1.bias:weight_decay=0.01
2026/08/04 16:24:43 - mmengine - INFO - paramwise_options -- backbone.backbone.blocks.10.mlp.fc1.bias:lr_mult=0.1
2026/08/04 16:24:43 - mmengine - INFO - paramwise_options -- backbone.backbone.blocks.10.mlp.fc2.weight:lr=0.0001
2026/08/04 16:24:43 - mmengine - INFO - paramwise_options -- backbone.backbone.blocks.10.mlp.fc2.weight:weight_decay=0.01
2026/08/04 16:24:43 - mmengine - INFO - paramwise_options -- backbone.backbone.blocks.10.mlp.fc2.weight:lr_mult=0.1
2026/08/04 16:24:43 - mmengine - INFO - paramwise_options -- backbone.backbone.blocks.10.mlp.fc2.bias:lr=0.0001
2026/08/04 16:24:43 - mmengine - INFO - paramwise_options -- backbone.backbone.blocks.10.mlp.fc2.bias:weight_decay=0.01
2026/08/04 16:24:43 - mmengine - INFO - paramwise_options -- backbone.backbone.blocks.10.mlp.fc2.bias:lr_mult=0.1
2026/08/04 16:24:43 - mmengine - INFO - paramwise_options -- backbone.backbone.blocks.10.ls2.gamma:lr=0.0001
2026/08/04 16:24:43 - mmengine - INFO - paramwise_options -- backbone.backbone.blocks.10.ls2.gamma:weight_decay=0.01
2026/08/04 16:24:43 - mmengine - INFO - paramwise_options -- backbone.backbone.blocks.10.ls2.gamma:lr_mult=0.1
2026/08/04 16:24:43 - mmengine - INFO - paramwise_options -- backbone.backbone.blocks.11.norm1.weight:lr=0.0001
2026/08/04 16:24:43 - mmengine - INFO - paramwise_options -- backbone.backbone.blocks.11.norm1.weight:weight_decay=0.01
2026/08/04 16:24:43 - mmengine - INFO - paramwise_options -- backbone.backbone.blocks.11.norm1.weight:lr_mult=0.1
2026/08/04 16:24:43 - mmengine - INFO - paramwise_options -- backbone.backbone.blocks.11.norm1.bias:lr=0.0001
2026/08/04 16:24:43 - mmengine - INFO - paramwise_options -- backbone.backbone.blocks.11.norm1.bias:weight_decay=0.01
2026/08/04 16:24:43 - mmengine - INFO - paramwise_options -- backbone.backbone.blocks.11.norm1.bias:lr_mult=0.1
2026/08/04 16:24:43 - mmengine - INFO - paramwise_options -- backbone.backbone.blocks.11.attn.qkv.weight:lr=0.0001
2026/08/04 16:24:43 - mmengine - INFO - paramwise_options -- backbone.backbone.blocks.11.attn.qkv.weight:weight_decay=0.01
2026/08/04 16:24:43 - mmengine - INFO - paramwise_options -- backbone.backbone.blocks.11.attn.qkv.weight:lr_mult=0.1
2026/08/04 16:24:43 - mmengine - INFO - paramwise_options -- backbone.backbone.blocks.11.attn.qkv.bias:lr=0.0001
2026/08/04 16:24:43 - mmengine - INFO - paramwise_options -- backbone.backbone.blocks.11.attn.qkv.bias:weight_decay=0.01
2026/08/04 16:24:43 - mmengine - INFO - paramwise_options -- backbone.backbone.blocks.11.attn.qkv.bias:lr_mult=0.1
2026/08/04 16:24:43 - mmengine - INFO - paramwise_options -- backbone.backbone.blocks.11.attn.proj.weight:lr=0.0001
2026/08/04 16:24:43 - mmengine - INFO - paramwise_options -- backbone.backbone.blocks.11.attn.proj.weight:weight_decay=0.01
2026/08/04 16:24:43 - mmengine - INFO - paramwise_options -- backbone.backbone.blocks.11.attn.proj.weight:lr_mult=0.1
2026/08/04 16:24:43 - mmengine - INFO - paramwise_options -- backbone.backbone.blocks.11.attn.proj.bias:lr=0.0001
2026/08/04 16:24:43 - mmengine - INFO - paramwise_options -- backbone.backbone.blocks.11.attn.proj.bias:weight_decay=0.01
2026/08/04 16:24:43 - mmengine - INFO - paramwise_options -- backbone.backbone.blocks.11.attn.proj.bias:lr_mult=0.1
2026/08/04 16:24:43 - mmengine - INFO - paramwise_options -- backbone.backbone.blocks.11.ls1.gamma:lr=0.0001
2026/08/04 16:24:43 - mmengine - INFO - paramwise_options -- backbone.backbone.blocks.11.ls1.gamma:weight_decay=0.01
2026/08/04 16:24:43 - mmengine - INFO - paramwise_options -- backbone.backbone.blocks.11.ls1.gamma:lr_mult=0.1
2026/08/04 16:24:43 - mmengine - INFO - paramwise_options -- backbone.backbone.blocks.11.norm2.weight:lr=0.0001
2026/08/04 16:24:43 - mmengine - INFO - paramwise_options -- backbone.backbone.blocks.11.norm2.weight:weight_decay=0.01
2026/08/04 16:24:43 - mmengine - INFO - paramwise_options -- backbone.backbone.blocks.11.norm2.weight:lr_mult=0.1
2026/08/04 16:24:43 - mmengine - INFO - paramwise_options -- backbone.backbone.blocks.11.norm2.bias:lr=0.0001
2026/08/04 16:24:43 - mmengine - INFO - paramwise_options -- backbone.backbone.blocks.11.norm2.bias:weight_decay=0.01
2026/08/04 16:24:43 - mmengine - INFO - paramwise_options -- backbone.backbone.blocks.11.norm2.bias:lr_mult=0.1
2026/08/04 16:24:43 - mmengine - INFO - paramwise_options -- backbone.backbone.blocks.11.mlp.fc1.weight:lr=0.0001
2026/08/04 16:24:43 - mmengine - INFO - paramwise_options -- backbone.backbone.blocks.11.mlp.fc1.weight:weight_decay=0.01
2026/08/04 16:24:43 - mmengine - INFO - paramwise_options -- backbone.backbone.blocks.11.mlp.fc1.weight:lr_mult=0.1
2026/08/04 16:24:43 - mmengine - INFO - paramwise_options -- backbone.backbone.blocks.11.mlp.fc1.bias:lr=0.0001
2026/08/04 16:24:43 - mmengine - INFO - paramwise_options -- backbone.backbone.blocks.11.mlp.fc1.bias:weight_decay=0.01
2026/08/04 16:24:43 - mmengine - INFO - paramwise_options -- backbone.backbone.blocks.11.mlp.fc1.bias:lr_mult=0.1
2026/08/04 16:24:43 - mmengine - INFO - paramwise_options -- backbone.backbone.blocks.11.mlp.fc2.weight:lr=0.0001
2026/08/04 16:24:43 - mmengine - INFO - paramwise_options -- backbone.backbone.blocks.11.mlp.fc2.weight:weight_decay=0.01
2026/08/04 16:24:43 - mmengine - INFO - paramwise_options -- backbone.backbone.blocks.11.mlp.fc2.weight:lr_mult=0.1
2026/08/04 16:24:43 - mmengine - INFO - paramwise_options -- backbone.backbone.blocks.11.mlp.fc2.bias:lr=0.0001
2026/08/04 16:24:43 - mmengine - INFO - paramwise_options -- backbone.backbone.blocks.11.mlp.fc2.bias:weight_decay=0.01
2026/08/04 16:24:43 - mmengine - INFO - paramwise_options -- backbone.backbone.blocks.11.mlp.fc2.bias:lr_mult=0.1
2026/08/04 16:24:43 - mmengine - INFO - paramwise_options -- backbone.backbone.blocks.11.ls2.gamma:lr=0.0001
2026/08/04 16:24:43 - mmengine - INFO - paramwise_options -- backbone.backbone.blocks.11.ls2.gamma:weight_decay=0.01
2026/08/04 16:24:43 - mmengine - INFO - paramwise_options -- backbone.backbone.blocks.11.ls2.gamma:lr_mult=0.1
2026/08/04 16:24:43 - mmengine - INFO - paramwise_options -- backbone.backbone.blocks.12.norm1.weight:lr=0.0001
2026/08/04 16:24:43 - mmengine - INFO - paramwise_options -- backbone.backbone.blocks.12.norm1.weight:weight_decay=0.01
2026/08/04 16:24:43 - mmengine - INFO - paramwise_options -- backbone.backbone.blocks.12.norm1.weight:lr_mult=0.1
2026/08/04 16:24:43 - mmengine - INFO - paramwise_options -- backbone.backbone.blocks.12.norm1.bias:lr=0.0001
2026/08/04 16:24:43 - mmengine - INFO - paramwise_options -- backbone.backbone.blocks.12.norm1.bias:weight_decay=0.01
2026/08/04 16:24:43 - mmengine - INFO - paramwise_options -- backbone.backbone.blocks.12.norm1.bias:lr_mult=0.1
2026/08/04 16:24:43 - mmengine - INFO - paramwise_options -- backbone.backbone.blocks.12.attn.qkv.weight:lr=0.0001
2026/08/04 16:24:43 - mmengine - INFO - paramwise_options -- backbone.backbone.blocks.12.attn.qkv.weight:weight_decay=0.01
2026/08/04 16:24:43 - mmengine - INFO - paramwise_options -- backbone.backbone.blocks.12.attn.qkv.weight:lr_mult=0.1
2026/08/04 16:24:43 - mmengine - INFO - paramwise_options -- backbone.backbone.blocks.12.attn.qkv.bias:lr=0.0001
2026/08/04 16:24:43 - mmengine - INFO - paramwise_options -- backbone.backbone.blocks.12.attn.qkv.bias:weight_decay=0.01
2026/08/04 16:24:43 - mmengine - INFO - paramwise_options -- backbone.backbone.blocks.12.attn.qkv.bias:lr_mult=0.1
2026/08/04 16:24:43 - mmengine - INFO - paramwise_options -- backbone.backbone.blocks.12.attn.proj.weight:lr=0.0001
2026/08/04 16:24:43 - mmengine - INFO - paramwise_options -- backbone.backbone.blocks.12.attn.proj.weight:weight_decay=0.01
2026/08/04 16:24:43 - mmengine - INFO - paramwise_options -- backbone.backbone.blocks.12.attn.proj.weight:lr_mult=0.1
2026/08/04 16:24:43 - mmengine - INFO - paramwise_options -- backbone.backbone.blocks.12.attn.proj.bias:lr=0.0001
2026/08/04 16:24:43 - mmengine - INFO - paramwise_options -- backbone.backbone.blocks.12.attn.proj.bias:weight_decay=0.01
2026/08/04 16:24:43 - mmengine - INFO - paramwise_options -- backbone.backbone.blocks.12.attn.proj.bias:lr_mult=0.1
2026/08/04 16:24:43 - mmengine - INFO - paramwise_options -- backbone.backbone.blocks.12.ls1.gamma:lr=0.0001
2026/08/04 16:24:43 - mmengine - INFO - paramwise_options -- backbone.backbone.blocks.12.ls1.gamma:weight_decay=0.01
2026/08/04 16:24:43 - mmengine - INFO - paramwise_options -- backbone.backbone.blocks.12.ls1.gamma:lr_mult=0.1
2026/08/04 16:24:43 - mmengine - INFO - paramwise_options -- backbone.backbone.blocks.12.norm2.weight:lr=0.0001
2026/08/04 16:24:43 - mmengine - INFO - paramwise_options -- backbone.backbone.blocks.12.norm2.weight:weight_decay=0.01
2026/08/04 16:24:43 - mmengine - INFO - paramwise_options -- backbone.backbone.blocks.12.norm2.weight:lr_mult=0.1
2026/08/04 16:24:43 - mmengine - INFO - paramwise_options -- backbone.backbone.blocks.12.norm2.bias:lr=0.0001
2026/08/04 16:24:43 - mmengine - INFO - paramwise_options -- backbone.backbone.blocks.12.norm2.bias:weight_decay=0.01
2026/08/04 16:24:43 - mmengine - INFO - paramwise_options -- backbone.backbone.blocks.12.norm2.bias:lr_mult=0.1
2026/08/04 16:24:43 - mmengine - INFO - paramwise_options -- backbone.backbone.blocks.12.mlp.fc1.weight:lr=0.0001
2026/08/04 16:24:43 - mmengine - INFO - paramwise_options -- backbone.backbone.blocks.12.mlp.fc1.weight:weight_decay=0.01
2026/08/04 16:24:43 - mmengine - INFO - paramwise_options -- backbone.backbone.blocks.12.mlp.fc1.weight:lr_mult=0.1
2026/08/04 16:24:43 - mmengine - INFO - paramwise_options -- backbone.backbone.blocks.12.mlp.fc1.bias:lr=0.0001
2026/08/04 16:24:43 - mmengine - INFO - paramwise_options -- backbone.backbone.blocks.12.mlp.fc1.bias:weight_decay=0.01
2026/08/04 16:24:43 - mmengine - INFO - paramwise_options -- backbone.backbone.blocks.12.mlp.fc1.bias:lr_mult=0.1
2026/08/04 16:24:43 - mmengine - INFO - paramwise_options -- backbone.backbone.blocks.12.mlp.fc2.weight:lr=0.0001
2026/08/04 16:24:43 - mmengine - INFO - paramwise_options -- backbone.backbone.blocks.12.mlp.fc2.weight:weight_decay=0.01
2026/08/04 16:24:43 - mmengine - INFO - paramwise_options -- backbone.backbone.blocks.12.mlp.fc2.weight:lr_mult=0.1
2026/08/04 16:24:43 - mmengine - INFO - paramwise_options -- backbone.backbone.blocks.12.mlp.fc2.bias:lr=0.0001
2026/08/04 16:24:43 - mmengine - INFO - paramwise_options -- backbone.backbone.blocks.12.mlp.fc2.bias:weight_decay=0.01
2026/08/04 16:24:43 - mmengine - INFO - paramwise_options -- backbone.backbone.blocks.12.mlp.fc2.bias:lr_mult=0.1
2026/08/04 16:24:43 - mmengine - INFO - paramwise_options -- backbone.backbone.blocks.12.ls2.gamma:lr=0.0001
2026/08/04 16:24:43 - mmengine - INFO - paramwise_options -- backbone.backbone.blocks.12.ls2.gamma:weight_decay=0.01
2026/08/04 16:24:43 - mmengine - INFO - paramwise_options -- backbone.backbone.blocks.12.ls2.gamma:lr_mult=0.1
2026/08/04 16:24:43 - mmengine - INFO - paramwise_options -- backbone.backbone.blocks.13.norm1.weight:lr=0.0001
2026/08/04 16:24:43 - mmengine - INFO - paramwise_options -- backbone.backbone.blocks.13.norm1.weight:weight_decay=0.01
2026/08/04 16:24:43 - mmengine - INFO - paramwise_options -- backbone.backbone.blocks.13.norm1.weight:lr_mult=0.1
2026/08/04 16:24:43 - mmengine - INFO - paramwise_options -- backbone.backbone.blocks.13.norm1.bias:lr=0.0001
2026/08/04 16:24:43 - mmengine - INFO - paramwise_options -- backbone.backbone.blocks.13.norm1.bias:weight_decay=0.01
2026/08/04 16:24:43 - mmengine - INFO - paramwise_options -- backbone.backbone.blocks.13.norm1.bias:lr_mult=0.1
2026/08/04 16:24:43 - mmengine - INFO - paramwise_options -- backbone.backbone.blocks.13.attn.qkv.weight:lr=0.0001
2026/08/04 16:24:43 - mmengine - INFO - paramwise_options -- backbone.backbone.blocks.13.attn.qkv.weight:weight_decay=0.01
2026/08/04 16:24:43 - mmengine - INFO - paramwise_options -- backbone.backbone.blocks.13.attn.qkv.weight:lr_mult=0.1
2026/08/04 16:24:43 - mmengine - INFO - paramwise_options -- backbone.backbone.blocks.13.attn.qkv.bias:lr=0.0001
2026/08/04 16:24:43 - mmengine - INFO - paramwise_options -- backbone.backbone.blocks.13.attn.qkv.bias:weight_decay=0.01
2026/08/04 16:24:43 - mmengine - INFO - paramwise_options -- backbone.backbone.blocks.13.attn.qkv.bias:lr_mult=0.1
2026/08/04 16:24:43 - mmengine - INFO - paramwise_options -- backbone.backbone.blocks.13.attn.proj.weight:lr=0.0001
2026/08/04 16:24:43 - mmengine - INFO - paramwise_options -- backbone.backbone.blocks.13.attn.proj.weight:weight_decay=0.01
2026/08/04 16:24:43 - mmengine - INFO - paramwise_options -- backbone.backbone.blocks.13.attn.proj.weight:lr_mult=0.1
2026/08/04 16:24:43 - mmengine - INFO - paramwise_options -- backbone.backbone.blocks.13.attn.proj.bias:lr=0.0001
2026/08/04 16:24:43 - mmengine - INFO - paramwise_options -- backbone.backbone.blocks.13.attn.proj.bias:weight_decay=0.01
2026/08/04 16:24:43 - mmengine - INFO - paramwise_options -- backbone.backbone.blocks.13.attn.proj.bias:lr_mult=0.1
2026/08/04 16:24:43 - mmengine - INFO - paramwise_options -- backbone.backbone.blocks.13.ls1.gamma:lr=0.0001
2026/08/04 16:24:43 - mmengine - INFO - paramwise_options -- backbone.backbone.blocks.13.ls1.gamma:weight_decay=0.01
2026/08/04 16:24:43 - mmengine - INFO - paramwise_options -- backbone.backbone.blocks.13.ls1.gamma:lr_mult=0.1
2026/08/04 16:24:43 - mmengine - INFO - paramwise_options -- backbone.backbone.blocks.13.norm2.weight:lr=0.0001
2026/08/04 16:24:43 - mmengine - INFO - paramwise_options -- backbone.backbone.blocks.13.norm2.weight:weight_decay=0.01
2026/08/04 16:24:43 - mmengine - INFO - paramwise_options -- backbone.backbone.blocks.13.norm2.weight:lr_mult=0.1
2026/08/04 16:24:43 - mmengine - INFO - paramwise_options -- backbone.backbone.blocks.13.norm2.bias:lr=0.0001
2026/08/04 16:24:43 - mmengine - INFO - paramwise_options -- backbone.backbone.blocks.13.norm2.bias:weight_decay=0.01
2026/08/04 16:24:43 - mmengine - INFO - paramwise_options -- backbone.backbone.blocks.13.norm2.bias:lr_mult=0.1
2026/08/04 16:24:43 - mmengine - INFO - paramwise_options -- backbone.backbone.blocks.13.mlp.fc1.weight:lr=0.0001
2026/08/04 16:24:43 - mmengine - INFO - paramwise_options -- backbone.backbone.blocks.13.mlp.fc1.weight:weight_decay=0.01
2026/08/04 16:24:43 - mmengine - INFO - paramwise_options -- backbone.backbone.blocks.13.mlp.fc1.weight:lr_mult=0.1
2026/08/04 16:24:43 - mmengine - INFO - paramwise_options -- backbone.backbone.blocks.13.mlp.fc1.bias:lr=0.0001
2026/08/04 16:24:43 - mmengine - INFO - paramwise_options -- backbone.backbone.blocks.13.mlp.fc1.bias:weight_decay=0.01
2026/08/04 16:24:43 - mmengine - INFO - paramwise_options -- backbone.backbone.blocks.13.mlp.fc1.bias:lr_mult=0.1
2026/08/04 16:24:43 - mmengine - INFO - paramwise_options -- backbone.backbone.blocks.13.mlp.fc2.weight:lr=0.0001
2026/08/04 16:24:43 - mmengine - INFO - paramwise_options -- backbone.backbone.blocks.13.mlp.fc2.weight:weight_decay=0.01
2026/08/04 16:24:43 - mmengine - INFO - paramwise_options -- backbone.backbone.blocks.13.mlp.fc2.weight:lr_mult=0.1
2026/08/04 16:24:43 - mmengine - INFO - paramwise_options -- backbone.backbone.blocks.13.mlp.fc2.bias:lr=0.0001
2026/08/04 16:24:43 - mmengine - INFO - paramwise_options -- backbone.backbone.blocks.13.mlp.fc2.bias:weight_decay=0.01
2026/08/04 16:24:43 - mmengine - INFO - paramwise_options -- backbone.backbone.blocks.13.mlp.fc2.bias:lr_mult=0.1
2026/08/04 16:24:43 - mmengine - INFO - paramwise_options -- backbone.backbone.blocks.13.ls2.gamma:lr=0.0001
2026/08/04 16:24:43 - mmengine - INFO - paramwise_options -- backbone.backbone.blocks.13.ls2.gamma:weight_decay=0.01
2026/08/04 16:24:43 - mmengine - INFO - paramwise_options -- backbone.backbone.blocks.13.ls2.gamma:lr_mult=0.1
2026/08/04 16:24:43 - mmengine - INFO - paramwise_options -- backbone.backbone.blocks.14.norm1.weight:lr=0.0001
2026/08/04 16:24:43 - mmengine - INFO - paramwise_options -- backbone.backbone.blocks.14.norm1.weight:weight_decay=0.01
2026/08/04 16:24:43 - mmengine - INFO - paramwise_options -- backbone.backbone.blocks.14.norm1.weight:lr_mult=0.1
2026/08/04 16:24:43 - mmengine - INFO - paramwise_options -- backbone.backbone.blocks.14.norm1.bias:lr=0.0001
2026/08/04 16:24:43 - mmengine - INFO - paramwise_options -- backbone.backbone.blocks.14.norm1.bias:weight_decay=0.01
2026/08/04 16:24:43 - mmengine - INFO - paramwise_options -- backbone.backbone.blocks.14.norm1.bias:lr_mult=0.1
2026/08/04 16:24:43 - mmengine - INFO - paramwise_options -- backbone.backbone.blocks.14.attn.qkv.weight:lr=0.0001
2026/08/04 16:24:43 - mmengine - INFO - paramwise_options -- backbone.backbone.blocks.14.attn.qkv.weight:weight_decay=0.01
2026/08/04 16:24:43 - mmengine - INFO - paramwise_options -- backbone.backbone.blocks.14.attn.qkv.weight:lr_mult=0.1
2026/08/04 16:24:43 - mmengine - INFO - paramwise_options -- backbone.backbone.blocks.14.attn.qkv.bias:lr=0.0001
2026/08/04 16:24:43 - mmengine - INFO - paramwise_options -- backbone.backbone.blocks.14.attn.qkv.bias:weight_decay=0.01
2026/08/04 16:24:43 - mmengine - INFO - paramwise_options -- backbone.backbone.blocks.14.attn.qkv.bias:lr_mult=0.1
2026/08/04 16:24:43 - mmengine - INFO - paramwise_options -- backbone.backbone.blocks.14.attn.proj.weight:lr=0.0001
2026/08/04 16:24:43 - mmengine - INFO - paramwise_options -- backbone.backbone.blocks.14.attn.proj.weight:weight_decay=0.01
2026/08/04 16:24:43 - mmengine - INFO - paramwise_options -- backbone.backbone.blocks.14.attn.proj.weight:lr_mult=0.1
2026/08/04 16:24:43 - mmengine - INFO - paramwise_options -- backbone.backbone.blocks.14.attn.proj.bias:lr=0.0001
2026/08/04 16:24:43 - mmengine - INFO - paramwise_options -- backbone.backbone.blocks.14.attn.proj.bias:weight_decay=0.01
2026/08/04 16:24:43 - mmengine - INFO - paramwise_options -- backbone.backbone.blocks.14.attn.proj.bias:lr_mult=0.1
2026/08/04 16:24:43 - mmengine - INFO - paramwise_options -- backbone.backbone.blocks.14.ls1.gamma:lr=0.0001
2026/08/04 16:24:43 - mmengine - INFO - paramwise_options -- backbone.backbone.blocks.14.ls1.gamma:weight_decay=0.01
2026/08/04 16:24:43 - mmengine - INFO - paramwise_options -- backbone.backbone.blocks.14.ls1.gamma:lr_mult=0.1
2026/08/04 16:24:43 - mmengine - INFO - paramwise_options -- backbone.backbone.blocks.14.norm2.weight:lr=0.0001
2026/08/04 16:24:43 - mmengine - INFO - paramwise_options -- backbone.backbone.blocks.14.norm2.weight:weight_decay=0.01
2026/08/04 16:24:43 - mmengine - INFO - paramwise_options -- backbone.backbone.blocks.14.norm2.weight:lr_mult=0.1
2026/08/04 16:24:43 - mmengine - INFO - paramwise_options -- backbone.backbone.blocks.14.norm2.bias:lr=0.0001
2026/08/04 16:24:43 - mmengine - INFO - paramwise_options -- backbone.backbone.blocks.14.norm2.bias:weight_decay=0.01
2026/08/04 16:24:43 - mmengine - INFO - paramwise_options -- backbone.backbone.blocks.14.norm2.bias:lr_mult=0.1
2026/08/04 16:24:43 - mmengine - INFO - paramwise_options -- backbone.backbone.blocks.14.mlp.fc1.weight:lr=0.0001
2026/08/04 16:24:43 - mmengine - INFO - paramwise_options -- backbone.backbone.blocks.14.mlp.fc1.weight:weight_decay=0.01
2026/08/04 16:24:43 - mmengine - INFO - paramwise_options -- backbone.backbone.blocks.14.mlp.fc1.weight:lr_mult=0.1
2026/08/04 16:24:43 - mmengine - INFO - paramwise_options -- backbone.backbone.blocks.14.mlp.fc1.bias:lr=0.0001
2026/08/04 16:24:43 - mmengine - INFO - paramwise_options -- backbone.backbone.blocks.14.mlp.fc1.bias:weight_decay=0.01
2026/08/04 16:24:43 - mmengine - INFO - paramwise_options -- backbone.backbone.blocks.14.mlp.fc1.bias:lr_mult=0.1
2026/08/04 16:24:43 - mmengine - INFO - paramwise_options -- backbone.backbone.blocks.14.mlp.fc2.weight:lr=0.0001
2026/08/04 16:24:43 - mmengine - INFO - paramwise_options -- backbone.backbone.blocks.14.mlp.fc2.weight:weight_decay=0.01
2026/08/04 16:24:43 - mmengine - INFO - paramwise_options -- backbone.backbone.blocks.14.mlp.fc2.weight:lr_mult=0.1
2026/08/04 16:24:43 - mmengine - INFO - paramwise_options -- backbone.backbone.blocks.14.mlp.fc2.bias:lr=0.0001
2026/08/04 16:24:43 - mmengine - INFO - paramwise_options -- backbone.backbone.blocks.14.mlp.fc2.bias:weight_decay=0.01
2026/08/04 16:24:43 - mmengine - INFO - paramwise_options -- backbone.backbone.blocks.14.mlp.fc2.bias:lr_mult=0.1
2026/08/04 16:24:43 - mmengine - INFO - paramwise_options -- backbone.backbone.blocks.14.ls2.gamma:lr=0.0001
2026/08/04 16:24:43 - mmengine - INFO - paramwise_options -- backbone.backbone.blocks.14.ls2.gamma:weight_decay=0.01
2026/08/04 16:24:43 - mmengine - INFO - paramwise_options -- backbone.backbone.blocks.14.ls2.gamma:lr_mult=0.1
2026/08/04 16:24:43 - mmengine - INFO - paramwise_options -- backbone.backbone.blocks.15.norm1.weight:lr=0.0001
2026/08/04 16:24:43 - mmengine - INFO - paramwise_options -- backbone.backbone.blocks.15.norm1.weight:weight_decay=0.01
2026/08/04 16:24:43 - mmengine - INFO - paramwise_options -- backbone.backbone.blocks.15.norm1.weight:lr_mult=0.1
2026/08/04 16:24:43 - mmengine - INFO - paramwise_options -- backbone.backbone.blocks.15.norm1.bias:lr=0.0001
2026/08/04 16:24:43 - mmengine - INFO - paramwise_options -- backbone.backbone.blocks.15.norm1.bias:weight_decay=0.01
2026/08/04 16:24:43 - mmengine - INFO - paramwise_options -- backbone.backbone.blocks.15.norm1.bias:lr_mult=0.1
2026/08/04 16:24:43 - mmengine - INFO - paramwise_options -- backbone.backbone.blocks.15.attn.qkv.weight:lr=0.0001
2026/08/04 16:24:43 - mmengine - INFO - paramwise_options -- backbone.backbone.blocks.15.attn.qkv.weight:weight_decay=0.01
2026/08/04 16:24:43 - mmengine - INFO - paramwise_options -- backbone.backbone.blocks.15.attn.qkv.weight:lr_mult=0.1
2026/08/04 16:24:43 - mmengine - INFO - paramwise_options -- backbone.backbone.blocks.15.attn.qkv.bias:lr=0.0001
2026/08/04 16:24:43 - mmengine - INFO - paramwise_options -- backbone.backbone.blocks.15.attn.qkv.bias:weight_decay=0.01
2026/08/04 16:24:43 - mmengine - INFO - paramwise_options -- backbone.backbone.blocks.15.attn.qkv.bias:lr_mult=0.1
2026/08/04 16:24:43 - mmengine - INFO - paramwise_options -- backbone.backbone.blocks.15.attn.proj.weight:lr=0.0001
2026/08/04 16:24:43 - mmengine - INFO - paramwise_options -- backbone.backbone.blocks.15.attn.proj.weight:weight_decay=0.01
2026/08/04 16:24:43 - mmengine - INFO - paramwise_options -- backbone.backbone.blocks.15.attn.proj.weight:lr_mult=0.1
2026/08/04 16:24:43 - mmengine - INFO - paramwise_options -- backbone.backbone.blocks.15.attn.proj.bias:lr=0.0001
2026/08/04 16:24:43 - mmengine - INFO - paramwise_options -- backbone.backbone.blocks.15.attn.proj.bias:weight_decay=0.01
2026/08/04 16:24:43 - mmengine - INFO - paramwise_options -- backbone.backbone.blocks.15.attn.proj.bias:lr_mult=0.1
2026/08/04 16:24:43 - mmengine - INFO - paramwise_options -- backbone.backbone.blocks.15.ls1.gamma:lr=0.0001
2026/08/04 16:24:43 - mmengine - INFO - paramwise_options -- backbone.backbone.blocks.15.ls1.gamma:weight_decay=0.01
2026/08/04 16:24:43 - mmengine - INFO - paramwise_options -- backbone.backbone.blocks.15.ls1.gamma:lr_mult=0.1
2026/08/04 16:24:43 - mmengine - INFO - paramwise_options -- backbone.backbone.blocks.15.norm2.weight:lr=0.0001
2026/08/04 16:24:43 - mmengine - INFO - paramwise_options -- backbone.backbone.blocks.15.norm2.weight:weight_decay=0.01
2026/08/04 16:24:43 - mmengine - INFO - paramwise_options -- backbone.backbone.blocks.15.norm2.weight:lr_mult=0.1
2026/08/04 16:24:43 - mmengine - INFO - paramwise_options -- backbone.backbone.blocks.15.norm2.bias:lr=0.0001
2026/08/04 16:24:43 - mmengine - INFO - paramwise_options -- backbone.backbone.blocks.15.norm2.bias:weight_decay=0.01
2026/08/04 16:24:43 - mmengine - INFO - paramwise_options -- backbone.backbone.blocks.15.norm2.bias:lr_mult=0.1
2026/08/04 16:24:43 - mmengine - INFO - paramwise_options -- backbone.backbone.blocks.15.mlp.fc1.weight:lr=0.0001
2026/08/04 16:24:43 - mmengine - INFO - paramwise_options -- backbone.backbone.blocks.15.mlp.fc1.weight:weight_decay=0.01
2026/08/04 16:24:43 - mmengine - INFO - paramwise_options -- backbone.backbone.blocks.15.mlp.fc1.weight:lr_mult=0.1
2026/08/04 16:24:43 - mmengine - INFO - paramwise_options -- backbone.backbone.blocks.15.mlp.fc1.bias:lr=0.0001
2026/08/04 16:24:43 - mmengine - INFO - paramwise_options -- backbone.backbone.blocks.15.mlp.fc1.bias:weight_decay=0.01
2026/08/04 16:24:43 - mmengine - INFO - paramwise_options -- backbone.backbone.blocks.15.mlp.fc1.bias:lr_mult=0.1
2026/08/04 16:24:43 - mmengine - INFO - paramwise_options -- backbone.backbone.blocks.15.mlp.fc2.weight:lr=0.0001
2026/08/04 16:24:43 - mmengine - INFO - paramwise_options -- backbone.backbone.blocks.15.mlp.fc2.weight:weight_decay=0.01
2026/08/04 16:24:43 - mmengine - INFO - paramwise_options -- backbone.backbone.blocks.15.mlp.fc2.weight:lr_mult=0.1
2026/08/04 16:24:43 - mmengine - INFO - paramwise_options -- backbone.backbone.blocks.15.mlp.fc2.bias:lr=0.0001
2026/08/04 16:24:43 - mmengine - INFO - paramwise_options -- backbone.backbone.blocks.15.mlp.fc2.bias:weight_decay=0.01
2026/08/04 16:24:43 - mmengine - INFO - paramwise_options -- backbone.backbone.blocks.15.mlp.fc2.bias:lr_mult=0.1
2026/08/04 16:24:43 - mmengine - INFO - paramwise_options -- backbone.backbone.blocks.15.ls2.gamma:lr=0.0001
2026/08/04 16:24:43 - mmengine - INFO - paramwise_options -- backbone.backbone.blocks.15.ls2.gamma:weight_decay=0.01
2026/08/04 16:24:43 - mmengine - INFO - paramwise_options -- backbone.backbone.blocks.15.ls2.gamma:lr_mult=0.1
2026/08/04 16:24:43 - mmengine - INFO - paramwise_options -- backbone.backbone.blocks.16.norm1.weight:lr=0.0001
2026/08/04 16:24:43 - mmengine - INFO - paramwise_options -- backbone.backbone.blocks.16.norm1.weight:weight_decay=0.01
2026/08/04 16:24:43 - mmengine - INFO - paramwise_options -- backbone.backbone.blocks.16.norm1.weight:lr_mult=0.1
2026/08/04 16:24:43 - mmengine - INFO - paramwise_options -- backbone.backbone.blocks.16.norm1.bias:lr=0.0001
2026/08/04 16:24:43 - mmengine - INFO - paramwise_options -- backbone.backbone.blocks.16.norm1.bias:weight_decay=0.01
2026/08/04 16:24:43 - mmengine - INFO - paramwise_options -- backbone.backbone.blocks.16.norm1.bias:lr_mult=0.1
2026/08/04 16:24:43 - mmengine - INFO - paramwise_options -- backbone.backbone.blocks.16.attn.qkv.weight:lr=0.0001
2026/08/04 16:24:43 - mmengine - INFO - paramwise_options -- backbone.backbone.blocks.16.attn.qkv.weight:weight_decay=0.01
2026/08/04 16:24:43 - mmengine - INFO - paramwise_options -- backbone.backbone.blocks.16.attn.qkv.weight:lr_mult=0.1
2026/08/04 16:24:43 - mmengine - INFO - paramwise_options -- backbone.backbone.blocks.16.attn.qkv.bias:lr=0.0001
2026/08/04 16:24:43 - mmengine - INFO - paramwise_options -- backbone.backbone.blocks.16.attn.qkv.bias:weight_decay=0.01
2026/08/04 16:24:43 - mmengine - INFO - paramwise_options -- backbone.backbone.blocks.16.attn.qkv.bias:lr_mult=0.1
2026/08/04 16:24:43 - mmengine - INFO - paramwise_options -- backbone.backbone.blocks.16.attn.proj.weight:lr=0.0001
2026/08/04 16:24:43 - mmengine - INFO - paramwise_options -- backbone.backbone.blocks.16.attn.proj.weight:weight_decay=0.01
2026/08/04 16:24:43 - mmengine - INFO - paramwise_options -- backbone.backbone.blocks.16.attn.proj.weight:lr_mult=0.1
2026/08/04 16:24:43 - mmengine - INFO - paramwise_options -- backbone.backbone.blocks.16.attn.proj.bias:lr=0.0001
2026/08/04 16:24:43 - mmengine - INFO - paramwise_options -- backbone.backbone.blocks.16.attn.proj.bias:weight_decay=0.01
2026/08/04 16:24:43 - mmengine - INFO - paramwise_options -- backbone.backbone.blocks.16.attn.proj.bias:lr_mult=0.1
2026/08/04 16:24:43 - mmengine - INFO - paramwise_options -- backbone.backbone.blocks.16.ls1.gamma:lr=0.0001
2026/08/04 16:24:43 - mmengine - INFO - paramwise_options -- backbone.backbone.blocks.16.ls1.gamma:weight_decay=0.01
2026/08/04 16:24:43 - mmengine - INFO - paramwise_options -- backbone.backbone.blocks.16.ls1.gamma:lr_mult=0.1
2026/08/04 16:24:43 - mmengine - INFO - paramwise_options -- backbone.backbone.blocks.16.norm2.weight:lr=0.0001
2026/08/04 16:24:43 - mmengine - INFO - paramwise_options -- backbone.backbone.blocks.16.norm2.weight:weight_decay=0.01
2026/08/04 16:24:43 - mmengine - INFO - paramwise_options -- backbone.backbone.blocks.16.norm2.weight:lr_mult=0.1
2026/08/04 16:24:43 - mmengine - INFO - paramwise_options -- backbone.backbone.blocks.16.norm2.bias:lr=0.0001
2026/08/04 16:24:43 - mmengine - INFO - paramwise_options -- backbone.backbone.blocks.16.norm2.bias:weight_decay=0.01
2026/08/04 16:24:43 - mmengine - INFO - paramwise_options -- backbone.backbone.blocks.16.norm2.bias:lr_mult=0.1
2026/08/04 16:24:43 - mmengine - INFO - paramwise_options -- backbone.backbone.blocks.16.mlp.fc1.weight:lr=0.0001
2026/08/04 16:24:43 - mmengine - INFO - paramwise_options -- backbone.backbone.blocks.16.mlp.fc1.weight:weight_decay=0.01
2026/08/04 16:24:43 - mmengine - INFO - paramwise_options -- backbone.backbone.blocks.16.mlp.fc1.weight:lr_mult=0.1
2026/08/04 16:24:43 - mmengine - INFO - paramwise_options -- backbone.backbone.blocks.16.mlp.fc1.bias:lr=0.0001
2026/08/04 16:24:43 - mmengine - INFO - paramwise_options -- backbone.backbone.blocks.16.mlp.fc1.bias:weight_decay=0.01
2026/08/04 16:24:43 - mmengine - INFO - paramwise_options -- backbone.backbone.blocks.16.mlp.fc1.bias:lr_mult=0.1
2026/08/04 16:24:43 - mmengine - INFO - paramwise_options -- backbone.backbone.blocks.16.mlp.fc2.weight:lr=0.0001
2026/08/04 16:24:43 - mmengine - INFO - paramwise_options -- backbone.backbone.blocks.16.mlp.fc2.weight:weight_decay=0.01
2026/08/04 16:24:43 - mmengine - INFO - paramwise_options -- backbone.backbone.blocks.16.mlp.fc2.weight:lr_mult=0.1
2026/08/04 16:24:43 - mmengine - INFO - paramwise_options -- backbone.backbone.blocks.16.mlp.fc2.bias:lr=0.0001
2026/08/04 16:24:43 - mmengine - INFO - paramwise_options -- backbone.backbone.blocks.16.mlp.fc2.bias:weight_decay=0.01
2026/08/04 16:24:43 - mmengine - INFO - paramwise_options -- backbone.backbone.blocks.16.mlp.fc2.bias:lr_mult=0.1
2026/08/04 16:24:43 - mmengine - INFO - paramwise_options -- backbone.backbone.blocks.16.ls2.gamma:lr=0.0001
2026/08/04 16:24:43 - mmengine - INFO - paramwise_options -- backbone.backbone.blocks.16.ls2.gamma:weight_decay=0.01
2026/08/04 16:24:43 - mmengine - INFO - paramwise_options -- backbone.backbone.blocks.16.ls2.gamma:lr_mult=0.1
2026/08/04 16:24:43 - mmengine - INFO - paramwise_options -- backbone.backbone.blocks.17.norm1.weight:lr=0.0001
2026/08/04 16:24:43 - mmengine - INFO - paramwise_options -- backbone.backbone.blocks.17.norm1.weight:weight_decay=0.01
2026/08/04 16:24:43 - mmengine - INFO - paramwise_options -- backbone.backbone.blocks.17.norm1.weight:lr_mult=0.1
2026/08/04 16:24:43 - mmengine - INFO - paramwise_options -- backbone.backbone.blocks.17.norm1.bias:lr=0.0001
2026/08/04 16:24:43 - mmengine - INFO - paramwise_options -- backbone.backbone.blocks.17.norm1.bias:weight_decay=0.01
2026/08/04 16:24:43 - mmengine - INFO - paramwise_options -- backbone.backbone.blocks.17.norm1.bias:lr_mult=0.1
2026/08/04 16:24:43 - mmengine - INFO - paramwise_options -- backbone.backbone.blocks.17.attn.qkv.weight:lr=0.0001
2026/08/04 16:24:43 - mmengine - INFO - paramwise_options -- backbone.backbone.blocks.17.attn.qkv.weight:weight_decay=0.01
2026/08/04 16:24:43 - mmengine - INFO - paramwise_options -- backbone.backbone.blocks.17.attn.qkv.weight:lr_mult=0.1
2026/08/04 16:24:43 - mmengine - INFO - paramwise_options -- backbone.backbone.blocks.17.attn.qkv.bias:lr=0.0001
2026/08/04 16:24:43 - mmengine - INFO - paramwise_options -- backbone.backbone.blocks.17.attn.qkv.bias:weight_decay=0.01
2026/08/04 16:24:43 - mmengine - INFO - paramwise_options -- backbone.backbone.blocks.17.attn.qkv.bias:lr_mult=0.1
2026/08/04 16:24:43 - mmengine - INFO - paramwise_options -- backbone.backbone.blocks.17.attn.proj.weight:lr=0.0001
2026/08/04 16:24:43 - mmengine - INFO - paramwise_options -- backbone.backbone.blocks.17.attn.proj.weight:weight_decay=0.01
2026/08/04 16:24:43 - mmengine - INFO - paramwise_options -- backbone.backbone.blocks.17.attn.proj.weight:lr_mult=0.1
2026/08/04 16:24:43 - mmengine - INFO - paramwise_options -- backbone.backbone.blocks.17.attn.proj.bias:lr=0.0001
2026/08/04 16:24:43 - mmengine - INFO - paramwise_options -- backbone.backbone.blocks.17.attn.proj.bias:weight_decay=0.01
2026/08/04 16:24:43 - mmengine - INFO - paramwise_options -- backbone.backbone.blocks.17.attn.proj.bias:lr_mult=0.1
2026/08/04 16:24:43 - mmengine - INFO - paramwise_options -- backbone.backbone.blocks.17.ls1.gamma:lr=0.0001
2026/08/04 16:24:43 - mmengine - INFO - paramwise_options -- backbone.backbone.blocks.17.ls1.gamma:weight_decay=0.01
2026/08/04 16:24:43 - mmengine - INFO - paramwise_options -- backbone.backbone.blocks.17.ls1.gamma:lr_mult=0.1
2026/08/04 16:24:43 - mmengine - INFO - paramwise_options -- backbone.backbone.blocks.17.norm2.weight:lr=0.0001
2026/08/04 16:24:43 - mmengine - INFO - paramwise_options -- backbone.backbone.blocks.17.norm2.weight:weight_decay=0.01
2026/08/04 16:24:43 - mmengine - INFO - paramwise_options -- backbone.backbone.blocks.17.norm2.weight:lr_mult=0.1
2026/08/04 16:24:43 - mmengine - INFO - paramwise_options -- backbone.backbone.blocks.17.norm2.bias:lr=0.0001
2026/08/04 16:24:43 - mmengine - INFO - paramwise_options -- backbone.backbone.blocks.17.norm2.bias:weight_decay=0.01
2026/08/04 16:24:43 - mmengine - INFO - paramwise_options -- backbone.backbone.blocks.17.norm2.bias:lr_mult=0.1
2026/08/04 16:24:43 - mmengine - INFO - paramwise_options -- backbone.backbone.blocks.17.mlp.fc1.weight:lr=0.0001
2026/08/04 16:24:43 - mmengine - INFO - paramwise_options -- backbone.backbone.blocks.17.mlp.fc1.weight:weight_decay=0.01
2026/08/04 16:24:43 - mmengine - INFO - paramwise_options -- backbone.backbone.blocks.17.mlp.fc1.weight:lr_mult=0.1
2026/08/04 16:24:43 - mmengine - INFO - paramwise_options -- backbone.backbone.blocks.17.mlp.fc1.bias:lr=0.0001
2026/08/04 16:24:43 - mmengine - INFO - paramwise_options -- backbone.backbone.blocks.17.mlp.fc1.bias:weight_decay=0.01
2026/08/04 16:24:43 - mmengine - INFO - paramwise_options -- backbone.backbone.blocks.17.mlp.fc1.bias:lr_mult=0.1
2026/08/04 16:24:43 - mmengine - INFO - paramwise_options -- backbone.backbone.blocks.17.mlp.fc2.weight:lr=0.0001
2026/08/04 16:24:43 - mmengine - INFO - paramwise_options -- backbone.backbone.blocks.17.mlp.fc2.weight:weight_decay=0.01
2026/08/04 16:24:43 - mmengine - INFO - paramwise_options -- backbone.backbone.blocks.17.mlp.fc2.weight:lr_mult=0.1
2026/08/04 16:24:43 - mmengine - INFO - paramwise_options -- backbone.backbone.blocks.17.mlp.fc2.bias:lr=0.0001
2026/08/04 16:24:43 - mmengine - INFO - paramwise_options -- backbone.backbone.blocks.17.mlp.fc2.bias:weight_decay=0.01
2026/08/04 16:24:43 - mmengine - INFO - paramwise_options -- backbone.backbone.blocks.17.mlp.fc2.bias:lr_mult=0.1
2026/08/04 16:24:43 - mmengine - INFO - paramwise_options -- backbone.backbone.blocks.17.ls2.gamma:lr=0.0001
2026/08/04 16:24:43 - mmengine - INFO - paramwise_options -- backbone.backbone.blocks.17.ls2.gamma:weight_decay=0.01
2026/08/04 16:24:43 - mmengine - INFO - paramwise_options -- backbone.backbone.blocks.17.ls2.gamma:lr_mult=0.1
2026/08/04 16:24:43 - mmengine - INFO - paramwise_options -- backbone.backbone.blocks.18.norm1.weight:lr=0.0001
2026/08/04 16:24:43 - mmengine - INFO - paramwise_options -- backbone.backbone.blocks.18.norm1.weight:weight_decay=0.01
2026/08/04 16:24:43 - mmengine - INFO - paramwise_options -- backbone.backbone.blocks.18.norm1.weight:lr_mult=0.1
2026/08/04 16:24:43 - mmengine - INFO - paramwise_options -- backbone.backbone.blocks.18.norm1.bias:lr=0.0001
2026/08/04 16:24:43 - mmengine - INFO - paramwise_options -- backbone.backbone.blocks.18.norm1.bias:weight_decay=0.01
2026/08/04 16:24:43 - mmengine - INFO - paramwise_options -- backbone.backbone.blocks.18.norm1.bias:lr_mult=0.1
2026/08/04 16:24:43 - mmengine - INFO - paramwise_options -- backbone.backbone.blocks.18.attn.qkv.weight:lr=0.0001
2026/08/04 16:24:43 - mmengine - INFO - paramwise_options -- backbone.backbone.blocks.18.attn.qkv.weight:weight_decay=0.01
2026/08/04 16:24:43 - mmengine - INFO - paramwise_options -- backbone.backbone.blocks.18.attn.qkv.weight:lr_mult=0.1
2026/08/04 16:24:43 - mmengine - INFO - paramwise_options -- backbone.backbone.blocks.18.attn.qkv.bias:lr=0.0001
2026/08/04 16:24:43 - mmengine - INFO - paramwise_options -- backbone.backbone.blocks.18.attn.qkv.bias:weight_decay=0.01
2026/08/04 16:24:43 - mmengine - INFO - paramwise_options -- backbone.backbone.blocks.18.attn.qkv.bias:lr_mult=0.1
2026/08/04 16:24:43 - mmengine - INFO - paramwise_options -- backbone.backbone.blocks.18.attn.proj.weight:lr=0.0001
2026/08/04 16:24:43 - mmengine - INFO - paramwise_options -- backbone.backbone.blocks.18.attn.proj.weight:weight_decay=0.01
2026/08/04 16:24:43 - mmengine - INFO - paramwise_options -- backbone.backbone.blocks.18.attn.proj.weight:lr_mult=0.1
2026/08/04 16:24:43 - mmengine - INFO - paramwise_options -- backbone.backbone.blocks.18.attn.proj.bias:lr=0.0001
2026/08/04 16:24:43 - mmengine - INFO - paramwise_options -- backbone.backbone.blocks.18.attn.proj.bias:weight_decay=0.01
2026/08/04 16:24:43 - mmengine - INFO - paramwise_options -- backbone.backbone.blocks.18.attn.proj.bias:lr_mult=0.1
2026/08/04 16:24:43 - mmengine - INFO - paramwise_options -- backbone.backbone.blocks.18.ls1.gamma:lr=0.0001
2026/08/04 16:24:43 - mmengine - INFO - paramwise_options -- backbone.backbone.blocks.18.ls1.gamma:weight_decay=0.01
2026/08/04 16:24:43 - mmengine - INFO - paramwise_options -- backbone.backbone.blocks.18.ls1.gamma:lr_mult=0.1
2026/08/04 16:24:43 - mmengine - INFO - paramwise_options -- backbone.backbone.blocks.18.norm2.weight:lr=0.0001
2026/08/04 16:24:43 - mmengine - INFO - paramwise_options -- backbone.backbone.blocks.18.norm2.weight:weight_decay=0.01
2026/08/04 16:24:43 - mmengine - INFO - paramwise_options -- backbone.backbone.blocks.18.norm2.weight:lr_mult=0.1
2026/08/04 16:24:43 - mmengine - INFO - paramwise_options -- backbone.backbone.blocks.18.norm2.bias:lr=0.0001
2026/08/04 16:24:43 - mmengine - INFO - paramwise_options -- backbone.backbone.blocks.18.norm2.bias:weight_decay=0.01
2026/08/04 16:24:43 - mmengine - INFO - paramwise_options -- backbone.backbone.blocks.18.norm2.bias:lr_mult=0.1
2026/08/04 16:24:43 - mmengine - INFO - paramwise_options -- backbone.backbone.blocks.18.mlp.fc1.weight:lr=0.0001
2026/08/04 16:24:43 - mmengine - INFO - paramwise_options -- backbone.backbone.blocks.18.mlp.fc1.weight:weight_decay=0.01
2026/08/04 16:24:43 - mmengine - INFO - paramwise_options -- backbone.backbone.blocks.18.mlp.fc1.weight:lr_mult=0.1
2026/08/04 16:24:43 - mmengine - INFO - paramwise_options -- backbone.backbone.blocks.18.mlp.fc1.bias:lr=0.0001
2026/08/04 16:24:43 - mmengine - INFO - paramwise_options -- backbone.backbone.blocks.18.mlp.fc1.bias:weight_decay=0.01
2026/08/04 16:24:43 - mmengine - INFO - paramwise_options -- backbone.backbone.blocks.18.mlp.fc1.bias:lr_mult=0.1
2026/08/04 16:24:43 - mmengine - INFO - paramwise_options -- backbone.backbone.blocks.18.mlp.fc2.weight:lr=0.0001
2026/08/04 16:24:43 - mmengine - INFO - paramwise_options -- backbone.backbone.blocks.18.mlp.fc2.weight:weight_decay=0.01
2026/08/04 16:24:43 - mmengine - INFO - paramwise_options -- backbone.backbone.blocks.18.mlp.fc2.weight:lr_mult=0.1
2026/08/04 16:24:43 - mmengine - INFO - paramwise_options -- backbone.backbone.blocks.18.mlp.fc2.bias:lr=0.0001
2026/08/04 16:24:43 - mmengine - INFO - paramwise_options -- backbone.backbone.blocks.18.mlp.fc2.bias:weight_decay=0.01
2026/08/04 16:24:43 - mmengine - INFO - paramwise_options -- backbone.backbone.blocks.18.mlp.fc2.bias:lr_mult=0.1
2026/08/04 16:24:43 - mmengine - INFO - paramwise_options -- backbone.backbone.blocks.18.ls2.gamma:lr=0.0001
2026/08/04 16:24:43 - mmengine - INFO - paramwise_options -- backbone.backbone.blocks.18.ls2.gamma:weight_decay=0.01
2026/08/04 16:24:43 - mmengine - INFO - paramwise_options -- backbone.backbone.blocks.18.ls2.gamma:lr_mult=0.1
2026/08/04 16:24:43 - mmengine - INFO - paramwise_options -- backbone.backbone.blocks.19.norm1.weight:lr=0.0001
2026/08/04 16:24:43 - mmengine - INFO - paramwise_options -- backbone.backbone.blocks.19.norm1.weight:weight_decay=0.01
2026/08/04 16:24:43 - mmengine - INFO - paramwise_options -- backbone.backbone.blocks.19.norm1.weight:lr_mult=0.1
2026/08/04 16:24:43 - mmengine - INFO - paramwise_options -- backbone.backbone.blocks.19.norm1.bias:lr=0.0001
2026/08/04 16:24:43 - mmengine - INFO - paramwise_options -- backbone.backbone.blocks.19.norm1.bias:weight_decay=0.01
2026/08/04 16:24:43 - mmengine - INFO - paramwise_options -- backbone.backbone.blocks.19.norm1.bias:lr_mult=0.1
2026/08/04 16:24:43 - mmengine - INFO - paramwise_options -- backbone.backbone.blocks.19.attn.qkv.weight:lr=0.0001
2026/08/04 16:24:43 - mmengine - INFO - paramwise_options -- backbone.backbone.blocks.19.attn.qkv.weight:weight_decay=0.01
2026/08/04 16:24:43 - mmengine - INFO - paramwise_options -- backbone.backbone.blocks.19.attn.qkv.weight:lr_mult=0.1
2026/08/04 16:24:43 - mmengine - INFO - paramwise_options -- backbone.backbone.blocks.19.attn.qkv.bias:lr=0.0001
2026/08/04 16:24:43 - mmengine - INFO - paramwise_options -- backbone.backbone.blocks.19.attn.qkv.bias:weight_decay=0.01
2026/08/04 16:24:43 - mmengine - INFO - paramwise_options -- backbone.backbone.blocks.19.attn.qkv.bias:lr_mult=0.1
2026/08/04 16:24:43 - mmengine - INFO - paramwise_options -- backbone.backbone.blocks.19.attn.proj.weight:lr=0.0001
2026/08/04 16:24:43 - mmengine - INFO - paramwise_options -- backbone.backbone.blocks.19.attn.proj.weight:weight_decay=0.01
2026/08/04 16:24:43 - mmengine - INFO - paramwise_options -- backbone.backbone.blocks.19.attn.proj.weight:lr_mult=0.1
2026/08/04 16:24:43 - mmengine - INFO - paramwise_options -- backbone.backbone.blocks.19.attn.proj.bias:lr=0.0001
2026/08/04 16:24:43 - mmengine - INFO - paramwise_options -- backbone.backbone.blocks.19.attn.proj.bias:weight_decay=0.01
2026/08/04 16:24:43 - mmengine - INFO - paramwise_options -- backbone.backbone.blocks.19.attn.proj.bias:lr_mult=0.1
2026/08/04 16:24:43 - mmengine - INFO - paramwise_options -- backbone.backbone.blocks.19.ls1.gamma:lr=0.0001
2026/08/04 16:24:43 - mmengine - INFO - paramwise_options -- backbone.backbone.blocks.19.ls1.gamma:weight_decay=0.01
2026/08/04 16:24:43 - mmengine - INFO - paramwise_options -- backbone.backbone.blocks.19.ls1.gamma:lr_mult=0.1
2026/08/04 16:24:43 - mmengine - INFO - paramwise_options -- backbone.backbone.blocks.19.norm2.weight:lr=0.0001
2026/08/04 16:24:43 - mmengine - INFO - paramwise_options -- backbone.backbone.blocks.19.norm2.weight:weight_decay=0.01
2026/08/04 16:24:43 - mmengine - INFO - paramwise_options -- backbone.backbone.blocks.19.norm2.weight:lr_mult=0.1
2026/08/04 16:24:43 - mmengine - INFO - paramwise_options -- backbone.backbone.blocks.19.norm2.bias:lr=0.0001
2026/08/04 16:24:43 - mmengine - INFO - paramwise_options -- backbone.backbone.blocks.19.norm2.bias:weight_decay=0.01
2026/08/04 16:24:43 - mmengine - INFO - paramwise_options -- backbone.backbone.blocks.19.norm2.bias:lr_mult=0.1
2026/08/04 16:24:43 - mmengine - INFO - paramwise_options -- backbone.backbone.blocks.19.mlp.fc1.weight:lr=0.0001
2026/08/04 16:24:43 - mmengine - INFO - paramwise_options -- backbone.backbone.blocks.19.mlp.fc1.weight:weight_decay=0.01
2026/08/04 16:24:43 - mmengine - INFO - paramwise_options -- backbone.backbone.blocks.19.mlp.fc1.weight:lr_mult=0.1
2026/08/04 16:24:43 - mmengine - INFO - paramwise_options -- backbone.backbone.blocks.19.mlp.fc1.bias:lr=0.0001
2026/08/04 16:24:43 - mmengine - INFO - paramwise_options -- backbone.backbone.blocks.19.mlp.fc1.bias:weight_decay=0.01
2026/08/04 16:24:43 - mmengine - INFO - paramwise_options -- backbone.backbone.blocks.19.mlp.fc1.bias:lr_mult=0.1
2026/08/04 16:24:43 - mmengine - INFO - paramwise_options -- backbone.backbone.blocks.19.mlp.fc2.weight:lr=0.0001
2026/08/04 16:24:43 - mmengine - INFO - paramwise_options -- backbone.backbone.blocks.19.mlp.fc2.weight:weight_decay=0.01
2026/08/04 16:24:43 - mmengine - INFO - paramwise_options -- backbone.backbone.blocks.19.mlp.fc2.weight:lr_mult=0.1
2026/08/04 16:24:43 - mmengine - INFO - paramwise_options -- backbone.backbone.blocks.19.mlp.fc2.bias:lr=0.0001
2026/08/04 16:24:43 - mmengine - INFO - paramwise_options -- backbone.backbone.blocks.19.mlp.fc2.bias:weight_decay=0.01
2026/08/04 16:24:43 - mmengine - INFO - paramwise_options -- backbone.backbone.blocks.19.mlp.fc2.bias:lr_mult=0.1
2026/08/04 16:24:43 - mmengine - INFO - paramwise_options -- backbone.backbone.blocks.19.ls2.gamma:lr=0.0001
2026/08/04 16:24:43 - mmengine - INFO - paramwise_options -- backbone.backbone.blocks.19.ls2.gamma:weight_decay=0.01
2026/08/04 16:24:43 - mmengine - INFO - paramwise_options -- backbone.backbone.blocks.19.ls2.gamma:lr_mult=0.1
2026/08/04 16:24:43 - mmengine - INFO - paramwise_options -- backbone.backbone.blocks.20.norm1.weight:lr=0.0001
2026/08/04 16:24:43 - mmengine - INFO - paramwise_options -- backbone.backbone.blocks.20.norm1.weight:weight_decay=0.01
2026/08/04 16:24:43 - mmengine - INFO - paramwise_options -- backbone.backbone.blocks.20.norm1.weight:lr_mult=0.1
2026/08/04 16:24:43 - mmengine - INFO - paramwise_options -- backbone.backbone.blocks.20.norm1.bias:lr=0.0001
2026/08/04 16:24:43 - mmengine - INFO - paramwise_options -- backbone.backbone.blocks.20.norm1.bias:weight_decay=0.01
2026/08/04 16:24:43 - mmengine - INFO - paramwise_options -- backbone.backbone.blocks.20.norm1.bias:lr_mult=0.1
2026/08/04 16:24:43 - mmengine - INFO - paramwise_options -- backbone.backbone.blocks.20.attn.qkv.weight:lr=0.0001
2026/08/04 16:24:43 - mmengine - INFO - paramwise_options -- backbone.backbone.blocks.20.attn.qkv.weight:weight_decay=0.01
2026/08/04 16:24:43 - mmengine - INFO - paramwise_options -- backbone.backbone.blocks.20.attn.qkv.weight:lr_mult=0.1
2026/08/04 16:24:43 - mmengine - INFO - paramwise_options -- backbone.backbone.blocks.20.attn.qkv.bias:lr=0.0001
2026/08/04 16:24:43 - mmengine - INFO - paramwise_options -- backbone.backbone.blocks.20.attn.qkv.bias:weight_decay=0.01
2026/08/04 16:24:43 - mmengine - INFO - paramwise_options -- backbone.backbone.blocks.20.attn.qkv.bias:lr_mult=0.1
2026/08/04 16:24:43 - mmengine - INFO - paramwise_options -- backbone.backbone.blocks.20.attn.proj.weight:lr=0.0001
2026/08/04 16:24:43 - mmengine - INFO - paramwise_options -- backbone.backbone.blocks.20.attn.proj.weight:weight_decay=0.01
2026/08/04 16:24:43 - mmengine - INFO - paramwise_options -- backbone.backbone.blocks.20.attn.proj.weight:lr_mult=0.1
2026/08/04 16:24:43 - mmengine - INFO - paramwise_options -- backbone.backbone.blocks.20.attn.proj.bias:lr=0.0001
2026/08/04 16:24:43 - mmengine - INFO - paramwise_options -- backbone.backbone.blocks.20.attn.proj.bias:weight_decay=0.01
2026/08/04 16:24:43 - mmengine - INFO - paramwise_options -- backbone.backbone.blocks.20.attn.proj.bias:lr_mult=0.1
2026/08/04 16:24:43 - mmengine - INFO - paramwise_options -- backbone.backbone.blocks.20.ls1.gamma:lr=0.0001
2026/08/04 16:24:43 - mmengine - INFO - paramwise_options -- backbone.backbone.blocks.20.ls1.gamma:weight_decay=0.01
2026/08/04 16:24:43 - mmengine - INFO - paramwise_options -- backbone.backbone.blocks.20.ls1.gamma:lr_mult=0.1
2026/08/04 16:24:43 - mmengine - INFO - paramwise_options -- backbone.backbone.blocks.20.norm2.weight:lr=0.0001
2026/08/04 16:24:43 - mmengine - INFO - paramwise_options -- backbone.backbone.blocks.20.norm2.weight:weight_decay=0.01
2026/08/04 16:24:43 - mmengine - INFO - paramwise_options -- backbone.backbone.blocks.20.norm2.weight:lr_mult=0.1
2026/08/04 16:24:43 - mmengine - INFO - paramwise_options -- backbone.backbone.blocks.20.norm2.bias:lr=0.0001
2026/08/04 16:24:43 - mmengine - INFO - paramwise_options -- backbone.backbone.blocks.20.norm2.bias:weight_decay=0.01
2026/08/04 16:24:43 - mmengine - INFO - paramwise_options -- backbone.backbone.blocks.20.norm2.bias:lr_mult=0.1
2026/08/04 16:24:43 - mmengine - INFO - paramwise_options -- backbone.backbone.blocks.20.mlp.fc1.weight:lr=0.0001
2026/08/04 16:24:43 - mmengine - INFO - paramwise_options -- backbone.backbone.blocks.20.mlp.fc1.weight:weight_decay=0.01
2026/08/04 16:24:43 - mmengine - INFO - paramwise_options -- backbone.backbone.blocks.20.mlp.fc1.weight:lr_mult=0.1
2026/08/04 16:24:43 - mmengine - INFO - paramwise_options -- backbone.backbone.blocks.20.mlp.fc1.bias:lr=0.0001
2026/08/04 16:24:43 - mmengine - INFO - paramwise_options -- backbone.backbone.blocks.20.mlp.fc1.bias:weight_decay=0.01
2026/08/04 16:24:43 - mmengine - INFO - paramwise_options -- backbone.backbone.blocks.20.mlp.fc1.bias:lr_mult=0.1
2026/08/04 16:24:43 - mmengine - INFO - paramwise_options -- backbone.backbone.blocks.20.mlp.fc2.weight:lr=0.0001
2026/08/04 16:24:43 - mmengine - INFO - paramwise_options -- backbone.backbone.blocks.20.mlp.fc2.weight:weight_decay=0.01
2026/08/04 16:24:43 - mmengine - INFO - paramwise_options -- backbone.backbone.blocks.20.mlp.fc2.weight:lr_mult=0.1
2026/08/04 16:24:43 - mmengine - INFO - paramwise_options -- backbone.backbone.blocks.20.mlp.fc2.bias:lr=0.0001
2026/08/04 16:24:43 - mmengine - INFO - paramwise_options -- backbone.backbone.blocks.20.mlp.fc2.bias:weight_decay=0.01
2026/08/04 16:24:43 - mmengine - INFO - paramwise_options -- backbone.backbone.blocks.20.mlp.fc2.bias:lr_mult=0.1
2026/08/04 16:24:43 - mmengine - INFO - paramwise_options -- backbone.backbone.blocks.20.ls2.gamma:lr=0.0001
2026/08/04 16:24:43 - mmengine - INFO - paramwise_options -- backbone.backbone.blocks.20.ls2.gamma:weight_decay=0.01
2026/08/04 16:24:43 - mmengine - INFO - paramwise_options -- backbone.backbone.blocks.20.ls2.gamma:lr_mult=0.1
2026/08/04 16:24:43 - mmengine - INFO - paramwise_options -- backbone.backbone.blocks.21.norm1.weight:lr=0.0001
2026/08/04 16:24:43 - mmengine - INFO - paramwise_options -- backbone.backbone.blocks.21.norm1.weight:weight_decay=0.01
2026/08/04 16:24:43 - mmengine - INFO - paramwise_options -- backbone.backbone.blocks.21.norm1.weight:lr_mult=0.1
2026/08/04 16:24:43 - mmengine - INFO - paramwise_options -- backbone.backbone.blocks.21.norm1.bias:lr=0.0001
2026/08/04 16:24:43 - mmengine - INFO - paramwise_options -- backbone.backbone.blocks.21.norm1.bias:weight_decay=0.01
2026/08/04 16:24:43 - mmengine - INFO - paramwise_options -- backbone.backbone.blocks.21.norm1.bias:lr_mult=0.1
2026/08/04 16:24:43 - mmengine - INFO - paramwise_options -- backbone.backbone.blocks.21.attn.qkv.weight:lr=0.0001
2026/08/04 16:24:43 - mmengine - INFO - paramwise_options -- backbone.backbone.blocks.21.attn.qkv.weight:weight_decay=0.01
2026/08/04 16:24:43 - mmengine - INFO - paramwise_options -- backbone.backbone.blocks.21.attn.qkv.weight:lr_mult=0.1
2026/08/04 16:24:43 - mmengine - INFO - paramwise_options -- backbone.backbone.blocks.21.attn.qkv.bias:lr=0.0001
2026/08/04 16:24:43 - mmengine - INFO - paramwise_options -- backbone.backbone.blocks.21.attn.qkv.bias:weight_decay=0.01
2026/08/04 16:24:43 - mmengine - INFO - paramwise_options -- backbone.backbone.blocks.21.attn.qkv.bias:lr_mult=0.1
2026/08/04 16:24:43 - mmengine - INFO - paramwise_options -- backbone.backbone.blocks.21.attn.proj.weight:lr=0.0001
2026/08/04 16:24:43 - mmengine - INFO - paramwise_options -- backbone.backbone.blocks.21.attn.proj.weight:weight_decay=0.01
2026/08/04 16:24:43 - mmengine - INFO - paramwise_options -- backbone.backbone.blocks.21.attn.proj.weight:lr_mult=0.1
2026/08/04 16:24:43 - mmengine - INFO - paramwise_options -- backbone.backbone.blocks.21.attn.proj.bias:lr=0.0001
2026/08/04 16:24:43 - mmengine - INFO - paramwise_options -- backbone.backbone.blocks.21.attn.proj.bias:weight_decay=0.01
2026/08/04 16:24:43 - mmengine - INFO - paramwise_options -- backbone.backbone.blocks.21.attn.proj.bias:lr_mult=0.1
2026/08/04 16:24:43 - mmengine - INFO - paramwise_options -- backbone.backbone.blocks.21.ls1.gamma:lr=0.0001
2026/08/04 16:24:43 - mmengine - INFO - paramwise_options -- backbone.backbone.blocks.21.ls1.gamma:weight_decay=0.01
2026/08/04 16:24:43 - mmengine - INFO - paramwise_options -- backbone.backbone.blocks.21.ls1.gamma:lr_mult=0.1
2026/08/04 16:24:43 - mmengine - INFO - paramwise_options -- backbone.backbone.blocks.21.norm2.weight:lr=0.0001
2026/08/04 16:24:43 - mmengine - INFO - paramwise_options -- backbone.backbone.blocks.21.norm2.weight:weight_decay=0.01
2026/08/04 16:24:43 - mmengine - INFO - paramwise_options -- backbone.backbone.blocks.21.norm2.weight:lr_mult=0.1
2026/08/04 16:24:43 - mmengine - INFO - paramwise_options -- backbone.backbone.blocks.21.norm2.bias:lr=0.0001
2026/08/04 16:24:43 - mmengine - INFO - paramwise_options -- backbone.backbone.blocks.21.norm2.bias:weight_decay=0.01
2026/08/04 16:24:43 - mmengine - INFO - paramwise_options -- backbone.backbone.blocks.21.norm2.bias:lr_mult=0.1
2026/08/04 16:24:43 - mmengine - INFO - paramwise_options -- backbone.backbone.blocks.21.mlp.fc1.weight:lr=0.0001
2026/08/04 16:24:43 - mmengine - INFO - paramwise_options -- backbone.backbone.blocks.21.mlp.fc1.weight:weight_decay=0.01
2026/08/04 16:24:43 - mmengine - INFO - paramwise_options -- backbone.backbone.blocks.21.mlp.fc1.weight:lr_mult=0.1
2026/08/04 16:24:43 - mmengine - INFO - paramwise_options -- backbone.backbone.blocks.21.mlp.fc1.bias:lr=0.0001
2026/08/04 16:24:43 - mmengine - INFO - paramwise_options -- backbone.backbone.blocks.21.mlp.fc1.bias:weight_decay=0.01
2026/08/04 16:24:43 - mmengine - INFO - paramwise_options -- backbone.backbone.blocks.21.mlp.fc1.bias:lr_mult=0.1
2026/08/04 16:24:43 - mmengine - INFO - paramwise_options -- backbone.backbone.blocks.21.mlp.fc2.weight:lr=0.0001
2026/08/04 16:24:43 - mmengine - INFO - paramwise_options -- backbone.backbone.blocks.21.mlp.fc2.weight:weight_decay=0.01
2026/08/04 16:24:43 - mmengine - INFO - paramwise_options -- backbone.backbone.blocks.21.mlp.fc2.weight:lr_mult=0.1
2026/08/04 16:24:43 - mmengine - INFO - paramwise_options -- backbone.backbone.blocks.21.mlp.fc2.bias:lr=0.0001
2026/08/04 16:24:43 - mmengine - INFO - paramwise_options -- backbone.backbone.blocks.21.mlp.fc2.bias:weight_decay=0.01
2026/08/04 16:24:43 - mmengine - INFO - paramwise_options -- backbone.backbone.blocks.21.mlp.fc2.bias:lr_mult=0.1
2026/08/04 16:24:43 - mmengine - INFO - paramwise_options -- backbone.backbone.blocks.21.ls2.gamma:lr=0.0001
2026/08/04 16:24:43 - mmengine - INFO - paramwise_options -- backbone.backbone.blocks.21.ls2.gamma:weight_decay=0.01
2026/08/04 16:24:43 - mmengine - INFO - paramwise_options -- backbone.backbone.blocks.21.ls2.gamma:lr_mult=0.1
2026/08/04 16:24:43 - mmengine - INFO - paramwise_options -- backbone.backbone.blocks.22.norm1.weight:lr=0.0001
2026/08/04 16:24:43 - mmengine - INFO - paramwise_options -- backbone.backbone.blocks.22.norm1.weight:weight_decay=0.01
2026/08/04 16:24:43 - mmengine - INFO - paramwise_options -- backbone.backbone.blocks.22.norm1.weight:lr_mult=0.1
2026/08/04 16:24:43 - mmengine - INFO - paramwise_options -- backbone.backbone.blocks.22.norm1.bias:lr=0.0001
2026/08/04 16:24:43 - mmengine - INFO - paramwise_options -- backbone.backbone.blocks.22.norm1.bias:weight_decay=0.01
2026/08/04 16:24:43 - mmengine - INFO - paramwise_options -- backbone.backbone.blocks.22.norm1.bias:lr_mult=0.1
2026/08/04 16:24:43 - mmengine - INFO - paramwise_options -- backbone.backbone.blocks.22.attn.qkv.weight:lr=0.0001
2026/08/04 16:24:43 - mmengine - INFO - paramwise_options -- backbone.backbone.blocks.22.attn.qkv.weight:weight_decay=0.01
2026/08/04 16:24:43 - mmengine - INFO - paramwise_options -- backbone.backbone.blocks.22.attn.qkv.weight:lr_mult=0.1
2026/08/04 16:24:43 - mmengine - INFO - paramwise_options -- backbone.backbone.blocks.22.attn.qkv.bias:lr=0.0001
2026/08/04 16:24:43 - mmengine - INFO - paramwise_options -- backbone.backbone.blocks.22.attn.qkv.bias:weight_decay=0.01
2026/08/04 16:24:43 - mmengine - INFO - paramwise_options -- backbone.backbone.blocks.22.attn.qkv.bias:lr_mult=0.1
2026/08/04 16:24:43 - mmengine - INFO - paramwise_options -- backbone.backbone.blocks.22.attn.proj.weight:lr=0.0001
2026/08/04 16:24:43 - mmengine - INFO - paramwise_options -- backbone.backbone.blocks.22.attn.proj.weight:weight_decay=0.01
2026/08/04 16:24:43 - mmengine - INFO - paramwise_options -- backbone.backbone.blocks.22.attn.proj.weight:lr_mult=0.1
2026/08/04 16:24:43 - mmengine - INFO - paramwise_options -- backbone.backbone.blocks.22.attn.proj.bias:lr=0.0001
2026/08/04 16:24:43 - mmengine - INFO - paramwise_options -- backbone.backbone.blocks.22.attn.proj.bias:weight_decay=0.01
2026/08/04 16:24:43 - mmengine - INFO - paramwise_options -- backbone.backbone.blocks.22.attn.proj.bias:lr_mult=0.1
2026/08/04 16:24:43 - mmengine - INFO - paramwise_options -- backbone.backbone.blocks.22.ls1.gamma:lr=0.0001
2026/08/04 16:24:43 - mmengine - INFO - paramwise_options -- backbone.backbone.blocks.22.ls1.gamma:weight_decay=0.01
2026/08/04 16:24:43 - mmengine - INFO - paramwise_options -- backbone.backbone.blocks.22.ls1.gamma:lr_mult=0.1
2026/08/04 16:24:43 - mmengine - INFO - paramwise_options -- backbone.backbone.blocks.22.norm2.weight:lr=0.0001
2026/08/04 16:24:43 - mmengine - INFO - paramwise_options -- backbone.backbone.blocks.22.norm2.weight:weight_decay=0.01
2026/08/04 16:24:43 - mmengine - INFO - paramwise_options -- backbone.backbone.blocks.22.norm2.weight:lr_mult=0.1
2026/08/04 16:24:43 - mmengine - INFO - paramwise_options -- backbone.backbone.blocks.22.norm2.bias:lr=0.0001
2026/08/04 16:24:43 - mmengine - INFO - paramwise_options -- backbone.backbone.blocks.22.norm2.bias:weight_decay=0.01
2026/08/04 16:24:43 - mmengine - INFO - paramwise_options -- backbone.backbone.blocks.22.norm2.bias:lr_mult=0.1
2026/08/04 16:24:43 - mmengine - INFO - paramwise_options -- backbone.backbone.blocks.22.mlp.fc1.weight:lr=0.0001
2026/08/04 16:24:43 - mmengine - INFO - paramwise_options -- backbone.backbone.blocks.22.mlp.fc1.weight:weight_decay=0.01
2026/08/04 16:24:43 - mmengine - INFO - paramwise_options -- backbone.backbone.blocks.22.mlp.fc1.weight:lr_mult=0.1
2026/08/04 16:24:43 - mmengine - INFO - paramwise_options -- backbone.backbone.blocks.22.mlp.fc1.bias:lr=0.0001
2026/08/04 16:24:43 - mmengine - INFO - paramwise_options -- backbone.backbone.blocks.22.mlp.fc1.bias:weight_decay=0.01
2026/08/04 16:24:43 - mmengine - INFO - paramwise_options -- backbone.backbone.blocks.22.mlp.fc1.bias:lr_mult=0.1
2026/08/04 16:24:43 - mmengine - INFO - paramwise_options -- backbone.backbone.blocks.22.mlp.fc2.weight:lr=0.0001
2026/08/04 16:24:43 - mmengine - INFO - paramwise_options -- backbone.backbone.blocks.22.mlp.fc2.weight:weight_decay=0.01
2026/08/04 16:24:43 - mmengine - INFO - paramwise_options -- backbone.backbone.blocks.22.mlp.fc2.weight:lr_mult=0.1
2026/08/04 16:24:43 - mmengine - INFO - paramwise_options -- backbone.backbone.blocks.22.mlp.fc2.bias:lr=0.0001
2026/08/04 16:24:43 - mmengine - INFO - paramwise_options -- backbone.backbone.blocks.22.mlp.fc2.bias:weight_decay=0.01
2026/08/04 16:24:43 - mmengine - INFO - paramwise_options -- backbone.backbone.blocks.22.mlp.fc2.bias:lr_mult=0.1
2026/08/04 16:24:43 - mmengine - INFO - paramwise_options -- backbone.backbone.blocks.22.ls2.gamma:lr=0.0001
2026/08/04 16:24:43 - mmengine - INFO - paramwise_options -- backbone.backbone.blocks.22.ls2.gamma:weight_decay=0.01
2026/08/04 16:24:43 - mmengine - INFO - paramwise_options -- backbone.backbone.blocks.22.ls2.gamma:lr_mult=0.1
2026/08/04 16:24:43 - mmengine - INFO - paramwise_options -- backbone.backbone.blocks.23.norm1.weight:lr=0.0001
2026/08/04 16:24:43 - mmengine - INFO - paramwise_options -- backbone.backbone.blocks.23.norm1.weight:weight_decay=0.01
2026/08/04 16:24:43 - mmengine - INFO - paramwise_options -- backbone.backbone.blocks.23.norm1.weight:lr_mult=0.1
2026/08/04 16:24:43 - mmengine - INFO - paramwise_options -- backbone.backbone.blocks.23.norm1.bias:lr=0.0001
2026/08/04 16:24:43 - mmengine - INFO - paramwise_options -- backbone.backbone.blocks.23.norm1.bias:weight_decay=0.01
2026/08/04 16:24:43 - mmengine - INFO - paramwise_options -- backbone.backbone.blocks.23.norm1.bias:lr_mult=0.1
2026/08/04 16:24:43 - mmengine - INFO - paramwise_options -- backbone.backbone.blocks.23.attn.qkv.weight:lr=0.0001
2026/08/04 16:24:43 - mmengine - INFO - paramwise_options -- backbone.backbone.blocks.23.attn.qkv.weight:weight_decay=0.01
2026/08/04 16:24:43 - mmengine - INFO - paramwise_options -- backbone.backbone.blocks.23.attn.qkv.weight:lr_mult=0.1
2026/08/04 16:24:43 - mmengine - INFO - paramwise_options -- backbone.backbone.blocks.23.attn.qkv.bias:lr=0.0001
2026/08/04 16:24:43 - mmengine - INFO - paramwise_options -- backbone.backbone.blocks.23.attn.qkv.bias:weight_decay=0.01
2026/08/04 16:24:43 - mmengine - INFO - paramwise_options -- backbone.backbone.blocks.23.attn.qkv.bias:lr_mult=0.1
2026/08/04 16:24:43 - mmengine - INFO - paramwise_options -- backbone.backbone.blocks.23.attn.proj.weight:lr=0.0001
2026/08/04 16:24:43 - mmengine - INFO - paramwise_options -- backbone.backbone.blocks.23.attn.proj.weight:weight_decay=0.01
2026/08/04 16:24:43 - mmengine - INFO - paramwise_options -- backbone.backbone.blocks.23.attn.proj.weight:lr_mult=0.1
2026/08/04 16:24:43 - mmengine - INFO - paramwise_options -- backbone.backbone.blocks.23.attn.proj.bias:lr=0.0001
2026/08/04 16:24:43 - mmengine - INFO - paramwise_options -- backbone.backbone.blocks.23.attn.proj.bias:weight_decay=0.01
2026/08/04 16:24:43 - mmengine - INFO - paramwise_options -- backbone.backbone.blocks.23.attn.proj.bias:lr_mult=0.1
2026/08/04 16:24:43 - mmengine - INFO - paramwise_options -- backbone.backbone.blocks.23.ls1.gamma:lr=0.0001
2026/08/04 16:24:43 - mmengine - INFO - paramwise_options -- backbone.backbone.blocks.23.ls1.gamma:weight_decay=0.01
2026/08/04 16:24:43 - mmengine - INFO - paramwise_options -- backbone.backbone.blocks.23.ls1.gamma:lr_mult=0.1
2026/08/04 16:24:43 - mmengine - INFO - paramwise_options -- backbone.backbone.blocks.23.norm2.weight:lr=0.0001
2026/08/04 16:24:43 - mmengine - INFO - paramwise_options -- backbone.backbone.blocks.23.norm2.weight:weight_decay=0.01
2026/08/04 16:24:43 - mmengine - INFO - paramwise_options -- backbone.backbone.blocks.23.norm2.weight:lr_mult=0.1
2026/08/04 16:24:43 - mmengine - INFO - paramwise_options -- backbone.backbone.blocks.23.norm2.bias:lr=0.0001
2026/08/04 16:24:43 - mmengine - INFO - paramwise_options -- backbone.backbone.blocks.23.norm2.bias:weight_decay=0.01
2026/08/04 16:24:43 - mmengine - INFO - paramwise_options -- backbone.backbone.blocks.23.norm2.bias:lr_mult=0.1
2026/08/04 16:24:43 - mmengine - INFO - paramwise_options -- backbone.backbone.blocks.23.mlp.fc1.weight:lr=0.0001
2026/08/04 16:24:43 - mmengine - INFO - paramwise_options -- backbone.backbone.blocks.23.mlp.fc1.weight:weight_decay=0.01
2026/08/04 16:24:43 - mmengine - INFO - paramwise_options -- backbone.backbone.blocks.23.mlp.fc1.weight:lr_mult=0.1
2026/08/04 16:24:43 - mmengine - INFO - paramwise_options -- backbone.backbone.blocks.23.mlp.fc1.bias:lr=0.0001
2026/08/04 16:24:43 - mmengine - INFO - paramwise_options -- backbone.backbone.blocks.23.mlp.fc1.bias:weight_decay=0.01
2026/08/04 16:24:43 - mmengine - INFO - paramwise_options -- backbone.backbone.blocks.23.mlp.fc1.bias:lr_mult=0.1
2026/08/04 16:24:43 - mmengine - INFO - paramwise_options -- backbone.backbone.blocks.23.mlp.fc2.weight:lr=0.0001
2026/08/04 16:24:43 - mmengine - INFO - paramwise_options -- backbone.backbone.blocks.23.mlp.fc2.weight:weight_decay=0.01
2026/08/04 16:24:43 - mmengine - INFO - paramwise_options -- backbone.backbone.blocks.23.mlp.fc2.weight:lr_mult=0.1
2026/08/04 16:24:43 - mmengine - INFO - paramwise_options -- backbone.backbone.blocks.23.mlp.fc2.bias:lr=0.0001
2026/08/04 16:24:43 - mmengine - INFO - paramwise_options -- backbone.backbone.blocks.23.mlp.fc2.bias:weight_decay=0.01
2026/08/04 16:24:43 - mmengine - INFO - paramwise_options -- backbone.backbone.blocks.23.mlp.fc2.bias:lr_mult=0.1
2026/08/04 16:24:43 - mmengine - INFO - paramwise_options -- backbone.backbone.blocks.23.ls2.gamma:lr=0.0001
2026/08/04 16:24:43 - mmengine - INFO - paramwise_options -- backbone.backbone.blocks.23.ls2.gamma:weight_decay=0.01
2026/08/04 16:24:43 - mmengine - INFO - paramwise_options -- backbone.backbone.blocks.23.ls2.gamma:lr_mult=0.1
2026/08/04 16:24:43 - mmengine - INFO - paramwise_options -- backbone.backbone.norm.weight:lr=0.0001
2026/08/04 16:24:43 - mmengine - INFO - paramwise_options -- backbone.backbone.norm.weight:weight_decay=0.01
2026/08/04 16:24:43 - mmengine - INFO - paramwise_options -- backbone.backbone.norm.weight:lr_mult=0.1
2026/08/04 16:24:43 - mmengine - INFO - paramwise_options -- backbone.backbone.norm.bias:lr=0.0001
2026/08/04 16:24:43 - mmengine - INFO - paramwise_options -- backbone.backbone.norm.bias:weight_decay=0.01
2026/08/04 16:24:43 - mmengine - INFO - paramwise_options -- backbone.backbone.norm.bias:lr_mult=0.1
2026/08/04 16:24:43 - mmengine - INFO - paramwise_options -- backbone.adapter.level_embed:lr=0.0001
2026/08/04 16:24:43 - mmengine - INFO - paramwise_options -- backbone.adapter.level_embed:weight_decay=0.01
2026/08/04 16:24:43 - mmengine - INFO - paramwise_options -- backbone.adapter.level_embed:lr_mult=0.1
2026/08/04 16:24:43 - mmengine - INFO - paramwise_options -- backbone.adapter.spm.stem.0.weight:lr=0.0001
2026/08/04 16:24:43 - mmengine - INFO - paramwise_options -- backbone.adapter.spm.stem.0.weight:weight_decay=0.01
2026/08/04 16:24:43 - mmengine - INFO - paramwise_options -- backbone.adapter.spm.stem.0.weight:lr_mult=0.1
2026/08/04 16:24:43 - mmengine - INFO - paramwise_options -- backbone.adapter.spm.stem.1.weight:lr=0.0001
2026/08/04 16:24:43 - mmengine - INFO - paramwise_options -- backbone.adapter.spm.stem.1.weight:weight_decay=0.01
2026/08/04 16:24:43 - mmengine - INFO - paramwise_options -- backbone.adapter.spm.stem.1.weight:lr_mult=0.1
2026/08/04 16:24:43 - mmengine - INFO - paramwise_options -- backbone.adapter.spm.stem.1.bias:lr=0.0001
2026/08/04 16:24:43 - mmengine - INFO - paramwise_options -- backbone.adapter.spm.stem.1.bias:weight_decay=0.01
2026/08/04 16:24:43 - mmengine - INFO - paramwise_options -- backbone.adapter.spm.stem.1.bias:lr_mult=0.1
2026/08/04 16:24:43 - mmengine - INFO - paramwise_options -- backbone.adapter.spm.stem.3.weight:lr=0.0001
2026/08/04 16:24:43 - mmengine - INFO - paramwise_options -- backbone.adapter.spm.stem.3.weight:weight_decay=0.01
2026/08/04 16:24:43 - mmengine - INFO - paramwise_options -- backbone.adapter.spm.stem.3.weight:lr_mult=0.1
2026/08/04 16:24:43 - mmengine - INFO - paramwise_options -- backbone.adapter.spm.stem.4.weight:lr=0.0001
2026/08/04 16:24:43 - mmengine - INFO - paramwise_options -- backbone.adapter.spm.stem.4.weight:weight_decay=0.01
2026/08/04 16:24:43 - mmengine - INFO - paramwise_options -- backbone.adapter.spm.stem.4.weight:lr_mult=0.1
2026/08/04 16:24:43 - mmengine - INFO - paramwise_options -- backbone.adapter.spm.stem.4.bias:lr=0.0001
2026/08/04 16:24:43 - mmengine - INFO - paramwise_options -- backbone.adapter.spm.stem.4.bias:weight_decay=0.01
2026/08/04 16:24:43 - mmengine - INFO - paramwise_options -- backbone.adapter.spm.stem.4.bias:lr_mult=0.1
2026/08/04 16:24:43 - mmengine - INFO - paramwise_options -- backbone.adapter.spm.stem.6.weight:lr=0.0001
2026/08/04 16:24:43 - mmengine - INFO - paramwise_options -- backbone.adapter.spm.stem.6.weight:weight_decay=0.01
2026/08/04 16:24:43 - mmengine - INFO - paramwise_options -- backbone.adapter.spm.stem.6.weight:lr_mult=0.1
2026/08/04 16:24:43 - mmengine - INFO - paramwise_options -- backbone.adapter.spm.stem.7.weight:lr=0.0001
2026/08/04 16:24:43 - mmengine - INFO - paramwise_options -- backbone.adapter.spm.stem.7.weight:weight_decay=0.01
2026/08/04 16:24:43 - mmengine - INFO - paramwise_options -- backbone.adapter.spm.stem.7.weight:lr_mult=0.1
2026/08/04 16:24:43 - mmengine - INFO - paramwise_options -- backbone.adapter.spm.stem.7.bias:lr=0.0001
2026/08/04 16:24:43 - mmengine - INFO - paramwise_options -- backbone.adapter.spm.stem.7.bias:weight_decay=0.01
2026/08/04 16:24:43 - mmengine - INFO - paramwise_options -- backbone.adapter.spm.stem.7.bias:lr_mult=0.1
2026/08/04 16:24:43 - mmengine - INFO - paramwise_options -- backbone.adapter.spm.conv2.0.weight:lr=0.0001
2026/08/04 16:24:43 - mmengine - INFO - paramwise_options -- backbone.adapter.spm.conv2.0.weight:weight_decay=0.01
2026/08/04 16:24:43 - mmengine - INFO - paramwise_options -- backbone.adapter.spm.conv2.0.weight:lr_mult=0.1
2026/08/04 16:24:43 - mmengine - INFO - paramwise_options -- backbone.adapter.spm.conv2.1.weight:lr=0.0001
2026/08/04 16:24:43 - mmengine - INFO - paramwise_options -- backbone.adapter.spm.conv2.1.weight:weight_decay=0.01
2026/08/04 16:24:43 - mmengine - INFO - paramwise_options -- backbone.adapter.spm.conv2.1.weight:lr_mult=0.1
2026/08/04 16:24:43 - mmengine - INFO - paramwise_options -- backbone.adapter.spm.conv2.1.bias:lr=0.0001
2026/08/04 16:24:43 - mmengine - INFO - paramwise_options -- backbone.adapter.spm.conv2.1.bias:weight_decay=0.01
2026/08/04 16:24:43 - mmengine - INFO - paramwise_options -- backbone.adapter.spm.conv2.1.bias:lr_mult=0.1
2026/08/04 16:24:43 - mmengine - INFO - paramwise_options -- backbone.adapter.spm.conv3.0.weight:lr=0.0001
2026/08/04 16:24:43 - mmengine - INFO - paramwise_options -- backbone.adapter.spm.conv3.0.weight:weight_decay=0.01
2026/08/04 16:24:43 - mmengine - INFO - paramwise_options -- backbone.adapter.spm.conv3.0.weight:lr_mult=0.1
2026/08/04 16:24:43 - mmengine - INFO - paramwise_options -- backbone.adapter.spm.conv3.1.weight:lr=0.0001
2026/08/04 16:24:43 - mmengine - INFO - paramwise_options -- backbone.adapter.spm.conv3.1.weight:weight_decay=0.01
2026/08/04 16:24:43 - mmengine - INFO - paramwise_options -- backbone.adapter.spm.conv3.1.weight:lr_mult=0.1
2026/08/04 16:24:43 - mmengine - INFO - paramwise_options -- backbone.adapter.spm.conv3.1.bias:lr=0.0001
2026/08/04 16:24:43 - mmengine - INFO - paramwise_options -- backbone.adapter.spm.conv3.1.bias:weight_decay=0.01
2026/08/04 16:24:43 - mmengine - INFO - paramwise_options -- backbone.adapter.spm.conv3.1.bias:lr_mult=0.1
2026/08/04 16:24:43 - mmengine - INFO - paramwise_options -- backbone.adapter.spm.conv4.0.weight:lr=0.0001
2026/08/04 16:24:43 - mmengine - INFO - paramwise_options -- backbone.adapter.spm.conv4.0.weight:weight_decay=0.01
2026/08/04 16:24:43 - mmengine - INFO - paramwise_options -- backbone.adapter.spm.conv4.0.weight:lr_mult=0.1
2026/08/04 16:24:43 - mmengine - INFO - paramwise_options -- backbone.adapter.spm.conv4.1.weight:lr=0.0001
2026/08/04 16:24:43 - mmengine - INFO - paramwise_options -- backbone.adapter.spm.conv4.1.weight:weight_decay=0.01
2026/08/04 16:24:43 - mmengine - INFO - paramwise_options -- backbone.adapter.spm.conv4.1.weight:lr_mult=0.1
2026/08/04 16:24:43 - mmengine - INFO - paramwise_options -- backbone.adapter.spm.conv4.1.bias:lr=0.0001
2026/08/04 16:24:43 - mmengine - INFO - paramwise_options -- backbone.adapter.spm.conv4.1.bias:weight_decay=0.01
2026/08/04 16:24:43 - mmengine - INFO - paramwise_options -- backbone.adapter.spm.conv4.1.bias:lr_mult=0.1
2026/08/04 16:24:43 - mmengine - INFO - paramwise_options -- backbone.adapter.spm.fc1.weight:lr=0.0001
2026/08/04 16:24:43 - mmengine - INFO - paramwise_options -- backbone.adapter.spm.fc1.weight:weight_decay=0.01
2026/08/04 16:24:43 - mmengine - INFO - paramwise_options -- backbone.adapter.spm.fc1.weight:lr_mult=0.1
2026/08/04 16:24:43 - mmengine - INFO - paramwise_options -- backbone.adapter.spm.fc1.bias:lr=0.0001
2026/08/04 16:24:43 - mmengine - INFO - paramwise_options -- backbone.adapter.spm.fc1.bias:weight_decay=0.01
2026/08/04 16:24:43 - mmengine - INFO - paramwise_options -- backbone.adapter.spm.fc1.bias:lr_mult=0.1
2026/08/04 16:24:43 - mmengine - INFO - paramwise_options -- backbone.adapter.spm.fc2.weight:lr=0.0001
2026/08/04 16:24:43 - mmengine - INFO - paramwise_options -- backbone.adapter.spm.fc2.weight:weight_decay=0.01
2026/08/04 16:24:43 - mmengine - INFO - paramwise_options -- backbone.adapter.spm.fc2.weight:lr_mult=0.1
2026/08/04 16:24:43 - mmengine - INFO - paramwise_options -- backbone.adapter.spm.fc2.bias:lr=0.0001
2026/08/04 16:24:43 - mmengine - INFO - paramwise_options -- backbone.adapter.spm.fc2.bias:weight_decay=0.01
2026/08/04 16:24:43 - mmengine - INFO - paramwise_options -- backbone.adapter.spm.fc2.bias:lr_mult=0.1
2026/08/04 16:24:43 - mmengine - INFO - paramwise_options -- backbone.adapter.spm.fc3.weight:lr=0.0001
2026/08/04 16:24:43 - mmengine - INFO - paramwise_options -- backbone.adapter.spm.fc3.weight:weight_decay=0.01
2026/08/04 16:24:43 - mmengine - INFO - paramwise_options -- backbone.adapter.spm.fc3.weight:lr_mult=0.1
2026/08/04 16:24:43 - mmengine - INFO - paramwise_options -- backbone.adapter.spm.fc3.bias:lr=0.0001
2026/08/04 16:24:43 - mmengine - INFO - paramwise_options -- backbone.adapter.spm.fc3.bias:weight_decay=0.01
2026/08/04 16:24:43 - mmengine - INFO - paramwise_options -- backbone.adapter.spm.fc3.bias:lr_mult=0.1
2026/08/04 16:24:43 - mmengine - INFO - paramwise_options -- backbone.adapter.spm.fc4.weight:lr=0.0001
2026/08/04 16:24:43 - mmengine - INFO - paramwise_options -- backbone.adapter.spm.fc4.weight:weight_decay=0.01
2026/08/04 16:24:43 - mmengine - INFO - paramwise_options -- backbone.adapter.spm.fc4.weight:lr_mult=0.1
2026/08/04 16:24:43 - mmengine - INFO - paramwise_options -- backbone.adapter.spm.fc4.bias:lr=0.0001
2026/08/04 16:24:43 - mmengine - INFO - paramwise_options -- backbone.adapter.spm.fc4.bias:weight_decay=0.01
2026/08/04 16:24:43 - mmengine - INFO - paramwise_options -- backbone.adapter.spm.fc4.bias:lr_mult=0.1
2026/08/04 16:24:43 - mmengine - INFO - paramwise_options -- backbone.adapter.interactions.0.extractor.query_norm.weight:lr=0.0001
2026/08/04 16:24:43 - mmengine - INFO - paramwise_options -- backbone.adapter.interactions.0.extractor.query_norm.weight:weight_decay=0.01
2026/08/04 16:24:43 - mmengine - INFO - paramwise_options -- backbone.adapter.interactions.0.extractor.query_norm.weight:lr_mult=0.1
2026/08/04 16:24:43 - mmengine - INFO - paramwise_options -- backbone.adapter.interactions.0.extractor.query_norm.bias:lr=0.0001
2026/08/04 16:24:43 - mmengine - INFO - paramwise_options -- backbone.adapter.interactions.0.extractor.query_norm.bias:weight_decay=0.01
2026/08/04 16:24:43 - mmengine - INFO - paramwise_options -- backbone.adapter.interactions.0.extractor.query_norm.bias:lr_mult=0.1
2026/08/04 16:24:43 - mmengine - INFO - paramwise_options -- backbone.adapter.interactions.0.extractor.feat_norm.weight:lr=0.0001
2026/08/04 16:24:43 - mmengine - INFO - paramwise_options -- backbone.adapter.interactions.0.extractor.feat_norm.weight:weight_decay=0.01
2026/08/04 16:24:43 - mmengine - INFO - paramwise_options -- backbone.adapter.interactions.0.extractor.feat_norm.weight:lr_mult=0.1
2026/08/04 16:24:43 - mmengine - INFO - paramwise_options -- backbone.adapter.interactions.0.extractor.feat_norm.bias:lr=0.0001
2026/08/04 16:24:43 - mmengine - INFO - paramwise_options -- backbone.adapter.interactions.0.extractor.feat_norm.bias:weight_decay=0.01
2026/08/04 16:24:43 - mmengine - INFO - paramwise_options -- backbone.adapter.interactions.0.extractor.feat_norm.bias:lr_mult=0.1
2026/08/04 16:24:43 - mmengine - INFO - paramwise_options -- backbone.adapter.interactions.0.extractor.attn.attn.sampling_offsets.weight:lr=0.0001
2026/08/04 16:24:43 - mmengine - INFO - paramwise_options -- backbone.adapter.interactions.0.extractor.attn.attn.sampling_offsets.weight:weight_decay=0.01
2026/08/04 16:24:43 - mmengine - INFO - paramwise_options -- backbone.adapter.interactions.0.extractor.attn.attn.sampling_offsets.weight:lr_mult=0.1
2026/08/04 16:24:43 - mmengine - INFO - paramwise_options -- backbone.adapter.interactions.0.extractor.attn.attn.sampling_offsets.bias:lr=0.0001
2026/08/04 16:24:43 - mmengine - INFO - paramwise_options -- backbone.adapter.interactions.0.extractor.attn.attn.sampling_offsets.bias:weight_decay=0.01
2026/08/04 16:24:43 - mmengine - INFO - paramwise_options -- backbone.adapter.interactions.0.extractor.attn.attn.sampling_offsets.bias:lr_mult=0.1
2026/08/04 16:24:43 - mmengine - INFO - paramwise_options -- backbone.adapter.interactions.0.extractor.attn.attn.attention_weights.weight:lr=0.0001
2026/08/04 16:24:43 - mmengine - INFO - paramwise_options -- backbone.adapter.interactions.0.extractor.attn.attn.attention_weights.weight:weight_decay=0.01
2026/08/04 16:24:43 - mmengine - INFO - paramwise_options -- backbone.adapter.interactions.0.extractor.attn.attn.attention_weights.weight:lr_mult=0.1
2026/08/04 16:24:43 - mmengine - INFO - paramwise_options -- backbone.adapter.interactions.0.extractor.attn.attn.attention_weights.bias:lr=0.0001
2026/08/04 16:24:43 - mmengine - INFO - paramwise_options -- backbone.adapter.interactions.0.extractor.attn.attn.attention_weights.bias:weight_decay=0.01
2026/08/04 16:24:43 - mmengine - INFO - paramwise_options -- backbone.adapter.interactions.0.extractor.attn.attn.attention_weights.bias:lr_mult=0.1
2026/08/04 16:24:43 - mmengine - INFO - paramwise_options -- backbone.adapter.interactions.0.extractor.attn.attn.value_proj.weight:lr=0.0001
2026/08/04 16:24:43 - mmengine - INFO - paramwise_options -- backbone.adapter.interactions.0.extractor.attn.attn.value_proj.weight:weight_decay=0.01
2026/08/04 16:24:43 - mmengine - INFO - paramwise_options -- backbone.adapter.interactions.0.extractor.attn.attn.value_proj.weight:lr_mult=0.1
2026/08/04 16:24:43 - mmengine - INFO - paramwise_options -- backbone.adapter.interactions.0.extractor.attn.attn.value_proj.bias:lr=0.0001
2026/08/04 16:24:43 - mmengine - INFO - paramwise_options -- backbone.adapter.interactions.0.extractor.attn.attn.value_proj.bias:weight_decay=0.01
2026/08/04 16:24:43 - mmengine - INFO - paramwise_options -- backbone.adapter.interactions.0.extractor.attn.attn.value_proj.bias:lr_mult=0.1
2026/08/04 16:24:43 - mmengine - INFO - paramwise_options -- backbone.adapter.interactions.0.extractor.attn.attn.output_proj.weight:lr=0.0001
2026/08/04 16:24:43 - mmengine - INFO - paramwise_options -- backbone.adapter.interactions.0.extractor.attn.attn.output_proj.weight:weight_decay=0.01
2026/08/04 16:24:43 - mmengine - INFO - paramwise_options -- backbone.adapter.interactions.0.extractor.attn.attn.output_proj.weight:lr_mult=0.1
2026/08/04 16:24:43 - mmengine - INFO - paramwise_options -- backbone.adapter.interactions.0.extractor.attn.attn.output_proj.bias:lr=0.0001
2026/08/04 16:24:43 - mmengine - INFO - paramwise_options -- backbone.adapter.interactions.0.extractor.attn.attn.output_proj.bias:weight_decay=0.01
2026/08/04 16:24:43 - mmengine - INFO - paramwise_options -- backbone.adapter.interactions.0.extractor.attn.attn.output_proj.bias:lr_mult=0.1
2026/08/04 16:24:43 - mmengine - INFO - paramwise_options -- backbone.adapter.interactions.0.extractor.ffn.fc1.weight:lr=0.0001
2026/08/04 16:24:43 - mmengine - INFO - paramwise_options -- backbone.adapter.interactions.0.extractor.ffn.fc1.weight:weight_decay=0.01
2026/08/04 16:24:43 - mmengine - INFO - paramwise_options -- backbone.adapter.interactions.0.extractor.ffn.fc1.weight:lr_mult=0.1
2026/08/04 16:24:43 - mmengine - INFO - paramwise_options -- backbone.adapter.interactions.0.extractor.ffn.fc1.bias:lr=0.0001
2026/08/04 16:24:43 - mmengine - INFO - paramwise_options -- backbone.adapter.interactions.0.extractor.ffn.fc1.bias:weight_decay=0.01
2026/08/04 16:24:43 - mmengine - INFO - paramwise_options -- backbone.adapter.interactions.0.extractor.ffn.fc1.bias:lr_mult=0.1
2026/08/04 16:24:43 - mmengine - INFO - paramwise_options -- backbone.adapter.interactions.0.extractor.ffn.dwconv.dwconv.weight:lr=0.0001
2026/08/04 16:24:43 - mmengine - INFO - paramwise_options -- backbone.adapter.interactions.0.extractor.ffn.dwconv.dwconv.weight:weight_decay=0.01
2026/08/04 16:24:43 - mmengine - INFO - paramwise_options -- backbone.adapter.interactions.0.extractor.ffn.dwconv.dwconv.weight:lr_mult=0.1
2026/08/04 16:24:43 - mmengine - INFO - paramwise_options -- backbone.adapter.interactions.0.extractor.ffn.dwconv.dwconv.bias:lr=0.0001
2026/08/04 16:24:43 - mmengine - INFO - paramwise_options -- backbone.adapter.interactions.0.extractor.ffn.dwconv.dwconv.bias:weight_decay=0.01
2026/08/04 16:24:43 - mmengine - INFO - paramwise_options -- backbone.adapter.interactions.0.extractor.ffn.dwconv.dwconv.bias:lr_mult=0.1
2026/08/04 16:24:43 - mmengine - INFO - paramwise_options -- backbone.adapter.interactions.0.extractor.ffn.fc2.weight:lr=0.0001
2026/08/04 16:24:43 - mmengine - INFO - paramwise_options -- backbone.adapter.interactions.0.extractor.ffn.fc2.weight:weight_decay=0.01
2026/08/04 16:24:43 - mmengine - INFO - paramwise_options -- backbone.adapter.interactions.0.extractor.ffn.fc2.weight:lr_mult=0.1
2026/08/04 16:24:43 - mmengine - INFO - paramwise_options -- backbone.adapter.interactions.0.extractor.ffn.fc2.bias:lr=0.0001
2026/08/04 16:24:43 - mmengine - INFO - paramwise_options -- backbone.adapter.interactions.0.extractor.ffn.fc2.bias:weight_decay=0.01
2026/08/04 16:24:43 - mmengine - INFO - paramwise_options -- backbone.adapter.interactions.0.extractor.ffn.fc2.bias:lr_mult=0.1
2026/08/04 16:24:43 - mmengine - INFO - paramwise_options -- backbone.adapter.interactions.0.extractor.ffn_norm.weight:lr=0.0001
2026/08/04 16:24:43 - mmengine - INFO - paramwise_options -- backbone.adapter.interactions.0.extractor.ffn_norm.weight:weight_decay=0.01
2026/08/04 16:24:43 - mmengine - INFO - paramwise_options -- backbone.adapter.interactions.0.extractor.ffn_norm.weight:lr_mult=0.1
2026/08/04 16:24:43 - mmengine - INFO - paramwise_options -- backbone.adapter.interactions.0.extractor.ffn_norm.bias:lr=0.0001
2026/08/04 16:24:43 - mmengine - INFO - paramwise_options -- backbone.adapter.interactions.0.extractor.ffn_norm.bias:weight_decay=0.01
2026/08/04 16:24:43 - mmengine - INFO - paramwise_options -- backbone.adapter.interactions.0.extractor.ffn_norm.bias:lr_mult=0.1
2026/08/04 16:24:43 - mmengine - INFO - paramwise_options -- backbone.adapter.interactions.1.extractor.query_norm.weight:lr=0.0001
2026/08/04 16:24:43 - mmengine - INFO - paramwise_options -- backbone.adapter.interactions.1.extractor.query_norm.weight:weight_decay=0.01
2026/08/04 16:24:43 - mmengine - INFO - paramwise_options -- backbone.adapter.interactions.1.extractor.query_norm.weight:lr_mult=0.1
2026/08/04 16:24:43 - mmengine - INFO - paramwise_options -- backbone.adapter.interactions.1.extractor.query_norm.bias:lr=0.0001
2026/08/04 16:24:43 - mmengine - INFO - paramwise_options -- backbone.adapter.interactions.1.extractor.query_norm.bias:weight_decay=0.01
2026/08/04 16:24:43 - mmengine - INFO - paramwise_options -- backbone.adapter.interactions.1.extractor.query_norm.bias:lr_mult=0.1
2026/08/04 16:24:43 - mmengine - INFO - paramwise_options -- backbone.adapter.interactions.1.extractor.feat_norm.weight:lr=0.0001
2026/08/04 16:24:43 - mmengine - INFO - paramwise_options -- backbone.adapter.interactions.1.extractor.feat_norm.weight:weight_decay=0.01
2026/08/04 16:24:43 - mmengine - INFO - paramwise_options -- backbone.adapter.interactions.1.extractor.feat_norm.weight:lr_mult=0.1
2026/08/04 16:24:43 - mmengine - INFO - paramwise_options -- backbone.adapter.interactions.1.extractor.feat_norm.bias:lr=0.0001
2026/08/04 16:24:43 - mmengine - INFO - paramwise_options -- backbone.adapter.interactions.1.extractor.feat_norm.bias:weight_decay=0.01
2026/08/04 16:24:43 - mmengine - INFO - paramwise_options -- backbone.adapter.interactions.1.extractor.feat_norm.bias:lr_mult=0.1
2026/08/04 16:24:43 - mmengine - INFO - paramwise_options -- backbone.adapter.interactions.1.extractor.attn.attn.sampling_offsets.weight:lr=0.0001
2026/08/04 16:24:43 - mmengine - INFO - paramwise_options -- backbone.adapter.interactions.1.extractor.attn.attn.sampling_offsets.weight:weight_decay=0.01
2026/08/04 16:24:43 - mmengine - INFO - paramwise_options -- backbone.adapter.interactions.1.extractor.attn.attn.sampling_offsets.weight:lr_mult=0.1
2026/08/04 16:24:43 - mmengine - INFO - paramwise_options -- backbone.adapter.interactions.1.extractor.attn.attn.sampling_offsets.bias:lr=0.0001
2026/08/04 16:24:43 - mmengine - INFO - paramwise_options -- backbone.adapter.interactions.1.extractor.attn.attn.sampling_offsets.bias:weight_decay=0.01
2026/08/04 16:24:43 - mmengine - INFO - paramwise_options -- backbone.adapter.interactions.1.extractor.attn.attn.sampling_offsets.bias:lr_mult=0.1
2026/08/04 16:24:43 - mmengine - INFO - paramwise_options -- backbone.adapter.interactions.1.extractor.attn.attn.attention_weights.weight:lr=0.0001
2026/08/04 16:24:43 - mmengine - INFO - paramwise_options -- backbone.adapter.interactions.1.extractor.attn.attn.attention_weights.weight:weight_decay=0.01
2026/08/04 16:24:43 - mmengine - INFO - paramwise_options -- backbone.adapter.interactions.1.extractor.attn.attn.attention_weights.weight:lr_mult=0.1
2026/08/04 16:24:43 - mmengine - INFO - paramwise_options -- backbone.adapter.interactions.1.extractor.attn.attn.attention_weights.bias:lr=0.0001
2026/08/04 16:24:43 - mmengine - INFO - paramwise_options -- backbone.adapter.interactions.1.extractor.attn.attn.attention_weights.bias:weight_decay=0.01
2026/08/04 16:24:43 - mmengine - INFO - paramwise_options -- backbone.adapter.interactions.1.extractor.attn.attn.attention_weights.bias:lr_mult=0.1
2026/08/04 16:24:43 - mmengine - INFO - paramwise_options -- backbone.adapter.interactions.1.extractor.attn.attn.value_proj.weight:lr=0.0001
2026/08/04 16:24:43 - mmengine - INFO - paramwise_options -- backbone.adapter.interactions.1.extractor.attn.attn.value_proj.weight:weight_decay=0.01
2026/08/04 16:24:43 - mmengine - INFO - paramwise_options -- backbone.adapter.interactions.1.extractor.attn.attn.value_proj.weight:lr_mult=0.1
2026/08/04 16:24:43 - mmengine - INFO - paramwise_options -- backbone.adapter.interactions.1.extractor.attn.attn.value_proj.bias:lr=0.0001
2026/08/04 16:24:43 - mmengine - INFO - paramwise_options -- backbone.adapter.interactions.1.extractor.attn.attn.value_proj.bias:weight_decay=0.01
2026/08/04 16:24:43 - mmengine - INFO - paramwise_options -- backbone.adapter.interactions.1.extractor.attn.attn.value_proj.bias:lr_mult=0.1
2026/08/04 16:24:43 - mmengine - INFO - paramwise_options -- backbone.adapter.interactions.1.extractor.attn.attn.output_proj.weight:lr=0.0001
2026/08/04 16:24:43 - mmengine - INFO - paramwise_options -- backbone.adapter.interactions.1.extractor.attn.attn.output_proj.weight:weight_decay=0.01
2026/08/04 16:24:43 - mmengine - INFO - paramwise_options -- backbone.adapter.interactions.1.extractor.attn.attn.output_proj.weight:lr_mult=0.1
2026/08/04 16:24:43 - mmengine - INFO - paramwise_options -- backbone.adapter.interactions.1.extractor.attn.attn.output_proj.bias:lr=0.0001
2026/08/04 16:24:43 - mmengine - INFO - paramwise_options -- backbone.adapter.interactions.1.extractor.attn.attn.output_proj.bias:weight_decay=0.01
2026/08/04 16:24:43 - mmengine - INFO - paramwise_options -- backbone.adapter.interactions.1.extractor.attn.attn.output_proj.bias:lr_mult=0.1
2026/08/04 16:24:43 - mmengine - INFO - paramwise_options -- backbone.adapter.interactions.1.extractor.ffn.fc1.weight:lr=0.0001
2026/08/04 16:24:43 - mmengine - INFO - paramwise_options -- backbone.adapter.interactions.1.extractor.ffn.fc1.weight:weight_decay=0.01
2026/08/04 16:24:43 - mmengine - INFO - paramwise_options -- backbone.adapter.interactions.1.extractor.ffn.fc1.weight:lr_mult=0.1
2026/08/04 16:24:43 - mmengine - INFO - paramwise_options -- backbone.adapter.interactions.1.extractor.ffn.fc1.bias:lr=0.0001
2026/08/04 16:24:43 - mmengine - INFO - paramwise_options -- backbone.adapter.interactions.1.extractor.ffn.fc1.bias:weight_decay=0.01
2026/08/04 16:24:43 - mmengine - INFO - paramwise_options -- backbone.adapter.interactions.1.extractor.ffn.fc1.bias:lr_mult=0.1
2026/08/04 16:24:43 - mmengine - INFO - paramwise_options -- backbone.adapter.interactions.1.extractor.ffn.dwconv.dwconv.weight:lr=0.0001
2026/08/04 16:24:43 - mmengine - INFO - paramwise_options -- backbone.adapter.interactions.1.extractor.ffn.dwconv.dwconv.weight:weight_decay=0.01
2026/08/04 16:24:43 - mmengine - INFO - paramwise_options -- backbone.adapter.interactions.1.extractor.ffn.dwconv.dwconv.weight:lr_mult=0.1
2026/08/04 16:24:43 - mmengine - INFO - paramwise_options -- backbone.adapter.interactions.1.extractor.ffn.dwconv.dwconv.bias:lr=0.0001
2026/08/04 16:24:43 - mmengine - INFO - paramwise_options -- backbone.adapter.interactions.1.extractor.ffn.dwconv.dwconv.bias:weight_decay=0.01
2026/08/04 16:24:43 - mmengine - INFO - paramwise_options -- backbone.adapter.interactions.1.extractor.ffn.dwconv.dwconv.bias:lr_mult=0.1
2026/08/04 16:24:43 - mmengine - INFO - paramwise_options -- backbone.adapter.interactions.1.extractor.ffn.fc2.weight:lr=0.0001
2026/08/04 16:24:43 - mmengine - INFO - paramwise_options -- backbone.adapter.interactions.1.extractor.ffn.fc2.weight:weight_decay=0.01
2026/08/04 16:24:43 - mmengine - INFO - paramwise_options -- backbone.adapter.interactions.1.extractor.ffn.fc2.weight:lr_mult=0.1
2026/08/04 16:24:43 - mmengine - INFO - paramwise_options -- backbone.adapter.interactions.1.extractor.ffn.fc2.bias:lr=0.0001
2026/08/04 16:24:43 - mmengine - INFO - paramwise_options -- backbone.adapter.interactions.1.extractor.ffn.fc2.bias:weight_decay=0.01
2026/08/04 16:24:43 - mmengine - INFO - paramwise_options -- backbone.adapter.interactions.1.extractor.ffn.fc2.bias:lr_mult=0.1
2026/08/04 16:24:43 - mmengine - INFO - paramwise_options -- backbone.adapter.interactions.1.extractor.ffn_norm.weight:lr=0.0001
2026/08/04 16:24:43 - mmengine - INFO - paramwise_options -- backbone.adapter.interactions.1.extractor.ffn_norm.weight:weight_decay=0.01
2026/08/04 16:24:43 - mmengine - INFO - paramwise_options -- backbone.adapter.interactions.1.extractor.ffn_norm.weight:lr_mult=0.1
2026/08/04 16:24:43 - mmengine - INFO - paramwise_options -- backbone.adapter.interactions.1.extractor.ffn_norm.bias:lr=0.0001
2026/08/04 16:24:43 - mmengine - INFO - paramwise_options -- backbone.adapter.interactions.1.extractor.ffn_norm.bias:weight_decay=0.01
2026/08/04 16:24:43 - mmengine - INFO - paramwise_options -- backbone.adapter.interactions.1.extractor.ffn_norm.bias:lr_mult=0.1
2026/08/04 16:24:43 - mmengine - INFO - paramwise_options -- backbone.adapter.interactions.2.extractor.query_norm.weight:lr=0.0001
2026/08/04 16:24:43 - mmengine - INFO - paramwise_options -- backbone.adapter.interactions.2.extractor.query_norm.weight:weight_decay=0.01
2026/08/04 16:24:43 - mmengine - INFO - paramwise_options -- backbone.adapter.interactions.2.extractor.query_norm.weight:lr_mult=0.1
2026/08/04 16:24:43 - mmengine - INFO - paramwise_options -- backbone.adapter.interactions.2.extractor.query_norm.bias:lr=0.0001
2026/08/04 16:24:43 - mmengine - INFO - paramwise_options -- backbone.adapter.interactions.2.extractor.query_norm.bias:weight_decay=0.01
2026/08/04 16:24:43 - mmengine - INFO - paramwise_options -- backbone.adapter.interactions.2.extractor.query_norm.bias:lr_mult=0.1
2026/08/04 16:24:43 - mmengine - INFO - paramwise_options -- backbone.adapter.interactions.2.extractor.feat_norm.weight:lr=0.0001
2026/08/04 16:24:43 - mmengine - INFO - paramwise_options -- backbone.adapter.interactions.2.extractor.feat_norm.weight:weight_decay=0.01
2026/08/04 16:24:43 - mmengine - INFO - paramwise_options -- backbone.adapter.interactions.2.extractor.feat_norm.weight:lr_mult=0.1
2026/08/04 16:24:43 - mmengine - INFO - paramwise_options -- backbone.adapter.interactions.2.extractor.feat_norm.bias:lr=0.0001
2026/08/04 16:24:43 - mmengine - INFO - paramwise_options -- backbone.adapter.interactions.2.extractor.feat_norm.bias:weight_decay=0.01
2026/08/04 16:24:43 - mmengine - INFO - paramwise_options -- backbone.adapter.interactions.2.extractor.feat_norm.bias:lr_mult=0.1
2026/08/04 16:24:43 - mmengine - INFO - paramwise_options -- backbone.adapter.interactions.2.extractor.attn.attn.sampling_offsets.weight:lr=0.0001
2026/08/04 16:24:43 - mmengine - INFO - paramwise_options -- backbone.adapter.interactions.2.extractor.attn.attn.sampling_offsets.weight:weight_decay=0.01
2026/08/04 16:24:43 - mmengine - INFO - paramwise_options -- backbone.adapter.interactions.2.extractor.attn.attn.sampling_offsets.weight:lr_mult=0.1
2026/08/04 16:24:43 - mmengine - INFO - paramwise_options -- backbone.adapter.interactions.2.extractor.attn.attn.sampling_offsets.bias:lr=0.0001
2026/08/04 16:24:43 - mmengine - INFO - paramwise_options -- backbone.adapter.interactions.2.extractor.attn.attn.sampling_offsets.bias:weight_decay=0.01
2026/08/04 16:24:43 - mmengine - INFO - paramwise_options -- backbone.adapter.interactions.2.extractor.attn.attn.sampling_offsets.bias:lr_mult=0.1
2026/08/04 16:24:43 - mmengine - INFO - paramwise_options -- backbone.adapter.interactions.2.extractor.attn.attn.attention_weights.weight:lr=0.0001
2026/08/04 16:24:43 - mmengine - INFO - paramwise_options -- backbone.adapter.interactions.2.extractor.attn.attn.attention_weights.weight:weight_decay=0.01
2026/08/04 16:24:43 - mmengine - INFO - paramwise_options -- backbone.adapter.interactions.2.extractor.attn.attn.attention_weights.weight:lr_mult=0.1
2026/08/04 16:24:43 - mmengine - INFO - paramwise_options -- backbone.adapter.interactions.2.extractor.attn.attn.attention_weights.bias:lr=0.0001
2026/08/04 16:24:43 - mmengine - INFO - paramwise_options -- backbone.adapter.interactions.2.extractor.attn.attn.attention_weights.bias:weight_decay=0.01
2026/08/04 16:24:43 - mmengine - INFO - paramwise_options -- backbone.adapter.interactions.2.extractor.attn.attn.attention_weights.bias:lr_mult=0.1
2026/08/04 16:24:43 - mmengine - INFO - paramwise_options -- backbone.adapter.interactions.2.extractor.attn.attn.value_proj.weight:lr=0.0001
2026/08/04 16:24:43 - mmengine - INFO - paramwise_options -- backbone.adapter.interactions.2.extractor.attn.attn.value_proj.weight:weight_decay=0.01
2026/08/04 16:24:43 - mmengine - INFO - paramwise_options -- backbone.adapter.interactions.2.extractor.attn.attn.value_proj.weight:lr_mult=0.1
2026/08/04 16:24:43 - mmengine - INFO - paramwise_options -- backbone.adapter.interactions.2.extractor.attn.attn.value_proj.bias:lr=0.0001
2026/08/04 16:24:43 - mmengine - INFO - paramwise_options -- backbone.adapter.interactions.2.extractor.attn.attn.value_proj.bias:weight_decay=0.01
2026/08/04 16:24:43 - mmengine - INFO - paramwise_options -- backbone.adapter.interactions.2.extractor.attn.attn.value_proj.bias:lr_mult=0.1
2026/08/04 16:24:43 - mmengine - INFO - paramwise_options -- backbone.adapter.interactions.2.extractor.attn.attn.output_proj.weight:lr=0.0001
2026/08/04 16:24:43 - mmengine - INFO - paramwise_options -- backbone.adapter.interactions.2.extractor.attn.attn.output_proj.weight:weight_decay=0.01
2026/08/04 16:24:43 - mmengine - INFO - paramwise_options -- backbone.adapter.interactions.2.extractor.attn.attn.output_proj.weight:lr_mult=0.1
2026/08/04 16:24:43 - mmengine - INFO - paramwise_options -- backbone.adapter.interactions.2.extractor.attn.attn.output_proj.bias:lr=0.0001
2026/08/04 16:24:43 - mmengine - INFO - paramwise_options -- backbone.adapter.interactions.2.extractor.attn.attn.output_proj.bias:weight_decay=0.01
2026/08/04 16:24:43 - mmengine - INFO - paramwise_options -- backbone.adapter.interactions.2.extractor.attn.attn.output_proj.bias:lr_mult=0.1
2026/08/04 16:24:43 - mmengine - INFO - paramwise_options -- backbone.adapter.interactions.2.extractor.ffn.fc1.weight:lr=0.0001
2026/08/04 16:24:43 - mmengine - INFO - paramwise_options -- backbone.adapter.interactions.2.extractor.ffn.fc1.weight:weight_decay=0.01
2026/08/04 16:24:43 - mmengine - INFO - paramwise_options -- backbone.adapter.interactions.2.extractor.ffn.fc1.weight:lr_mult=0.1
2026/08/04 16:24:43 - mmengine - INFO - paramwise_options -- backbone.adapter.interactions.2.extractor.ffn.fc1.bias:lr=0.0001
2026/08/04 16:24:43 - mmengine - INFO - paramwise_options -- backbone.adapter.interactions.2.extractor.ffn.fc1.bias:weight_decay=0.01
2026/08/04 16:24:43 - mmengine - INFO - paramwise_options -- backbone.adapter.interactions.2.extractor.ffn.fc1.bias:lr_mult=0.1
2026/08/04 16:24:43 - mmengine - INFO - paramwise_options -- backbone.adapter.interactions.2.extractor.ffn.dwconv.dwconv.weight:lr=0.0001
2026/08/04 16:24:43 - mmengine - INFO - paramwise_options -- backbone.adapter.interactions.2.extractor.ffn.dwconv.dwconv.weight:weight_decay=0.01
2026/08/04 16:24:43 - mmengine - INFO - paramwise_options -- backbone.adapter.interactions.2.extractor.ffn.dwconv.dwconv.weight:lr_mult=0.1
2026/08/04 16:24:43 - mmengine - INFO - paramwise_options -- backbone.adapter.interactions.2.extractor.ffn.dwconv.dwconv.bias:lr=0.0001
2026/08/04 16:24:43 - mmengine - INFO - paramwise_options -- backbone.adapter.interactions.2.extractor.ffn.dwconv.dwconv.bias:weight_decay=0.01
2026/08/04 16:24:43 - mmengine - INFO - paramwise_options -- backbone.adapter.interactions.2.extractor.ffn.dwconv.dwconv.bias:lr_mult=0.1
2026/08/04 16:24:43 - mmengine - INFO - paramwise_options -- backbone.adapter.interactions.2.extractor.ffn.fc2.weight:lr=0.0001
2026/08/04 16:24:43 - mmengine - INFO - paramwise_options -- backbone.adapter.interactions.2.extractor.ffn.fc2.weight:weight_decay=0.01
2026/08/04 16:24:43 - mmengine - INFO - paramwise_options -- backbone.adapter.interactions.2.extractor.ffn.fc2.weight:lr_mult=0.1
2026/08/04 16:24:43 - mmengine - INFO - paramwise_options -- backbone.adapter.interactions.2.extractor.ffn.fc2.bias:lr=0.0001
2026/08/04 16:24:43 - mmengine - INFO - paramwise_options -- backbone.adapter.interactions.2.extractor.ffn.fc2.bias:weight_decay=0.01
2026/08/04 16:24:43 - mmengine - INFO - paramwise_options -- backbone.adapter.interactions.2.extractor.ffn.fc2.bias:lr_mult=0.1
2026/08/04 16:24:43 - mmengine - INFO - paramwise_options -- backbone.adapter.interactions.2.extractor.ffn_norm.weight:lr=0.0001
2026/08/04 16:24:43 - mmengine - INFO - paramwise_options -- backbone.adapter.interactions.2.extractor.ffn_norm.weight:weight_decay=0.01
2026/08/04 16:24:43 - mmengine - INFO - paramwise_options -- backbone.adapter.interactions.2.extractor.ffn_norm.weight:lr_mult=0.1
2026/08/04 16:24:43 - mmengine - INFO - paramwise_options -- backbone.adapter.interactions.2.extractor.ffn_norm.bias:lr=0.0001
2026/08/04 16:24:43 - mmengine - INFO - paramwise_options -- backbone.adapter.interactions.2.extractor.ffn_norm.bias:weight_decay=0.01
2026/08/04 16:24:43 - mmengine - INFO - paramwise_options -- backbone.adapter.interactions.2.extractor.ffn_norm.bias:lr_mult=0.1
2026/08/04 16:24:43 - mmengine - INFO - paramwise_options -- backbone.adapter.interactions.3.extractor.query_norm.weight:lr=0.0001
2026/08/04 16:24:43 - mmengine - INFO - paramwise_options -- backbone.adapter.interactions.3.extractor.query_norm.weight:weight_decay=0.01
2026/08/04 16:24:43 - mmengine - INFO - paramwise_options -- backbone.adapter.interactions.3.extractor.query_norm.weight:lr_mult=0.1
2026/08/04 16:24:43 - mmengine - INFO - paramwise_options -- backbone.adapter.interactions.3.extractor.query_norm.bias:lr=0.0001
2026/08/04 16:24:43 - mmengine - INFO - paramwise_options -- backbone.adapter.interactions.3.extractor.query_norm.bias:weight_decay=0.01
2026/08/04 16:24:43 - mmengine - INFO - paramwise_options -- backbone.adapter.interactions.3.extractor.query_norm.bias:lr_mult=0.1
2026/08/04 16:24:43 - mmengine - INFO - paramwise_options -- backbone.adapter.interactions.3.extractor.feat_norm.weight:lr=0.0001
2026/08/04 16:24:43 - mmengine - INFO - paramwise_options -- backbone.adapter.interactions.3.extractor.feat_norm.weight:weight_decay=0.01
2026/08/04 16:24:43 - mmengine - INFO - paramwise_options -- backbone.adapter.interactions.3.extractor.feat_norm.weight:lr_mult=0.1
2026/08/04 16:24:43 - mmengine - INFO - paramwise_options -- backbone.adapter.interactions.3.extractor.feat_norm.bias:lr=0.0001
2026/08/04 16:24:43 - mmengine - INFO - paramwise_options -- backbone.adapter.interactions.3.extractor.feat_norm.bias:weight_decay=0.01
2026/08/04 16:24:43 - mmengine - INFO - paramwise_options -- backbone.adapter.interactions.3.extractor.feat_norm.bias:lr_mult=0.1
2026/08/04 16:24:43 - mmengine - INFO - paramwise_options -- backbone.adapter.interactions.3.extractor.attn.attn.sampling_offsets.weight:lr=0.0001
2026/08/04 16:24:43 - mmengine - INFO - paramwise_options -- backbone.adapter.interactions.3.extractor.attn.attn.sampling_offsets.weight:weight_decay=0.01
2026/08/04 16:24:43 - mmengine - INFO - paramwise_options -- backbone.adapter.interactions.3.extractor.attn.attn.sampling_offsets.weight:lr_mult=0.1
2026/08/04 16:24:43 - mmengine - INFO - paramwise_options -- backbone.adapter.interactions.3.extractor.attn.attn.sampling_offsets.bias:lr=0.0001
2026/08/04 16:24:43 - mmengine - INFO - paramwise_options -- backbone.adapter.interactions.3.extractor.attn.attn.sampling_offsets.bias:weight_decay=0.01
2026/08/04 16:24:43 - mmengine - INFO - paramwise_options -- backbone.adapter.interactions.3.extractor.attn.attn.sampling_offsets.bias:lr_mult=0.1
2026/08/04 16:24:43 - mmengine - INFO - paramwise_options -- backbone.adapter.interactions.3.extractor.attn.attn.attention_weights.weight:lr=0.0001
2026/08/04 16:24:43 - mmengine - INFO - paramwise_options -- backbone.adapter.interactions.3.extractor.attn.attn.attention_weights.weight:weight_decay=0.01
2026/08/04 16:24:43 - mmengine - INFO - paramwise_options -- backbone.adapter.interactions.3.extractor.attn.attn.attention_weights.weight:lr_mult=0.1
2026/08/04 16:24:43 - mmengine - INFO - paramwise_options -- backbone.adapter.interactions.3.extractor.attn.attn.attention_weights.bias:lr=0.0001
2026/08/04 16:24:43 - mmengine - INFO - paramwise_options -- backbone.adapter.interactions.3.extractor.attn.attn.attention_weights.bias:weight_decay=0.01
2026/08/04 16:24:43 - mmengine - INFO - paramwise_options -- backbone.adapter.interactions.3.extractor.attn.attn.attention_weights.bias:lr_mult=0.1
2026/08/04 16:24:43 - mmengine - INFO - paramwise_options -- backbone.adapter.interactions.3.extractor.attn.attn.value_proj.weight:lr=0.0001
2026/08/04 16:24:43 - mmengine - INFO - paramwise_options -- backbone.adapter.interactions.3.extractor.attn.attn.value_proj.weight:weight_decay=0.01
2026/08/04 16:24:43 - mmengine - INFO - paramwise_options -- backbone.adapter.interactions.3.extractor.attn.attn.value_proj.weight:lr_mult=0.1
2026/08/04 16:24:43 - mmengine - INFO - paramwise_options -- backbone.adapter.interactions.3.extractor.attn.attn.value_proj.bias:lr=0.0001
2026/08/04 16:24:43 - mmengine - INFO - paramwise_options -- backbone.adapter.interactions.3.extractor.attn.attn.value_proj.bias:weight_decay=0.01
2026/08/04 16:24:43 - mmengine - INFO - paramwise_options -- backbone.adapter.interactions.3.extractor.attn.attn.value_proj.bias:lr_mult=0.1
2026/08/04 16:24:43 - mmengine - INFO - paramwise_options -- backbone.adapter.interactions.3.extractor.attn.attn.output_proj.weight:lr=0.0001
2026/08/04 16:24:43 - mmengine - INFO - paramwise_options -- backbone.adapter.interactions.3.extractor.attn.attn.output_proj.weight:weight_decay=0.01
2026/08/04 16:24:43 - mmengine - INFO - paramwise_options -- backbone.adapter.interactions.3.extractor.attn.attn.output_proj.weight:lr_mult=0.1
2026/08/04 16:24:43 - mmengine - INFO - paramwise_options -- backbone.adapter.interactions.3.extractor.attn.attn.output_proj.bias:lr=0.0001
2026/08/04 16:24:43 - mmengine - INFO - paramwise_options -- backbone.adapter.interactions.3.extractor.attn.attn.output_proj.bias:weight_decay=0.01
2026/08/04 16:24:43 - mmengine - INFO - paramwise_options -- backbone.adapter.interactions.3.extractor.attn.attn.output_proj.bias:lr_mult=0.1
2026/08/04 16:24:43 - mmengine - INFO - paramwise_options -- backbone.adapter.interactions.3.extractor.ffn.fc1.weight:lr=0.0001
2026/08/04 16:24:43 - mmengine - INFO - paramwise_options -- backbone.adapter.interactions.3.extractor.ffn.fc1.weight:weight_decay=0.01
2026/08/04 16:24:43 - mmengine - INFO - paramwise_options -- backbone.adapter.interactions.3.extractor.ffn.fc1.weight:lr_mult=0.1
2026/08/04 16:24:43 - mmengine - INFO - paramwise_options -- backbone.adapter.interactions.3.extractor.ffn.fc1.bias:lr=0.0001
2026/08/04 16:24:43 - mmengine - INFO - paramwise_options -- backbone.adapter.interactions.3.extractor.ffn.fc1.bias:weight_decay=0.01
2026/08/04 16:24:43 - mmengine - INFO - paramwise_options -- backbone.adapter.interactions.3.extractor.ffn.fc1.bias:lr_mult=0.1
2026/08/04 16:24:43 - mmengine - INFO - paramwise_options -- backbone.adapter.interactions.3.extractor.ffn.dwconv.dwconv.weight:lr=0.0001
2026/08/04 16:24:43 - mmengine - INFO - paramwise_options -- backbone.adapter.interactions.3.extractor.ffn.dwconv.dwconv.weight:weight_decay=0.01
2026/08/04 16:24:43 - mmengine - INFO - paramwise_options -- backbone.adapter.interactions.3.extractor.ffn.dwconv.dwconv.weight:lr_mult=0.1
2026/08/04 16:24:43 - mmengine - INFO - paramwise_options -- backbone.adapter.interactions.3.extractor.ffn.dwconv.dwconv.bias:lr=0.0001
2026/08/04 16:24:43 - mmengine - INFO - paramwise_options -- backbone.adapter.interactions.3.extractor.ffn.dwconv.dwconv.bias:weight_decay=0.01
2026/08/04 16:24:43 - mmengine - INFO - paramwise_options -- backbone.adapter.interactions.3.extractor.ffn.dwconv.dwconv.bias:lr_mult=0.1
2026/08/04 16:24:43 - mmengine - INFO - paramwise_options -- backbone.adapter.interactions.3.extractor.ffn.fc2.weight:lr=0.0001
2026/08/04 16:24:43 - mmengine - INFO - paramwise_options -- backbone.adapter.interactions.3.extractor.ffn.fc2.weight:weight_decay=0.01
2026/08/04 16:24:43 - mmengine - INFO - paramwise_options -- backbone.adapter.interactions.3.extractor.ffn.fc2.weight:lr_mult=0.1
2026/08/04 16:24:43 - mmengine - INFO - paramwise_options -- backbone.adapter.interactions.3.extractor.ffn.fc2.bias:lr=0.0001
2026/08/04 16:24:43 - mmengine - INFO - paramwise_options -- backbone.adapter.interactions.3.extractor.ffn.fc2.bias:weight_decay=0.01
2026/08/04 16:24:43 - mmengine - INFO - paramwise_options -- backbone.adapter.interactions.3.extractor.ffn.fc2.bias:lr_mult=0.1
2026/08/04 16:24:43 - mmengine - INFO - paramwise_options -- backbone.adapter.interactions.3.extractor.ffn_norm.weight:lr=0.0001
2026/08/04 16:24:43 - mmengine - INFO - paramwise_options -- backbone.adapter.interactions.3.extractor.ffn_norm.weight:weight_decay=0.01
2026/08/04 16:24:43 - mmengine - INFO - paramwise_options -- backbone.adapter.interactions.3.extractor.ffn_norm.weight:lr_mult=0.1
2026/08/04 16:24:43 - mmengine - INFO - paramwise_options -- backbone.adapter.interactions.3.extractor.ffn_norm.bias:lr=0.0001
2026/08/04 16:24:43 - mmengine - INFO - paramwise_options -- backbone.adapter.interactions.3.extractor.ffn_norm.bias:weight_decay=0.01
2026/08/04 16:24:43 - mmengine - INFO - paramwise_options -- backbone.adapter.interactions.3.extractor.ffn_norm.bias:lr_mult=0.1
2026/08/04 16:24:43 - mmengine - INFO - paramwise_options -- backbone.adapter.interactions.3.extra_extractors.0.query_norm.weight:lr=0.0001
2026/08/04 16:24:43 - mmengine - INFO - paramwise_options -- backbone.adapter.interactions.3.extra_extractors.0.query_norm.weight:weight_decay=0.01
2026/08/04 16:24:43 - mmengine - INFO - paramwise_options -- backbone.adapter.interactions.3.extra_extractors.0.query_norm.weight:lr_mult=0.1
2026/08/04 16:24:43 - mmengine - INFO - paramwise_options -- backbone.adapter.interactions.3.extra_extractors.0.query_norm.bias:lr=0.0001
2026/08/04 16:24:43 - mmengine - INFO - paramwise_options -- backbone.adapter.interactions.3.extra_extractors.0.query_norm.bias:weight_decay=0.01
2026/08/04 16:24:43 - mmengine - INFO - paramwise_options -- backbone.adapter.interactions.3.extra_extractors.0.query_norm.bias:lr_mult=0.1
2026/08/04 16:24:43 - mmengine - INFO - paramwise_options -- backbone.adapter.interactions.3.extra_extractors.0.feat_norm.weight:lr=0.0001
2026/08/04 16:24:43 - mmengine - INFO - paramwise_options -- backbone.adapter.interactions.3.extra_extractors.0.feat_norm.weight:weight_decay=0.01
2026/08/04 16:24:43 - mmengine - INFO - paramwise_options -- backbone.adapter.interactions.3.extra_extractors.0.feat_norm.weight:lr_mult=0.1
2026/08/04 16:24:43 - mmengine - INFO - paramwise_options -- backbone.adapter.interactions.3.extra_extractors.0.feat_norm.bias:lr=0.0001
2026/08/04 16:24:43 - mmengine - INFO - paramwise_options -- backbone.adapter.interactions.3.extra_extractors.0.feat_norm.bias:weight_decay=0.01
2026/08/04 16:24:43 - mmengine - INFO - paramwise_options -- backbone.adapter.interactions.3.extra_extractors.0.feat_norm.bias:lr_mult=0.1
2026/08/04 16:24:43 - mmengine - INFO - paramwise_options -- backbone.adapter.interactions.3.extra_extractors.0.attn.attn.sampling_offsets.weight:lr=0.0001
2026/08/04 16:24:43 - mmengine - INFO - paramwise_options -- backbone.adapter.interactions.3.extra_extractors.0.attn.attn.sampling_offsets.weight:weight_decay=0.01
2026/08/04 16:24:43 - mmengine - INFO - paramwise_options -- backbone.adapter.interactions.3.extra_extractors.0.attn.attn.sampling_offsets.weight:lr_mult=0.1
2026/08/04 16:24:43 - mmengine - INFO - paramwise_options -- backbone.adapter.interactions.3.extra_extractors.0.attn.attn.sampling_offsets.bias:lr=0.0001
2026/08/04 16:24:43 - mmengine - INFO - paramwise_options -- backbone.adapter.interactions.3.extra_extractors.0.attn.attn.sampling_offsets.bias:weight_decay=0.01
2026/08/04 16:24:43 - mmengine - INFO - paramwise_options -- backbone.adapter.interactions.3.extra_extractors.0.attn.attn.sampling_offsets.bias:lr_mult=0.1
2026/08/04 16:24:43 - mmengine - INFO - paramwise_options -- backbone.adapter.interactions.3.extra_extractors.0.attn.attn.attention_weights.weight:lr=0.0001
2026/08/04 16:24:43 - mmengine - INFO - paramwise_options -- backbone.adapter.interactions.3.extra_extractors.0.attn.attn.attention_weights.weight:weight_decay=0.01
2026/08/04 16:24:43 - mmengine - INFO - paramwise_options -- backbone.adapter.interactions.3.extra_extractors.0.attn.attn.attention_weights.weight:lr_mult=0.1
2026/08/04 16:24:43 - mmengine - INFO - paramwise_options -- backbone.adapter.interactions.3.extra_extractors.0.attn.attn.attention_weights.bias:lr=0.0001
2026/08/04 16:24:43 - mmengine - INFO - paramwise_options -- backbone.adapter.interactions.3.extra_extractors.0.attn.attn.attention_weights.bias:weight_decay=0.01
2026/08/04 16:24:43 - mmengine - INFO - paramwise_options -- backbone.adapter.interactions.3.extra_extractors.0.attn.attn.attention_weights.bias:lr_mult=0.1
2026/08/04 16:24:43 - mmengine - INFO - paramwise_options -- backbone.adapter.interactions.3.extra_extractors.0.attn.attn.value_proj.weight:lr=0.0001
2026/08/04 16:24:43 - mmengine - INFO - paramwise_options -- backbone.adapter.interactions.3.extra_extractors.0.attn.attn.value_proj.weight:weight_decay=0.01
2026/08/04 16:24:43 - mmengine - INFO - paramwise_options -- backbone.adapter.interactions.3.extra_extractors.0.attn.attn.value_proj.weight:lr_mult=0.1
2026/08/04 16:24:43 - mmengine - INFO - paramwise_options -- backbone.adapter.interactions.3.extra_extractors.0.attn.attn.value_proj.bias:lr=0.0001
2026/08/04 16:24:43 - mmengine - INFO - paramwise_options -- backbone.adapter.interactions.3.extra_extractors.0.attn.attn.value_proj.bias:weight_decay=0.01
2026/08/04 16:24:43 - mmengine - INFO - paramwise_options -- backbone.adapter.interactions.3.extra_extractors.0.attn.attn.value_proj.bias:lr_mult=0.1
2026/08/04 16:24:43 - mmengine - INFO - paramwise_options -- backbone.adapter.interactions.3.extra_extractors.0.attn.attn.output_proj.weight:lr=0.0001
2026/08/04 16:24:43 - mmengine - INFO - paramwise_options -- backbone.adapter.interactions.3.extra_extractors.0.attn.attn.output_proj.weight:weight_decay=0.01
2026/08/04 16:24:43 - mmengine - INFO - paramwise_options -- backbone.adapter.interactions.3.extra_extractors.0.attn.attn.output_proj.weight:lr_mult=0.1
2026/08/04 16:24:43 - mmengine - INFO - paramwise_options -- backbone.adapter.interactions.3.extra_extractors.0.attn.attn.output_proj.bias:lr=0.0001
2026/08/04 16:24:43 - mmengine - INFO - paramwise_options -- backbone.adapter.interactions.3.extra_extractors.0.attn.attn.output_proj.bias:weight_decay=0.01
2026/08/04 16:24:43 - mmengine - INFO - paramwise_options -- backbone.adapter.interactions.3.extra_extractors.0.attn.attn.output_proj.bias:lr_mult=0.1
2026/08/04 16:24:43 - mmengine - INFO - paramwise_options -- backbone.adapter.interactions.3.extra_extractors.0.ffn.fc1.weight:lr=0.0001
2026/08/04 16:24:43 - mmengine - INFO - paramwise_options -- backbone.adapter.interactions.3.extra_extractors.0.ffn.fc1.weight:weight_decay=0.01
2026/08/04 16:24:43 - mmengine - INFO - paramwise_options -- backbone.adapter.interactions.3.extra_extractors.0.ffn.fc1.weight:lr_mult=0.1
2026/08/04 16:24:43 - mmengine - INFO - paramwise_options -- backbone.adapter.interactions.3.extra_extractors.0.ffn.fc1.bias:lr=0.0001
2026/08/04 16:24:43 - mmengine - INFO - paramwise_options -- backbone.adapter.interactions.3.extra_extractors.0.ffn.fc1.bias:weight_decay=0.01
2026/08/04 16:24:43 - mmengine - INFO - paramwise_options -- backbone.adapter.interactions.3.extra_extractors.0.ffn.fc1.bias:lr_mult=0.1
2026/08/04 16:24:43 - mmengine - INFO - paramwise_options -- backbone.adapter.interactions.3.extra_extractors.0.ffn.dwconv.dwconv.weight:lr=0.0001
2026/08/04 16:24:43 - mmengine - INFO - paramwise_options -- backbone.adapter.interactions.3.extra_extractors.0.ffn.dwconv.dwconv.weight:weight_decay=0.01
2026/08/04 16:24:43 - mmengine - INFO - paramwise_options -- backbone.adapter.interactions.3.extra_extractors.0.ffn.dwconv.dwconv.weight:lr_mult=0.1
2026/08/04 16:24:43 - mmengine - INFO - paramwise_options -- backbone.adapter.interactions.3.extra_extractors.0.ffn.dwconv.dwconv.bias:lr=0.0001
2026/08/04 16:24:43 - mmengine - INFO - paramwise_options -- backbone.adapter.interactions.3.extra_extractors.0.ffn.dwconv.dwconv.bias:weight_decay=0.01
2026/08/04 16:24:43 - mmengine - INFO - paramwise_options -- backbone.adapter.interactions.3.extra_extractors.0.ffn.dwconv.dwconv.bias:lr_mult=0.1
2026/08/04 16:24:43 - mmengine - INFO - paramwise_options -- backbone.adapter.interactions.3.extra_extractors.0.ffn.fc2.weight:lr=0.0001
2026/08/04 16:24:43 - mmengine - INFO - paramwise_options -- backbone.adapter.interactions.3.extra_extractors.0.ffn.fc2.weight:weight_decay=0.01
2026/08/04 16:24:43 - mmengine - INFO - paramwise_options -- backbone.adapter.interactions.3.extra_extractors.0.ffn.fc2.weight:lr_mult=0.1
2026/08/04 16:24:43 - mmengine - INFO - paramwise_options -- backbone.adapter.interactions.3.extra_extractors.0.ffn.fc2.bias:lr=0.0001
2026/08/04 16:24:43 - mmengine - INFO - paramwise_options -- backbone.adapter.interactions.3.extra_extractors.0.ffn.fc2.bias:weight_decay=0.01
2026/08/04 16:24:43 - mmengine - INFO - paramwise_options -- backbone.adapter.interactions.3.extra_extractors.0.ffn.fc2.bias:lr_mult=0.1
2026/08/04 16:24:43 - mmengine - INFO - paramwise_options -- backbone.adapter.interactions.3.extra_extractors.0.ffn_norm.weight:lr=0.0001
2026/08/04 16:24:43 - mmengine - INFO - paramwise_options -- backbone.adapter.interactions.3.extra_extractors.0.ffn_norm.weight:weight_decay=0.01
2026/08/04 16:24:43 - mmengine - INFO - paramwise_options -- backbone.adapter.interactions.3.extra_extractors.0.ffn_norm.weight:lr_mult=0.1
2026/08/04 16:24:43 - mmengine - INFO - paramwise_options -- backbone.adapter.interactions.3.extra_extractors.0.ffn_norm.bias:lr=0.0001
2026/08/04 16:24:43 - mmengine - INFO - paramwise_options -- backbone.adapter.interactions.3.extra_extractors.0.ffn_norm.bias:weight_decay=0.01
2026/08/04 16:24:43 - mmengine - INFO - paramwise_options -- backbone.adapter.interactions.3.extra_extractors.0.ffn_norm.bias:lr_mult=0.1
2026/08/04 16:24:43 - mmengine - INFO - paramwise_options -- backbone.adapter.interactions.3.extra_extractors.1.query_norm.weight:lr=0.0001
2026/08/04 16:24:43 - mmengine - INFO - paramwise_options -- backbone.adapter.interactions.3.extra_extractors.1.query_norm.weight:weight_decay=0.01
2026/08/04 16:24:43 - mmengine - INFO - paramwise_options -- backbone.adapter.interactions.3.extra_extractors.1.query_norm.weight:lr_mult=0.1
2026/08/04 16:24:43 - mmengine - INFO - paramwise_options -- backbone.adapter.interactions.3.extra_extractors.1.query_norm.bias:lr=0.0001
2026/08/04 16:24:43 - mmengine - INFO - paramwise_options -- backbone.adapter.interactions.3.extra_extractors.1.query_norm.bias:weight_decay=0.01
2026/08/04 16:24:43 - mmengine - INFO - paramwise_options -- backbone.adapter.interactions.3.extra_extractors.1.query_norm.bias:lr_mult=0.1
2026/08/04 16:24:43 - mmengine - INFO - paramwise_options -- backbone.adapter.interactions.3.extra_extractors.1.feat_norm.weight:lr=0.0001
2026/08/04 16:24:43 - mmengine - INFO - paramwise_options -- backbone.adapter.interactions.3.extra_extractors.1.feat_norm.weight:weight_decay=0.01
2026/08/04 16:24:43 - mmengine - INFO - paramwise_options -- backbone.adapter.interactions.3.extra_extractors.1.feat_norm.weight:lr_mult=0.1
2026/08/04 16:24:43 - mmengine - INFO - paramwise_options -- backbone.adapter.interactions.3.extra_extractors.1.feat_norm.bias:lr=0.0001
2026/08/04 16:24:43 - mmengine - INFO - paramwise_options -- backbone.adapter.interactions.3.extra_extractors.1.feat_norm.bias:weight_decay=0.01
2026/08/04 16:24:43 - mmengine - INFO - paramwise_options -- backbone.adapter.interactions.3.extra_extractors.1.feat_norm.bias:lr_mult=0.1
2026/08/04 16:24:43 - mmengine - INFO - paramwise_options -- backbone.adapter.interactions.3.extra_extractors.1.attn.attn.sampling_offsets.weight:lr=0.0001
2026/08/04 16:24:43 - mmengine - INFO - paramwise_options -- backbone.adapter.interactions.3.extra_extractors.1.attn.attn.sampling_offsets.weight:weight_decay=0.01
2026/08/04 16:24:43 - mmengine - INFO - paramwise_options -- backbone.adapter.interactions.3.extra_extractors.1.attn.attn.sampling_offsets.weight:lr_mult=0.1
2026/08/04 16:24:43 - mmengine - INFO - paramwise_options -- backbone.adapter.interactions.3.extra_extractors.1.attn.attn.sampling_offsets.bias:lr=0.0001
2026/08/04 16:24:43 - mmengine - INFO - paramwise_options -- backbone.adapter.interactions.3.extra_extractors.1.attn.attn.sampling_offsets.bias:weight_decay=0.01
2026/08/04 16:24:43 - mmengine - INFO - paramwise_options -- backbone.adapter.interactions.3.extra_extractors.1.attn.attn.sampling_offsets.bias:lr_mult=0.1
2026/08/04 16:24:43 - mmengine - INFO - paramwise_options -- backbone.adapter.interactions.3.extra_extractors.1.attn.attn.attention_weights.weight:lr=0.0001
2026/08/04 16:24:43 - mmengine - INFO - paramwise_options -- backbone.adapter.interactions.3.extra_extractors.1.attn.attn.attention_weights.weight:weight_decay=0.01
2026/08/04 16:24:43 - mmengine - INFO - paramwise_options -- backbone.adapter.interactions.3.extra_extractors.1.attn.attn.attention_weights.weight:lr_mult=0.1
2026/08/04 16:24:43 - mmengine - INFO - paramwise_options -- backbone.adapter.interactions.3.extra_extractors.1.attn.attn.attention_weights.bias:lr=0.0001
2026/08/04 16:24:43 - mmengine - INFO - paramwise_options -- backbone.adapter.interactions.3.extra_extractors.1.attn.attn.attention_weights.bias:weight_decay=0.01
2026/08/04 16:24:43 - mmengine - INFO - paramwise_options -- backbone.adapter.interactions.3.extra_extractors.1.attn.attn.attention_weights.bias:lr_mult=0.1
2026/08/04 16:24:43 - mmengine - INFO - paramwise_options -- backbone.adapter.interactions.3.extra_extractors.1.attn.attn.value_proj.weight:lr=0.0001
2026/08/04 16:24:43 - mmengine - INFO - paramwise_options -- backbone.adapter.interactions.3.extra_extractors.1.attn.attn.value_proj.weight:weight_decay=0.01
2026/08/04 16:24:43 - mmengine - INFO - paramwise_options -- backbone.adapter.interactions.3.extra_extractors.1.attn.attn.value_proj.weight:lr_mult=0.1
2026/08/04 16:24:43 - mmengine - INFO - paramwise_options -- backbone.adapter.interactions.3.extra_extractors.1.attn.attn.value_proj.bias:lr=0.0001
2026/08/04 16:24:43 - mmengine - INFO - paramwise_options -- backbone.adapter.interactions.3.extra_extractors.1.attn.attn.value_proj.bias:weight_decay=0.01
2026/08/04 16:24:43 - mmengine - INFO - paramwise_options -- backbone.adapter.interactions.3.extra_extractors.1.attn.attn.value_proj.bias:lr_mult=0.1
2026/08/04 16:24:43 - mmengine - INFO - paramwise_options -- backbone.adapter.interactions.3.extra_extractors.1.attn.attn.output_proj.weight:lr=0.0001
2026/08/04 16:24:43 - mmengine - INFO - paramwise_options -- backbone.adapter.interactions.3.extra_extractors.1.attn.attn.output_proj.weight:weight_decay=0.01
2026/08/04 16:24:43 - mmengine - INFO - paramwise_options -- backbone.adapter.interactions.3.extra_extractors.1.attn.attn.output_proj.weight:lr_mult=0.1
2026/08/04 16:24:43 - mmengine - INFO - paramwise_options -- backbone.adapter.interactions.3.extra_extractors.1.attn.attn.output_proj.bias:lr=0.0001
2026/08/04 16:24:43 - mmengine - INFO - paramwise_options -- backbone.adapter.interactions.3.extra_extractors.1.attn.attn.output_proj.bias:weight_decay=0.01
2026/08/04 16:24:43 - mmengine - INFO - paramwise_options -- backbone.adapter.interactions.3.extra_extractors.1.attn.attn.output_proj.bias:lr_mult=0.1
2026/08/04 16:24:43 - mmengine - INFO - paramwise_options -- backbone.adapter.interactions.3.extra_extractors.1.ffn.fc1.weight:lr=0.0001
2026/08/04 16:24:43 - mmengine - INFO - paramwise_options -- backbone.adapter.interactions.3.extra_extractors.1.ffn.fc1.weight:weight_decay=0.01
2026/08/04 16:24:43 - mmengine - INFO - paramwise_options -- backbone.adapter.interactions.3.extra_extractors.1.ffn.fc1.weight:lr_mult=0.1
2026/08/04 16:24:43 - mmengine - INFO - paramwise_options -- backbone.adapter.interactions.3.extra_extractors.1.ffn.fc1.bias:lr=0.0001
2026/08/04 16:24:43 - mmengine - INFO - paramwise_options -- backbone.adapter.interactions.3.extra_extractors.1.ffn.fc1.bias:weight_decay=0.01
2026/08/04 16:24:43 - mmengine - INFO - paramwise_options -- backbone.adapter.interactions.3.extra_extractors.1.ffn.fc1.bias:lr_mult=0.1
2026/08/04 16:24:43 - mmengine - INFO - paramwise_options -- backbone.adapter.interactions.3.extra_extractors.1.ffn.dwconv.dwconv.weight:lr=0.0001
2026/08/04 16:24:43 - mmengine - INFO - paramwise_options -- backbone.adapter.interactions.3.extra_extractors.1.ffn.dwconv.dwconv.weight:weight_decay=0.01
2026/08/04 16:24:43 - mmengine - INFO - paramwise_options -- backbone.adapter.interactions.3.extra_extractors.1.ffn.dwconv.dwconv.weight:lr_mult=0.1
2026/08/04 16:24:43 - mmengine - INFO - paramwise_options -- backbone.adapter.interactions.3.extra_extractors.1.ffn.dwconv.dwconv.bias:lr=0.0001
2026/08/04 16:24:43 - mmengine - INFO - paramwise_options -- backbone.adapter.interactions.3.extra_extractors.1.ffn.dwconv.dwconv.bias:weight_decay=0.01
2026/08/04 16:24:43 - mmengine - INFO - paramwise_options -- backbone.adapter.interactions.3.extra_extractors.1.ffn.dwconv.dwconv.bias:lr_mult=0.1
2026/08/04 16:24:43 - mmengine - INFO - paramwise_options -- backbone.adapter.interactions.3.extra_extractors.1.ffn.fc2.weight:lr=0.0001
2026/08/04 16:24:43 - mmengine - INFO - paramwise_options -- backbone.adapter.interactions.3.extra_extractors.1.ffn.fc2.weight:weight_decay=0.01
2026/08/04 16:24:43 - mmengine - INFO - paramwise_options -- backbone.adapter.interactions.3.extra_extractors.1.ffn.fc2.weight:lr_mult=0.1
2026/08/04 16:24:43 - mmengine - INFO - paramwise_options -- backbone.adapter.interactions.3.extra_extractors.1.ffn.fc2.bias:lr=0.0001
2026/08/04 16:24:43 - mmengine - INFO - paramwise_options -- backbone.adapter.interactions.3.extra_extractors.1.ffn.fc2.bias:weight_decay=0.01
2026/08/04 16:24:43 - mmengine - INFO - paramwise_options -- backbone.adapter.interactions.3.extra_extractors.1.ffn.fc2.bias:lr_mult=0.1
2026/08/04 16:24:43 - mmengine - INFO - paramwise_options -- backbone.adapter.interactions.3.extra_extractors.1.ffn_norm.weight:lr=0.0001
2026/08/04 16:24:43 - mmengine - INFO - paramwise_options -- backbone.adapter.interactions.3.extra_extractors.1.ffn_norm.weight:weight_decay=0.01
2026/08/04 16:24:43 - mmengine - INFO - paramwise_options -- backbone.adapter.interactions.3.extra_extractors.1.ffn_norm.weight:lr_mult=0.1
2026/08/04 16:24:43 - mmengine - INFO - paramwise_options -- backbone.adapter.interactions.3.extra_extractors.1.ffn_norm.bias:lr=0.0001
2026/08/04 16:24:43 - mmengine - INFO - paramwise_options -- backbone.adapter.interactions.3.extra_extractors.1.ffn_norm.bias:weight_decay=0.01
2026/08/04 16:24:43 - mmengine - INFO - paramwise_options -- backbone.adapter.interactions.3.extra_extractors.1.ffn_norm.bias:lr_mult=0.1
2026/08/04 16:24:43 - mmengine - INFO - paramwise_options -- backbone.adapter.up.weight:lr=0.0001
2026/08/04 16:24:43 - mmengine - INFO - paramwise_options -- backbone.adapter.up.weight:weight_decay=0.01
2026/08/04 16:24:43 - mmengine - INFO - paramwise_options -- backbone.adapter.up.weight:lr_mult=0.1
2026/08/04 16:24:43 - mmengine - INFO - paramwise_options -- backbone.adapter.up.bias:lr=0.0001
2026/08/04 16:24:43 - mmengine - INFO - paramwise_options -- backbone.adapter.up.bias:weight_decay=0.01
2026/08/04 16:24:43 - mmengine - INFO - paramwise_options -- backbone.adapter.up.bias:lr_mult=0.1
2026/08/04 16:24:43 - mmengine - INFO - paramwise_options -- backbone.adapter.norm1.weight:lr=0.0001
2026/08/04 16:24:43 - mmengine - INFO - paramwise_options -- backbone.adapter.norm1.weight:weight_decay=0.01
2026/08/04 16:24:43 - mmengine - INFO - paramwise_options -- backbone.adapter.norm1.weight:lr_mult=0.1
2026/08/04 16:24:43 - mmengine - INFO - paramwise_options -- backbone.adapter.norm1.bias:lr=0.0001
2026/08/04 16:24:43 - mmengine - INFO - paramwise_options -- backbone.adapter.norm1.bias:weight_decay=0.01
2026/08/04 16:24:43 - mmengine - INFO - paramwise_options -- backbone.adapter.norm1.bias:lr_mult=0.1
2026/08/04 16:24:43 - mmengine - INFO - paramwise_options -- backbone.adapter.norm2.weight:lr=0.0001
2026/08/04 16:24:43 - mmengine - INFO - paramwise_options -- backbone.adapter.norm2.weight:weight_decay=0.01
2026/08/04 16:24:43 - mmengine - INFO - paramwise_options -- backbone.adapter.norm2.weight:lr_mult=0.1
2026/08/04 16:24:43 - mmengine - INFO - paramwise_options -- backbone.adapter.norm2.bias:lr=0.0001
2026/08/04 16:24:43 - mmengine - INFO - paramwise_options -- backbone.adapter.norm2.bias:weight_decay=0.01
2026/08/04 16:24:43 - mmengine - INFO - paramwise_options -- backbone.adapter.norm2.bias:lr_mult=0.1
2026/08/04 16:24:43 - mmengine - INFO - paramwise_options -- backbone.adapter.norm3.weight:lr=0.0001
2026/08/04 16:24:43 - mmengine - INFO - paramwise_options -- backbone.adapter.norm3.weight:weight_decay=0.01
2026/08/04 16:24:43 - mmengine - INFO - paramwise_options -- backbone.adapter.norm3.weight:lr_mult=0.1
2026/08/04 16:24:43 - mmengine - INFO - paramwise_options -- backbone.adapter.norm3.bias:lr=0.0001
2026/08/04 16:24:43 - mmengine - INFO - paramwise_options -- backbone.adapter.norm3.bias:weight_decay=0.01
2026/08/04 16:24:43 - mmengine - INFO - paramwise_options -- backbone.adapter.norm3.bias:lr_mult=0.1
2026/08/04 16:24:43 - mmengine - INFO - paramwise_options -- backbone.adapter.norm4.weight:lr=0.0001
2026/08/04 16:24:43 - mmengine - INFO - paramwise_options -- backbone.adapter.norm4.weight:weight_decay=0.01
2026/08/04 16:24:43 - mmengine - INFO - paramwise_options -- backbone.adapter.norm4.weight:lr_mult=0.1
2026/08/04 16:24:43 - mmengine - INFO - paramwise_options -- backbone.adapter.norm4.bias:lr=0.0001
2026/08/04 16:24:43 - mmengine - INFO - paramwise_options -- backbone.adapter.norm4.bias:weight_decay=0.01
2026/08/04 16:24:43 - mmengine - INFO - paramwise_options -- backbone.adapter.norm4.bias:lr_mult=0.1
2026/08/04 16:24:43 - mmengine - INFO - paramwise_options -- decode_head.pixel_decoder.input_convs.0.gn.weight:weight_decay=0.0
2026/08/04 16:24:43 - mmengine - INFO - paramwise_options -- decode_head.pixel_decoder.input_convs.0.gn.bias:weight_decay=0.0
2026/08/04 16:24:43 - mmengine - INFO - paramwise_options -- decode_head.pixel_decoder.input_convs.1.gn.weight:weight_decay=0.0
2026/08/04 16:24:43 - mmengine - INFO - paramwise_options -- decode_head.pixel_decoder.input_convs.1.gn.bias:weight_decay=0.0
2026/08/04 16:24:43 - mmengine - INFO - paramwise_options -- decode_head.pixel_decoder.input_convs.2.gn.weight:weight_decay=0.0
2026/08/04 16:24:43 - mmengine - INFO - paramwise_options -- decode_head.pixel_decoder.input_convs.2.gn.bias:weight_decay=0.0
2026/08/04 16:24:43 - mmengine - INFO - paramwise_options -- decode_head.pixel_decoder.encoder.layers.0.norms.0.weight:weight_decay=0.0
2026/08/04 16:24:43 - mmengine - INFO - paramwise_options -- decode_head.pixel_decoder.encoder.layers.0.norms.0.bias:weight_decay=0.0
2026/08/04 16:24:43 - mmengine - INFO - paramwise_options -- decode_head.pixel_decoder.encoder.layers.0.norms.1.weight:weight_decay=0.0
2026/08/04 16:24:43 - mmengine - INFO - paramwise_options -- decode_head.pixel_decoder.encoder.layers.0.norms.1.bias:weight_decay=0.0
2026/08/04 16:24:43 - mmengine - INFO - paramwise_options -- decode_head.pixel_decoder.encoder.layers.1.norms.0.weight:weight_decay=0.0
2026/08/04 16:24:43 - mmengine - INFO - paramwise_options -- decode_head.pixel_decoder.encoder.layers.1.norms.0.bias:weight_decay=0.0
2026/08/04 16:24:43 - mmengine - INFO - paramwise_options -- decode_head.pixel_decoder.encoder.layers.1.norms.1.weight:weight_decay=0.0
2026/08/04 16:24:43 - mmengine - INFO - paramwise_options -- decode_head.pixel_decoder.encoder.layers.1.norms.1.bias:weight_decay=0.0
2026/08/04 16:24:43 - mmengine - INFO - paramwise_options -- decode_head.pixel_decoder.encoder.layers.2.norms.0.weight:weight_decay=0.0
2026/08/04 16:24:43 - mmengine - INFO - paramwise_options -- decode_head.pixel_decoder.encoder.layers.2.norms.0.bias:weight_decay=0.0
2026/08/04 16:24:43 - mmengine - INFO - paramwise_options -- decode_head.pixel_decoder.encoder.layers.2.norms.1.weight:weight_decay=0.0
2026/08/04 16:24:43 - mmengine - INFO - paramwise_options -- decode_head.pixel_decoder.encoder.layers.2.norms.1.bias:weight_decay=0.0
2026/08/04 16:24:43 - mmengine - INFO - paramwise_options -- decode_head.pixel_decoder.encoder.layers.3.norms.0.weight:weight_decay=0.0
2026/08/04 16:24:43 - mmengine - INFO - paramwise_options -- decode_head.pixel_decoder.encoder.layers.3.norms.0.bias:weight_decay=0.0
2026/08/04 16:24:43 - mmengine - INFO - paramwise_options -- decode_head.pixel_decoder.encoder.layers.3.norms.1.weight:weight_decay=0.0
2026/08/04 16:24:43 - mmengine - INFO - paramwise_options -- decode_head.pixel_decoder.encoder.layers.3.norms.1.bias:weight_decay=0.0
2026/08/04 16:24:43 - mmengine - INFO - paramwise_options -- decode_head.pixel_decoder.encoder.layers.4.norms.0.weight:weight_decay=0.0
2026/08/04 16:24:43 - mmengine - INFO - paramwise_options -- decode_head.pixel_decoder.encoder.layers.4.norms.0.bias:weight_decay=0.0
2026/08/04 16:24:43 - mmengine - INFO - paramwise_options -- decode_head.pixel_decoder.encoder.layers.4.norms.1.weight:weight_decay=0.0
2026/08/04 16:24:43 - mmengine - INFO - paramwise_options -- decode_head.pixel_decoder.encoder.layers.4.norms.1.bias:weight_decay=0.0
2026/08/04 16:24:43 - mmengine - INFO - paramwise_options -- decode_head.pixel_decoder.encoder.layers.5.norms.0.weight:weight_decay=0.0
2026/08/04 16:24:43 - mmengine - INFO - paramwise_options -- decode_head.pixel_decoder.encoder.layers.5.norms.0.bias:weight_decay=0.0
2026/08/04 16:24:43 - mmengine - INFO - paramwise_options -- decode_head.pixel_decoder.encoder.layers.5.norms.1.weight:weight_decay=0.0
2026/08/04 16:24:43 - mmengine - INFO - paramwise_options -- decode_head.pixel_decoder.encoder.layers.5.norms.1.bias:weight_decay=0.0
2026/08/04 16:24:43 - mmengine - INFO - paramwise_options -- decode_head.pixel_decoder.lateral_convs.0.gn.weight:weight_decay=0.0
2026/08/04 16:24:43 - mmengine - INFO - paramwise_options -- decode_head.pixel_decoder.lateral_convs.0.gn.bias:weight_decay=0.0
2026/08/04 16:24:43 - mmengine - INFO - paramwise_options -- decode_head.pixel_decoder.output_convs.0.gn.weight:weight_decay=0.0
2026/08/04 16:24:43 - mmengine - INFO - paramwise_options -- decode_head.pixel_decoder.output_convs.0.gn.bias:weight_decay=0.0
2026/08/04 16:24:43 - mmengine - INFO - paramwise_options -- decode_head.transformer_decoder.layers.0.norms.0.weight:weight_decay=0.0
2026/08/04 16:24:43 - mmengine - INFO - paramwise_options -- decode_head.transformer_decoder.layers.0.norms.0.bias:weight_decay=0.0
2026/08/04 16:24:43 - mmengine - INFO - paramwise_options -- decode_head.transformer_decoder.layers.0.norms.1.weight:weight_decay=0.0
2026/08/04 16:24:43 - mmengine - INFO - paramwise_options -- decode_head.transformer_decoder.layers.0.norms.1.bias:weight_decay=0.0
2026/08/04 16:24:43 - mmengine - INFO - paramwise_options -- decode_head.transformer_decoder.layers.0.norms.2.weight:weight_decay=0.0
2026/08/04 16:24:43 - mmengine - INFO - paramwise_options -- decode_head.transformer_decoder.layers.0.norms.2.bias:weight_decay=0.0
2026/08/04 16:24:43 - mmengine - INFO - paramwise_options -- decode_head.transformer_decoder.layers.1.norms.0.weight:weight_decay=0.0
2026/08/04 16:24:43 - mmengine - INFO - paramwise_options -- decode_head.transformer_decoder.layers.1.norms.0.bias:weight_decay=0.0
2026/08/04 16:24:43 - mmengine - INFO - paramwise_options -- decode_head.transformer_decoder.layers.1.norms.1.weight:weight_decay=0.0
2026/08/04 16:24:43 - mmengine - INFO - paramwise_options -- decode_head.transformer_decoder.layers.1.norms.1.bias:weight_decay=0.0
2026/08/04 16:24:43 - mmengine - INFO - paramwise_options -- decode_head.transformer_decoder.layers.1.norms.2.weight:weight_decay=0.0
2026/08/04 16:24:43 - mmengine - INFO - paramwise_options -- decode_head.transformer_decoder.layers.1.norms.2.bias:weight_decay=0.0
2026/08/04 16:24:43 - mmengine - INFO - paramwise_options -- decode_head.transformer_decoder.layers.2.norms.0.weight:weight_decay=0.0
2026/08/04 16:24:43 - mmengine - INFO - paramwise_options -- decode_head.transformer_decoder.layers.2.norms.0.bias:weight_decay=0.0
2026/08/04 16:24:43 - mmengine - INFO - paramwise_options -- decode_head.transformer_decoder.layers.2.norms.1.weight:weight_decay=0.0
2026/08/04 16:24:43 - mmengine - INFO - paramwise_options -- decode_head.transformer_decoder.layers.2.norms.1.bias:weight_decay=0.0
2026/08/04 16:24:43 - mmengine - INFO - paramwise_options -- decode_head.transformer_decoder.layers.2.norms.2.weight:weight_decay=0.0
2026/08/04 16:24:43 - mmengine - INFO - paramwise_options -- decode_head.transformer_decoder.layers.2.norms.2.bias:weight_decay=0.0
2026/08/04 16:24:43 - mmengine - INFO - paramwise_options -- decode_head.transformer_decoder.layers.3.norms.0.weight:weight_decay=0.0
2026/08/04 16:24:43 - mmengine - INFO - paramwise_options -- decode_head.transformer_decoder.layers.3.norms.0.bias:weight_decay=0.0
2026/08/04 16:24:43 - mmengine - INFO - paramwise_options -- decode_head.transformer_decoder.layers.3.norms.1.weight:weight_decay=0.0
2026/08/04 16:24:43 - mmengine - INFO - paramwise_options -- decode_head.transformer_decoder.layers.3.norms.1.bias:weight_decay=0.0
2026/08/04 16:24:43 - mmengine - INFO - paramwise_options -- decode_head.transformer_decoder.layers.3.norms.2.weight:weight_decay=0.0
2026/08/04 16:24:43 - mmengine - INFO - paramwise_options -- decode_head.transformer_decoder.layers.3.norms.2.bias:weight_decay=0.0
2026/08/04 16:24:43 - mmengine - INFO - paramwise_options -- decode_head.transformer_decoder.layers.4.norms.0.weight:weight_decay=0.0
2026/08/04 16:24:43 - mmengine - INFO - paramwise_options -- decode_head.transformer_decoder.layers.4.norms.0.bias:weight_decay=0.0
2026/08/04 16:24:43 - mmengine - INFO - paramwise_options -- decode_head.transformer_decoder.layers.4.norms.1.weight:weight_decay=0.0
2026/08/04 16:24:43 - mmengine - INFO - paramwise_options -- decode_head.transformer_decoder.layers.4.norms.1.bias:weight_decay=0.0
2026/08/04 16:24:43 - mmengine - INFO - paramwise_options -- decode_head.transformer_decoder.layers.4.norms.2.weight:weight_decay=0.0
2026/08/04 16:24:43 - mmengine - INFO - paramwise_options -- decode_head.transformer_decoder.layers.4.norms.2.bias:weight_decay=0.0
2026/08/04 16:24:43 - mmengine - INFO - paramwise_options -- decode_head.transformer_decoder.layers.5.norms.0.weight:weight_decay=0.0
2026/08/04 16:24:43 - mmengine - INFO - paramwise_options -- decode_head.transformer_decoder.layers.5.norms.0.bias:weight_decay=0.0
2026/08/04 16:24:43 - mmengine - INFO - paramwise_options -- decode_head.transformer_decoder.layers.5.norms.1.weight:weight_decay=0.0
2026/08/04 16:24:43 - mmengine - INFO - paramwise_options -- decode_head.transformer_decoder.layers.5.norms.1.bias:weight_decay=0.0
2026/08/04 16:24:43 - mmengine - INFO - paramwise_options -- decode_head.transformer_decoder.layers.5.norms.2.weight:weight_decay=0.0
2026/08/04 16:24:43 - mmengine - INFO - paramwise_options -- decode_head.transformer_decoder.layers.5.norms.2.bias:weight_decay=0.0
2026/08/04 16:24:43 - mmengine - INFO - paramwise_options -- decode_head.transformer_decoder.layers.6.norms.0.weight:weight_decay=0.0
2026/08/04 16:24:43 - mmengine - INFO - paramwise_options -- decode_head.transformer_decoder.layers.6.norms.0.bias:weight_decay=0.0
2026/08/04 16:24:43 - mmengine - INFO - paramwise_options -- decode_head.transformer_decoder.layers.6.norms.1.weight:weight_decay=0.0
2026/08/04 16:24:43 - mmengine - INFO - paramwise_options -- decode_head.transformer_decoder.layers.6.norms.1.bias:weight_decay=0.0
2026/08/04 16:24:43 - mmengine - INFO - paramwise_options -- decode_head.transformer_decoder.layers.6.norms.2.weight:weight_decay=0.0
2026/08/04 16:24:43 - mmengine - INFO - paramwise_options -- decode_head.transformer_decoder.layers.6.norms.2.bias:weight_decay=0.0
2026/08/04 16:24:43 - mmengine - INFO - paramwise_options -- decode_head.transformer_decoder.layers.7.norms.0.weight:weight_decay=0.0
2026/08/04 16:24:43 - mmengine - INFO - paramwise_options -- decode_head.transformer_decoder.layers.7.norms.0.bias:weight_decay=0.0
2026/08/04 16:24:43 - mmengine - INFO - paramwise_options -- decode_head.transformer_decoder.layers.7.norms.1.weight:weight_decay=0.0
2026/08/04 16:24:43 - mmengine - INFO - paramwise_options -- decode_head.transformer_decoder.layers.7.norms.1.bias:weight_decay=0.0
2026/08/04 16:24:43 - mmengine - INFO - paramwise_options -- decode_head.transformer_decoder.layers.7.norms.2.weight:weight_decay=0.0
2026/08/04 16:24:43 - mmengine - INFO - paramwise_options -- decode_head.transformer_decoder.layers.7.norms.2.bias:weight_decay=0.0
2026/08/04 16:24:43 - mmengine - INFO - paramwise_options -- decode_head.transformer_decoder.layers.8.norms.0.weight:weight_decay=0.0
2026/08/04 16:24:43 - mmengine - INFO - paramwise_options -- decode_head.transformer_decoder.layers.8.norms.0.bias:weight_decay=0.0
2026/08/04 16:24:43 - mmengine - INFO - paramwise_options -- decode_head.transformer_decoder.layers.8.norms.1.weight:weight_decay=0.0
2026/08/04 16:24:43 - mmengine - INFO - paramwise_options -- decode_head.transformer_decoder.layers.8.norms.1.bias:weight_decay=0.0
2026/08/04 16:24:43 - mmengine - INFO - paramwise_options -- decode_head.transformer_decoder.layers.8.norms.2.weight:weight_decay=0.0
2026/08/04 16:24:43 - mmengine - INFO - paramwise_options -- decode_head.transformer_decoder.layers.8.norms.2.bias:weight_decay=0.0
2026/08/04 16:24:43 - mmengine - INFO - paramwise_options -- decode_head.transformer_decoder.post_norm.weight:weight_decay=0.0
2026/08/04 16:24:43 - mmengine - INFO - paramwise_options -- decode_head.transformer_decoder.post_norm.bias:weight_decay=0.0
2026/08/04 16:24:45 - mmengine - WARNING - The prefix is not set in metric class IoUMetric.
Name of parameter - Initialization information

backbone.backbone.cls_token - torch.Size([1, 1, 1024]): 
The value is the same before and after calling `init_weights` of EncoderDecoder  

backbone.backbone.storage_tokens - torch.Size([1, 4, 1024]): 
The value is the same before and after calling `init_weights` of EncoderDecoder  

backbone.backbone.mask_token - torch.Size([1, 1024]): 
The value is the same before and after calling `init_weights` of EncoderDecoder  

backbone.backbone.patch_embed.proj.weight - torch.Size([1024, 3, 16, 16]): 
The value is the same before and after calling `init_weights` of EncoderDecoder  

backbone.backbone.patch_embed.proj.bias - torch.Size([1024]): 
The value is the same before and after calling `init_weights` of EncoderDecoder  

backbone.backbone.blocks.0.norm1.weight - torch.Size([1024]): 
The value is the same before and after calling `init_weights` of EncoderDecoder  

backbone.backbone.blocks.0.norm1.bias - torch.Size([1024]): 
The value is the same before and after calling `init_weights` of EncoderDecoder  

backbone.backbone.blocks.0.attn.qkv.weight - torch.Size([3072, 1024]): 
The value is the same before and after calling `init_weights` of EncoderDecoder  

backbone.backbone.blocks.0.attn.qkv.bias - torch.Size([3072]): 
The value is the same before and after calling `init_weights` of EncoderDecoder  

backbone.backbone.blocks.0.attn.proj.weight - torch.Size([1024, 1024]): 
The value is the same before and after calling `init_weights` of EncoderDecoder  

backbone.backbone.blocks.0.attn.proj.bias - torch.Size([1024]): 
The value is the same before and after calling `init_weights` of EncoderDecoder  

backbone.backbone.blocks.0.ls1.gamma - torch.Size([1024]): 
The value is the same before and after calling `init_weights` of EncoderDecoder  

backbone.backbone.blocks.0.norm2.weight - torch.Size([1024]): 
The value is the same before and after calling `init_weights` of EncoderDecoder  

backbone.backbone.blocks.0.norm2.bias - torch.Size([1024]): 
The value is the same before and after calling `init_weights` of EncoderDecoder  

backbone.backbone.blocks.0.mlp.fc1.weight - torch.Size([4096, 1024]): 
The value is the same before and after calling `init_weights` of EncoderDecoder  

backbone.backbone.blocks.0.mlp.fc1.bias - torch.Size([4096]): 
The value is the same before and after calling `init_weights` of EncoderDecoder  

backbone.backbone.blocks.0.mlp.fc2.weight - torch.Size([1024, 4096]): 
The value is the same before and after calling `init_weights` of EncoderDecoder  

backbone.backbone.blocks.0.mlp.fc2.bias - torch.Size([1024]): 
The value is the same before and after calling `init_weights` of EncoderDecoder  

backbone.backbone.blocks.0.ls2.gamma - torch.Size([1024]): 
The value is the same before and after calling `init_weights` of EncoderDecoder  

backbone.backbone.blocks.1.norm1.weight - torch.Size([1024]): 
The value is the same before and after calling `init_weights` of EncoderDecoder  

backbone.backbone.blocks.1.norm1.bias - torch.Size([1024]): 
The value is the same before and after calling `init_weights` of EncoderDecoder  

backbone.backbone.blocks.1.attn.qkv.weight - torch.Size([3072, 1024]): 
The value is the same before and after calling `init_weights` of EncoderDecoder  

backbone.backbone.blocks.1.attn.qkv.bias - torch.Size([3072]): 
The value is the same before and after calling `init_weights` of EncoderDecoder  

backbone.backbone.blocks.1.attn.proj.weight - torch.Size([1024, 1024]): 
The value is the same before and after calling `init_weights` of EncoderDecoder  

backbone.backbone.blocks.1.attn.proj.bias - torch.Size([1024]): 
The value is the same before and after calling `init_weights` of EncoderDecoder  

backbone.backbone.blocks.1.ls1.gamma - torch.Size([1024]): 
The value is the same before and after calling `init_weights` of EncoderDecoder  

backbone.backbone.blocks.1.norm2.weight - torch.Size([1024]): 
The value is the same before and after calling `init_weights` of EncoderDecoder  

backbone.backbone.blocks.1.norm2.bias - torch.Size([1024]): 
The value is the same before and after calling `init_weights` of EncoderDecoder  

backbone.backbone.blocks.1.mlp.fc1.weight - torch.Size([4096, 1024]): 
The value is the same before and after calling `init_weights` of EncoderDecoder  

backbone.backbone.blocks.1.mlp.fc1.bias - torch.Size([4096]): 
The value is the same before and after calling `init_weights` of EncoderDecoder  

backbone.backbone.blocks.1.mlp.fc2.weight - torch.Size([1024, 4096]): 
The value is the same before and after calling `init_weights` of EncoderDecoder  

backbone.backbone.blocks.1.mlp.fc2.bias - torch.Size([1024]): 
The value is the same before and after calling `init_weights` of EncoderDecoder  

backbone.backbone.blocks.1.ls2.gamma - torch.Size([1024]): 
The value is the same before and after calling `init_weights` of EncoderDecoder  

backbone.backbone.blocks.2.norm1.weight - torch.Size([1024]): 
The value is the same before and after calling `init_weights` of EncoderDecoder  

backbone.backbone.blocks.2.norm1.bias - torch.Size([1024]): 
The value is the same before and after calling `init_weights` of EncoderDecoder  

backbone.backbone.blocks.2.attn.qkv.weight - torch.Size([3072, 1024]): 
The value is the same before and after calling `init_weights` of EncoderDecoder  

backbone.backbone.blocks.2.attn.qkv.bias - torch.Size([3072]): 
The value is the same before and after calling `init_weights` of EncoderDecoder  

backbone.backbone.blocks.2.attn.proj.weight - torch.Size([1024, 1024]): 
The value is the same before and after calling `init_weights` of EncoderDecoder  

backbone.backbone.blocks.2.attn.proj.bias - torch.Size([1024]): 
The value is the same before and after calling `init_weights` of EncoderDecoder  

backbone.backbone.blocks.2.ls1.gamma - torch.Size([1024]): 
The value is the same before and after calling `init_weights` of EncoderDecoder  

backbone.backbone.blocks.2.norm2.weight - torch.Size([1024]): 
The value is the same before and after calling `init_weights` of EncoderDecoder  

backbone.backbone.blocks.2.norm2.bias - torch.Size([1024]): 
The value is the same before and after calling `init_weights` of EncoderDecoder  

backbone.backbone.blocks.2.mlp.fc1.weight - torch.Size([4096, 1024]): 
The value is the same before and after calling `init_weights` of EncoderDecoder  

backbone.backbone.blocks.2.mlp.fc1.bias - torch.Size([4096]): 
The value is the same before and after calling `init_weights` of EncoderDecoder  

backbone.backbone.blocks.2.mlp.fc2.weight - torch.Size([1024, 4096]): 
The value is the same before and after calling `init_weights` of EncoderDecoder  

backbone.backbone.blocks.2.mlp.fc2.bias - torch.Size([1024]): 
The value is the same before and after calling `init_weights` of EncoderDecoder  

backbone.backbone.blocks.2.ls2.gamma - torch.Size([1024]): 
The value is the same before and after calling `init_weights` of EncoderDecoder  

backbone.backbone.blocks.3.norm1.weight - torch.Size([1024]): 
The value is the same before and after calling `init_weights` of EncoderDecoder  

backbone.backbone.blocks.3.norm1.bias - torch.Size([1024]): 
The value is the same before and after calling `init_weights` of EncoderDecoder  

backbone.backbone.blocks.3.attn.qkv.weight - torch.Size([3072, 1024]): 
The value is the same before and after calling `init_weights` of EncoderDecoder  

backbone.backbone.blocks.3.attn.qkv.bias - torch.Size([3072]): 
The value is the same before and after calling `init_weights` of EncoderDecoder  

backbone.backbone.blocks.3.attn.proj.weight - torch.Size([1024, 1024]): 
The value is the same before and after calling `init_weights` of EncoderDecoder  

backbone.backbone.blocks.3.attn.proj.bias - torch.Size([1024]): 
The value is the same before and after calling `init_weights` of EncoderDecoder  

backbone.backbone.blocks.3.ls1.gamma - torch.Size([1024]): 
The value is the same before and after calling `init_weights` of EncoderDecoder  

backbone.backbone.blocks.3.norm2.weight - torch.Size([1024]): 
The value is the same before and after calling `init_weights` of EncoderDecoder  

backbone.backbone.blocks.3.norm2.bias - torch.Size([1024]): 
The value is the same before and after calling `init_weights` of EncoderDecoder  

backbone.backbone.blocks.3.mlp.fc1.weight - torch.Size([4096, 1024]): 
The value is the same before and after calling `init_weights` of EncoderDecoder  

backbone.backbone.blocks.3.mlp.fc1.bias - torch.Size([4096]): 
The value is the same before and after calling `init_weights` of EncoderDecoder  

backbone.backbone.blocks.3.mlp.fc2.weight - torch.Size([1024, 4096]): 
The value is the same before and after calling `init_weights` of EncoderDecoder  

backbone.backbone.blocks.3.mlp.fc2.bias - torch.Size([1024]): 
The value is the same before and after calling `init_weights` of EncoderDecoder  

backbone.backbone.blocks.3.ls2.gamma - torch.Size([1024]): 
The value is the same before and after calling `init_weights` of EncoderDecoder  

backbone.backbone.blocks.4.norm1.weight - torch.Size([1024]): 
The value is the same before and after calling `init_weights` of EncoderDecoder  

backbone.backbone.blocks.4.norm1.bias - torch.Size([1024]): 
The value is the same before and after calling `init_weights` of EncoderDecoder  

backbone.backbone.blocks.4.attn.qkv.weight - torch.Size([3072, 1024]): 
The value is the same before and after calling `init_weights` of EncoderDecoder  

backbone.backbone.blocks.4.attn.qkv.bias - torch.Size([3072]): 
The value is the same before and after calling `init_weights` of EncoderDecoder  

backbone.backbone.blocks.4.attn.proj.weight - torch.Size([1024, 1024]): 
The value is the same before and after calling `init_weights` of EncoderDecoder  

backbone.backbone.blocks.4.attn.proj.bias - torch.Size([1024]): 
The value is the same before and after calling `init_weights` of EncoderDecoder  

backbone.backbone.blocks.4.ls1.gamma - torch.Size([1024]): 
The value is the same before and after calling `init_weights` of EncoderDecoder  

backbone.backbone.blocks.4.norm2.weight - torch.Size([1024]): 
The value is the same before and after calling `init_weights` of EncoderDecoder  

backbone.backbone.blocks.4.norm2.bias - torch.Size([1024]): 
The value is the same before and after calling `init_weights` of EncoderDecoder  

backbone.backbone.blocks.4.mlp.fc1.weight - torch.Size([4096, 1024]): 
The value is the same before and after calling `init_weights` of EncoderDecoder  

backbone.backbone.blocks.4.mlp.fc1.bias - torch.Size([4096]): 
The value is the same before and after calling `init_weights` of EncoderDecoder  

backbone.backbone.blocks.4.mlp.fc2.weight - torch.Size([1024, 4096]): 
The value is the same before and after calling `init_weights` of EncoderDecoder  

backbone.backbone.blocks.4.mlp.fc2.bias - torch.Size([1024]): 
The value is the same before and after calling `init_weights` of EncoderDecoder  

backbone.backbone.blocks.4.ls2.gamma - torch.Size([1024]): 
The value is the same before and after calling `init_weights` of EncoderDecoder  

backbone.backbone.blocks.5.norm1.weight - torch.Size([1024]): 
The value is the same before and after calling `init_weights` of EncoderDecoder  

backbone.backbone.blocks.5.norm1.bias - torch.Size([1024]): 
The value is the same before and after calling `init_weights` of EncoderDecoder  

backbone.backbone.blocks.5.attn.qkv.weight - torch.Size([3072, 1024]): 
The value is the same before and after calling `init_weights` of EncoderDecoder  

backbone.backbone.blocks.5.attn.qkv.bias - torch.Size([3072]): 
The value is the same before and after calling `init_weights` of EncoderDecoder  

backbone.backbone.blocks.5.attn.proj.weight - torch.Size([1024, 1024]): 
The value is the same before and after calling `init_weights` of EncoderDecoder  

backbone.backbone.blocks.5.attn.proj.bias - torch.Size([1024]): 
The value is the same before and after calling `init_weights` of EncoderDecoder  

backbone.backbone.blocks.5.ls1.gamma - torch.Size([1024]): 
The value is the same before and after calling `init_weights` of EncoderDecoder  

backbone.backbone.blocks.5.norm2.weight - torch.Size([1024]): 
The value is the same before and after calling `init_weights` of EncoderDecoder  

backbone.backbone.blocks.5.norm2.bias - torch.Size([1024]): 
The value is the same before and after calling `init_weights` of EncoderDecoder  

backbone.backbone.blocks.5.mlp.fc1.weight - torch.Size([4096, 1024]): 
The value is the same before and after calling `init_weights` of EncoderDecoder  

backbone.backbone.blocks.5.mlp.fc1.bias - torch.Size([4096]): 
The value is the same before and after calling `init_weights` of EncoderDecoder  

backbone.backbone.blocks.5.mlp.fc2.weight - torch.Size([1024, 4096]): 
The value is the same before and after calling `init_weights` of EncoderDecoder  

backbone.backbone.blocks.5.mlp.fc2.bias - torch.Size([1024]): 
The value is the same before and after calling `init_weights` of EncoderDecoder  

backbone.backbone.blocks.5.ls2.gamma - torch.Size([1024]): 
The value is the same before and after calling `init_weights` of EncoderDecoder  

backbone.backbone.blocks.6.norm1.weight - torch.Size([1024]): 
The value is the same before and after calling `init_weights` of EncoderDecoder  

backbone.backbone.blocks.6.norm1.bias - torch.Size([1024]): 
The value is the same before and after calling `init_weights` of EncoderDecoder  

backbone.backbone.blocks.6.attn.qkv.weight - torch.Size([3072, 1024]): 
The value is the same before and after calling `init_weights` of EncoderDecoder  

backbone.backbone.blocks.6.attn.qkv.bias - torch.Size([3072]): 
The value is the same before and after calling `init_weights` of EncoderDecoder  

backbone.backbone.blocks.6.attn.proj.weight - torch.Size([1024, 1024]): 
The value is the same before and after calling `init_weights` of EncoderDecoder  

backbone.backbone.blocks.6.attn.proj.bias - torch.Size([1024]): 
The value is the same before and after calling `init_weights` of EncoderDecoder  

backbone.backbone.blocks.6.ls1.gamma - torch.Size([1024]): 
The value is the same before and after calling `init_weights` of EncoderDecoder  

backbone.backbone.blocks.6.norm2.weight - torch.Size([1024]): 
The value is the same before and after calling `init_weights` of EncoderDecoder  

backbone.backbone.blocks.6.norm2.bias - torch.Size([1024]): 
The value is the same before and after calling `init_weights` of EncoderDecoder  

backbone.backbone.blocks.6.mlp.fc1.weight - torch.Size([4096, 1024]): 
The value is the same before and after calling `init_weights` of EncoderDecoder  

backbone.backbone.blocks.6.mlp.fc1.bias - torch.Size([4096]): 
The value is the same before and after calling `init_weights` of EncoderDecoder  

backbone.backbone.blocks.6.mlp.fc2.weight - torch.Size([1024, 4096]): 
The value is the same before and after calling `init_weights` of EncoderDecoder  

backbone.backbone.blocks.6.mlp.fc2.bias - torch.Size([1024]): 
The value is the same before and after calling `init_weights` of EncoderDecoder  

backbone.backbone.blocks.6.ls2.gamma - torch.Size([1024]): 
The value is the same before and after calling `init_weights` of EncoderDecoder  

backbone.backbone.blocks.7.norm1.weight - torch.Size([1024]): 
The value is the same before and after calling `init_weights` of EncoderDecoder  

backbone.backbone.blocks.7.norm1.bias - torch.Size([1024]): 
The value is the same before and after calling `init_weights` of EncoderDecoder  

backbone.backbone.blocks.7.attn.qkv.weight - torch.Size([3072, 1024]): 
The value is the same before and after calling `init_weights` of EncoderDecoder  

backbone.backbone.blocks.7.attn.qkv.bias - torch.Size([3072]): 
The value is the same before and after calling `init_weights` of EncoderDecoder  

backbone.backbone.blocks.7.attn.proj.weight - torch.Size([1024, 1024]): 
The value is the same before and after calling `init_weights` of EncoderDecoder  

backbone.backbone.blocks.7.attn.proj.bias - torch.Size([1024]): 
The value is the same before and after calling `init_weights` of EncoderDecoder  

backbone.backbone.blocks.7.ls1.gamma - torch.Size([1024]): 
The value is the same before and after calling `init_weights` of EncoderDecoder  

backbone.backbone.blocks.7.norm2.weight - torch.Size([1024]): 
The value is the same before and after calling `init_weights` of EncoderDecoder  

backbone.backbone.blocks.7.norm2.bias - torch.Size([1024]): 
The value is the same before and after calling `init_weights` of EncoderDecoder  

backbone.backbone.blocks.7.mlp.fc1.weight - torch.Size([4096, 1024]): 
The value is the same before and after calling `init_weights` of EncoderDecoder  

backbone.backbone.blocks.7.mlp.fc1.bias - torch.Size([4096]): 
The value is the same before and after calling `init_weights` of EncoderDecoder  

backbone.backbone.blocks.7.mlp.fc2.weight - torch.Size([1024, 4096]): 
The value is the same before and after calling `init_weights` of EncoderDecoder  

backbone.backbone.blocks.7.mlp.fc2.bias - torch.Size([1024]): 
The value is the same before and after calling `init_weights` of EncoderDecoder  

backbone.backbone.blocks.7.ls2.gamma - torch.Size([1024]): 
The value is the same before and after calling `init_weights` of EncoderDecoder  

backbone.backbone.blocks.8.norm1.weight - torch.Size([1024]): 
The value is the same before and after calling `init_weights` of EncoderDecoder  

backbone.backbone.blocks.8.norm1.bias - torch.Size([1024]): 
The value is the same before and after calling `init_weights` of EncoderDecoder  

backbone.backbone.blocks.8.attn.qkv.weight - torch.Size([3072, 1024]): 
The value is the same before and after calling `init_weights` of EncoderDecoder  

backbone.backbone.blocks.8.attn.qkv.bias - torch.Size([3072]): 
The value is the same before and after calling `init_weights` of EncoderDecoder  

backbone.backbone.blocks.8.attn.proj.weight - torch.Size([1024, 1024]): 
The value is the same before and after calling `init_weights` of EncoderDecoder  

backbone.backbone.blocks.8.attn.proj.bias - torch.Size([1024]): 
The value is the same before and after calling `init_weights` of EncoderDecoder  

backbone.backbone.blocks.8.ls1.gamma - torch.Size([1024]): 
The value is the same before and after calling `init_weights` of EncoderDecoder  

backbone.backbone.blocks.8.norm2.weight - torch.Size([1024]): 
The value is the same before and after calling `init_weights` of EncoderDecoder  

backbone.backbone.blocks.8.norm2.bias - torch.Size([1024]): 
The value is the same before and after calling `init_weights` of EncoderDecoder  

backbone.backbone.blocks.8.mlp.fc1.weight - torch.Size([4096, 1024]): 
The value is the same before and after calling `init_weights` of EncoderDecoder  

backbone.backbone.blocks.8.mlp.fc1.bias - torch.Size([4096]): 
The value is the same before and after calling `init_weights` of EncoderDecoder  

backbone.backbone.blocks.8.mlp.fc2.weight - torch.Size([1024, 4096]): 
The value is the same before and after calling `init_weights` of EncoderDecoder  

backbone.backbone.blocks.8.mlp.fc2.bias - torch.Size([1024]): 
The value is the same before and after calling `init_weights` of EncoderDecoder  

backbone.backbone.blocks.8.ls2.gamma - torch.Size([1024]): 
The value is the same before and after calling `init_weights` of EncoderDecoder  

backbone.backbone.blocks.9.norm1.weight - torch.Size([1024]): 
The value is the same before and after calling `init_weights` of EncoderDecoder  

backbone.backbone.blocks.9.norm1.bias - torch.Size([1024]): 
The value is the same before and after calling `init_weights` of EncoderDecoder  

backbone.backbone.blocks.9.attn.qkv.weight - torch.Size([3072, 1024]): 
The value is the same before and after calling `init_weights` of EncoderDecoder  

backbone.backbone.blocks.9.attn.qkv.bias - torch.Size([3072]): 
The value is the same before and after calling `init_weights` of EncoderDecoder  

backbone.backbone.blocks.9.attn.proj.weight - torch.Size([1024, 1024]): 
The value is the same before and after calling `init_weights` of EncoderDecoder  

backbone.backbone.blocks.9.attn.proj.bias - torch.Size([1024]): 
The value is the same before and after calling `init_weights` of EncoderDecoder  

backbone.backbone.blocks.9.ls1.gamma - torch.Size([1024]): 
The value is the same before and after calling `init_weights` of EncoderDecoder  

backbone.backbone.blocks.9.norm2.weight - torch.Size([1024]): 
The value is the same before and after calling `init_weights` of EncoderDecoder  

backbone.backbone.blocks.9.norm2.bias - torch.Size([1024]): 
The value is the same before and after calling `init_weights` of EncoderDecoder  

backbone.backbone.blocks.9.mlp.fc1.weight - torch.Size([4096, 1024]): 
The value is the same before and after calling `init_weights` of EncoderDecoder  

backbone.backbone.blocks.9.mlp.fc1.bias - torch.Size([4096]): 
The value is the same before and after calling `init_weights` of EncoderDecoder  

backbone.backbone.blocks.9.mlp.fc2.weight - torch.Size([1024, 4096]): 
The value is the same before and after calling `init_weights` of EncoderDecoder  

backbone.backbone.blocks.9.mlp.fc2.bias - torch.Size([1024]): 
The value is the same before and after calling `init_weights` of EncoderDecoder  

backbone.backbone.blocks.9.ls2.gamma - torch.Size([1024]): 
The value is the same before and after calling `init_weights` of EncoderDecoder  

backbone.backbone.blocks.10.norm1.weight - torch.Size([1024]): 
The value is the same before and after calling `init_weights` of EncoderDecoder  

backbone.backbone.blocks.10.norm1.bias - torch.Size([1024]): 
The value is the same before and after calling `init_weights` of EncoderDecoder  

backbone.backbone.blocks.10.attn.qkv.weight - torch.Size([3072, 1024]): 
The value is the same before and after calling `init_weights` of EncoderDecoder  

backbone.backbone.blocks.10.attn.qkv.bias - torch.Size([3072]): 
The value is the same before and after calling `init_weights` of EncoderDecoder  

backbone.backbone.blocks.10.attn.proj.weight - torch.Size([1024, 1024]): 
The value is the same before and after calling `init_weights` of EncoderDecoder  

backbone.backbone.blocks.10.attn.proj.bias - torch.Size([1024]): 
The value is the same before and after calling `init_weights` of EncoderDecoder  

backbone.backbone.blocks.10.ls1.gamma - torch.Size([1024]): 
The value is the same before and after calling `init_weights` of EncoderDecoder  

backbone.backbone.blocks.10.norm2.weight - torch.Size([1024]): 
The value is the same before and after calling `init_weights` of EncoderDecoder  

backbone.backbone.blocks.10.norm2.bias - torch.Size([1024]): 
The value is the same before and after calling `init_weights` of EncoderDecoder  

backbone.backbone.blocks.10.mlp.fc1.weight - torch.Size([4096, 1024]): 
The value is the same before and after calling `init_weights` of EncoderDecoder  

backbone.backbone.blocks.10.mlp.fc1.bias - torch.Size([4096]): 
The value is the same before and after calling `init_weights` of EncoderDecoder  

backbone.backbone.blocks.10.mlp.fc2.weight - torch.Size([1024, 4096]): 
The value is the same before and after calling `init_weights` of EncoderDecoder  

backbone.backbone.blocks.10.mlp.fc2.bias - torch.Size([1024]): 
The value is the same before and after calling `init_weights` of EncoderDecoder  

backbone.backbone.blocks.10.ls2.gamma - torch.Size([1024]): 
The value is the same before and after calling `init_weights` of EncoderDecoder  

backbone.backbone.blocks.11.norm1.weight - torch.Size([1024]): 
The value is the same before and after calling `init_weights` of EncoderDecoder  

backbone.backbone.blocks.11.norm1.bias - torch.Size([1024]): 
The value is the same before and after calling `init_weights` of EncoderDecoder  

backbone.backbone.blocks.11.attn.qkv.weight - torch.Size([3072, 1024]): 
The value is the same before and after calling `init_weights` of EncoderDecoder  

backbone.backbone.blocks.11.attn.qkv.bias - torch.Size([3072]): 
The value is the same before and after calling `init_weights` of EncoderDecoder  

backbone.backbone.blocks.11.attn.proj.weight - torch.Size([1024, 1024]): 
The value is the same before and after calling `init_weights` of EncoderDecoder  

backbone.backbone.blocks.11.attn.proj.bias - torch.Size([1024]): 
The value is the same before and after calling `init_weights` of EncoderDecoder  

backbone.backbone.blocks.11.ls1.gamma - torch.Size([1024]): 
The value is the same before and after calling `init_weights` of EncoderDecoder  

backbone.backbone.blocks.11.norm2.weight - torch.Size([1024]): 
The value is the same before and after calling `init_weights` of EncoderDecoder  

backbone.backbone.blocks.11.norm2.bias - torch.Size([1024]): 
The value is the same before and after calling `init_weights` of EncoderDecoder  

backbone.backbone.blocks.11.mlp.fc1.weight - torch.Size([4096, 1024]): 
The value is the same before and after calling `init_weights` of EncoderDecoder  

backbone.backbone.blocks.11.mlp.fc1.bias - torch.Size([4096]): 
The value is the same before and after calling `init_weights` of EncoderDecoder  

backbone.backbone.blocks.11.mlp.fc2.weight - torch.Size([1024, 4096]): 
The value is the same before and after calling `init_weights` of EncoderDecoder  

backbone.backbone.blocks.11.mlp.fc2.bias - torch.Size([1024]): 
The value is the same before and after calling `init_weights` of EncoderDecoder  

backbone.backbone.blocks.11.ls2.gamma - torch.Size([1024]): 
The value is the same before and after calling `init_weights` of EncoderDecoder  

backbone.backbone.blocks.12.norm1.weight - torch.Size([1024]): 
The value is the same before and after calling `init_weights` of EncoderDecoder  

backbone.backbone.blocks.12.norm1.bias - torch.Size([1024]): 
The value is the same before and after calling `init_weights` of EncoderDecoder  

backbone.backbone.blocks.12.attn.qkv.weight - torch.Size([3072, 1024]): 
The value is the same before and after calling `init_weights` of EncoderDecoder  

backbone.backbone.blocks.12.attn.qkv.bias - torch.Size([3072]): 
The value is the same before and after calling `init_weights` of EncoderDecoder  

backbone.backbone.blocks.12.attn.proj.weight - torch.Size([1024, 1024]): 
The value is the same before and after calling `init_weights` of EncoderDecoder  

backbone.backbone.blocks.12.attn.proj.bias - torch.Size([1024]): 
The value is the same before and after calling `init_weights` of EncoderDecoder  

backbone.backbone.blocks.12.ls1.gamma - torch.Size([1024]): 
The value is the same before and after calling `init_weights` of EncoderDecoder  

backbone.backbone.blocks.12.norm2.weight - torch.Size([1024]): 
The value is the same before and after calling `init_weights` of EncoderDecoder  

backbone.backbone.blocks.12.norm2.bias - torch.Size([1024]): 
The value is the same before and after calling `init_weights` of EncoderDecoder  

backbone.backbone.blocks.12.mlp.fc1.weight - torch.Size([4096, 1024]): 
The value is the same before and after calling `init_weights` of EncoderDecoder  

backbone.backbone.blocks.12.mlp.fc1.bias - torch.Size([4096]): 
The value is the same before and after calling `init_weights` of EncoderDecoder  

backbone.backbone.blocks.12.mlp.fc2.weight - torch.Size([1024, 4096]): 
The value is the same before and after calling `init_weights` of EncoderDecoder  

backbone.backbone.blocks.12.mlp.fc2.bias - torch.Size([1024]): 
The value is the same before and after calling `init_weights` of EncoderDecoder  

backbone.backbone.blocks.12.ls2.gamma - torch.Size([1024]): 
The value is the same before and after calling `init_weights` of EncoderDecoder  

backbone.backbone.blocks.13.norm1.weight - torch.Size([1024]): 
The value is the same before and after calling `init_weights` of EncoderDecoder  

backbone.backbone.blocks.13.norm1.bias - torch.Size([1024]): 
The value is the same before and after calling `init_weights` of EncoderDecoder  

backbone.backbone.blocks.13.attn.qkv.weight - torch.Size([3072, 1024]): 
The value is the same before and after calling `init_weights` of EncoderDecoder  

backbone.backbone.blocks.13.attn.qkv.bias - torch.Size([3072]): 
The value is the same before and after calling `init_weights` of EncoderDecoder  

backbone.backbone.blocks.13.attn.proj.weight - torch.Size([1024, 1024]): 
The value is the same before and after calling `init_weights` of EncoderDecoder  

backbone.backbone.blocks.13.attn.proj.bias - torch.Size([1024]): 
The value is the same before and after calling `init_weights` of EncoderDecoder  

backbone.backbone.blocks.13.ls1.gamma - torch.Size([1024]): 
The value is the same before and after calling `init_weights` of EncoderDecoder  

backbone.backbone.blocks.13.norm2.weight - torch.Size([1024]): 
The value is the same before and after calling `init_weights` of EncoderDecoder  

backbone.backbone.blocks.13.norm2.bias - torch.Size([1024]): 
The value is the same before and after calling `init_weights` of EncoderDecoder  

backbone.backbone.blocks.13.mlp.fc1.weight - torch.Size([4096, 1024]): 
The value is the same before and after calling `init_weights` of EncoderDecoder  

backbone.backbone.blocks.13.mlp.fc1.bias - torch.Size([4096]): 
The value is the same before and after calling `init_weights` of EncoderDecoder  

backbone.backbone.blocks.13.mlp.fc2.weight - torch.Size([1024, 4096]): 
The value is the same before and after calling `init_weights` of EncoderDecoder  

backbone.backbone.blocks.13.mlp.fc2.bias - torch.Size([1024]): 
The value is the same before and after calling `init_weights` of EncoderDecoder  

backbone.backbone.blocks.13.ls2.gamma - torch.Size([1024]): 
The value is the same before and after calling `init_weights` of EncoderDecoder  

backbone.backbone.blocks.14.norm1.weight - torch.Size([1024]): 
The value is the same before and after calling `init_weights` of EncoderDecoder  

backbone.backbone.blocks.14.norm1.bias - torch.Size([1024]): 
The value is the same before and after calling `init_weights` of EncoderDecoder  

backbone.backbone.blocks.14.attn.qkv.weight - torch.Size([3072, 1024]): 
The value is the same before and after calling `init_weights` of EncoderDecoder  

backbone.backbone.blocks.14.attn.qkv.bias - torch.Size([3072]): 
The value is the same before and after calling `init_weights` of EncoderDecoder  

backbone.backbone.blocks.14.attn.proj.weight - torch.Size([1024, 1024]): 
The value is the same before and after calling `init_weights` of EncoderDecoder  

backbone.backbone.blocks.14.attn.proj.bias - torch.Size([1024]): 
The value is the same before and after calling `init_weights` of EncoderDecoder  

backbone.backbone.blocks.14.ls1.gamma - torch.Size([1024]): 
The value is the same before and after calling `init_weights` of EncoderDecoder  

backbone.backbone.blocks.14.norm2.weight - torch.Size([1024]): 
The value is the same before and after calling `init_weights` of EncoderDecoder  

backbone.backbone.blocks.14.norm2.bias - torch.Size([1024]): 
The value is the same before and after calling `init_weights` of EncoderDecoder  

backbone.backbone.blocks.14.mlp.fc1.weight - torch.Size([4096, 1024]): 
The value is the same before and after calling `init_weights` of EncoderDecoder  

backbone.backbone.blocks.14.mlp.fc1.bias - torch.Size([4096]): 
The value is the same before and after calling `init_weights` of EncoderDecoder  

backbone.backbone.blocks.14.mlp.fc2.weight - torch.Size([1024, 4096]): 
The value is the same before and after calling `init_weights` of EncoderDecoder  

backbone.backbone.blocks.14.mlp.fc2.bias - torch.Size([1024]): 
The value is the same before and after calling `init_weights` of EncoderDecoder  

backbone.backbone.blocks.14.ls2.gamma - torch.Size([1024]): 
The value is the same before and after calling `init_weights` of EncoderDecoder  

backbone.backbone.blocks.15.norm1.weight - torch.Size([1024]): 
The value is the same before and after calling `init_weights` of EncoderDecoder  

backbone.backbone.blocks.15.norm1.bias - torch.Size([1024]): 
The value is the same before and after calling `init_weights` of EncoderDecoder  

backbone.backbone.blocks.15.attn.qkv.weight - torch.Size([3072, 1024]): 
The value is the same before and after calling `init_weights` of EncoderDecoder  

backbone.backbone.blocks.15.attn.qkv.bias - torch.Size([3072]): 
The value is the same before and after calling `init_weights` of EncoderDecoder  

backbone.backbone.blocks.15.attn.proj.weight - torch.Size([1024, 1024]): 
The value is the same before and after calling `init_weights` of EncoderDecoder  

backbone.backbone.blocks.15.attn.proj.bias - torch.Size([1024]): 
The value is the same before and after calling `init_weights` of EncoderDecoder  

backbone.backbone.blocks.15.ls1.gamma - torch.Size([1024]): 
The value is the same before and after calling `init_weights` of EncoderDecoder  

backbone.backbone.blocks.15.norm2.weight - torch.Size([1024]): 
The value is the same before and after calling `init_weights` of EncoderDecoder  

backbone.backbone.blocks.15.norm2.bias - torch.Size([1024]): 
The value is the same before and after calling `init_weights` of EncoderDecoder  

backbone.backbone.blocks.15.mlp.fc1.weight - torch.Size([4096, 1024]): 
The value is the same before and after calling `init_weights` of EncoderDecoder  

backbone.backbone.blocks.15.mlp.fc1.bias - torch.Size([4096]): 
The value is the same before and after calling `init_weights` of EncoderDecoder  

backbone.backbone.blocks.15.mlp.fc2.weight - torch.Size([1024, 4096]): 
The value is the same before and after calling `init_weights` of EncoderDecoder  

backbone.backbone.blocks.15.mlp.fc2.bias - torch.Size([1024]): 
The value is the same before and after calling `init_weights` of EncoderDecoder  

backbone.backbone.blocks.15.ls2.gamma - torch.Size([1024]): 
The value is the same before and after calling `init_weights` of EncoderDecoder  

backbone.backbone.blocks.16.norm1.weight - torch.Size([1024]): 
The value is the same before and after calling `init_weights` of EncoderDecoder  

backbone.backbone.blocks.16.norm1.bias - torch.Size([1024]): 
The value is the same before and after calling `init_weights` of EncoderDecoder  

backbone.backbone.blocks.16.attn.qkv.weight - torch.Size([3072, 1024]): 
The value is the same before and after calling `init_weights` of EncoderDecoder  

backbone.backbone.blocks.16.attn.qkv.bias - torch.Size([3072]): 
The value is the same before and after calling `init_weights` of EncoderDecoder  

backbone.backbone.blocks.16.attn.proj.weight - torch.Size([1024, 1024]): 
The value is the same before and after calling `init_weights` of EncoderDecoder  

backbone.backbone.blocks.16.attn.proj.bias - torch.Size([1024]): 
The value is the same before and after calling `init_weights` of EncoderDecoder  

backbone.backbone.blocks.16.ls1.gamma - torch.Size([1024]): 
The value is the same before and after calling `init_weights` of EncoderDecoder  

backbone.backbone.blocks.16.norm2.weight - torch.Size([1024]): 
The value is the same before and after calling `init_weights` of EncoderDecoder  

backbone.backbone.blocks.16.norm2.bias - torch.Size([1024]): 
The value is the same before and after calling `init_weights` of EncoderDecoder  

backbone.backbone.blocks.16.mlp.fc1.weight - torch.Size([4096, 1024]): 
The value is the same before and after calling `init_weights` of EncoderDecoder  

backbone.backbone.blocks.16.mlp.fc1.bias - torch.Size([4096]): 
The value is the same before and after calling `init_weights` of EncoderDecoder  

backbone.backbone.blocks.16.mlp.fc2.weight - torch.Size([1024, 4096]): 
The value is the same before and after calling `init_weights` of EncoderDecoder  

backbone.backbone.blocks.16.mlp.fc2.bias - torch.Size([1024]): 
The value is the same before and after calling `init_weights` of EncoderDecoder  

backbone.backbone.blocks.16.ls2.gamma - torch.Size([1024]): 
The value is the same before and after calling `init_weights` of EncoderDecoder  

backbone.backbone.blocks.17.norm1.weight - torch.Size([1024]): 
The value is the same before and after calling `init_weights` of EncoderDecoder  

backbone.backbone.blocks.17.norm1.bias - torch.Size([1024]): 
The value is the same before and after calling `init_weights` of EncoderDecoder  

backbone.backbone.blocks.17.attn.qkv.weight - torch.Size([3072, 1024]): 
The value is the same before and after calling `init_weights` of EncoderDecoder  

backbone.backbone.blocks.17.attn.qkv.bias - torch.Size([3072]): 
The value is the same before and after calling `init_weights` of EncoderDecoder  

backbone.backbone.blocks.17.attn.proj.weight - torch.Size([1024, 1024]): 
The value is the same before and after calling `init_weights` of EncoderDecoder  

backbone.backbone.blocks.17.attn.proj.bias - torch.Size([1024]): 
The value is the same before and after calling `init_weights` of EncoderDecoder  

backbone.backbone.blocks.17.ls1.gamma - torch.Size([1024]): 
The value is the same before and after calling `init_weights` of EncoderDecoder  

backbone.backbone.blocks.17.norm2.weight - torch.Size([1024]): 
The value is the same before and after calling `init_weights` of EncoderDecoder  

backbone.backbone.blocks.17.norm2.bias - torch.Size([1024]): 
The value is the same before and after calling `init_weights` of EncoderDecoder  

backbone.backbone.blocks.17.mlp.fc1.weight - torch.Size([4096, 1024]): 
The value is the same before and after calling `init_weights` of EncoderDecoder  

backbone.backbone.blocks.17.mlp.fc1.bias - torch.Size([4096]): 
The value is the same before and after calling `init_weights` of EncoderDecoder  

backbone.backbone.blocks.17.mlp.fc2.weight - torch.Size([1024, 4096]): 
The value is the same before and after calling `init_weights` of EncoderDecoder  

backbone.backbone.blocks.17.mlp.fc2.bias - torch.Size([1024]): 
The value is the same before and after calling `init_weights` of EncoderDecoder  

backbone.backbone.blocks.17.ls2.gamma - torch.Size([1024]): 
The value is the same before and after calling `init_weights` of EncoderDecoder  

backbone.backbone.blocks.18.norm1.weight - torch.Size([1024]): 
The value is the same before and after calling `init_weights` of EncoderDecoder  

backbone.backbone.blocks.18.norm1.bias - torch.Size([1024]): 
The value is the same before and after calling `init_weights` of EncoderDecoder  

backbone.backbone.blocks.18.attn.qkv.weight - torch.Size([3072, 1024]): 
The value is the same before and after calling `init_weights` of EncoderDecoder  

backbone.backbone.blocks.18.attn.qkv.bias - torch.Size([3072]): 
The value is the same before and after calling `init_weights` of EncoderDecoder  

backbone.backbone.blocks.18.attn.proj.weight - torch.Size([1024, 1024]): 
The value is the same before and after calling `init_weights` of EncoderDecoder  

backbone.backbone.blocks.18.attn.proj.bias - torch.Size([1024]): 
The value is the same before and after calling `init_weights` of EncoderDecoder  

backbone.backbone.blocks.18.ls1.gamma - torch.Size([1024]): 
The value is the same before and after calling `init_weights` of EncoderDecoder  

backbone.backbone.blocks.18.norm2.weight - torch.Size([1024]): 
The value is the same before and after calling `init_weights` of EncoderDecoder  

backbone.backbone.blocks.18.norm2.bias - torch.Size([1024]): 
The value is the same before and after calling `init_weights` of EncoderDecoder  

backbone.backbone.blocks.18.mlp.fc1.weight - torch.Size([4096, 1024]): 
The value is the same before and after calling `init_weights` of EncoderDecoder  

backbone.backbone.blocks.18.mlp.fc1.bias - torch.Size([4096]): 
The value is the same before and after calling `init_weights` of EncoderDecoder  

backbone.backbone.blocks.18.mlp.fc2.weight - torch.Size([1024, 4096]): 
The value is the same before and after calling `init_weights` of EncoderDecoder  

backbone.backbone.blocks.18.mlp.fc2.bias - torch.Size([1024]): 
The value is the same before and after calling `init_weights` of EncoderDecoder  

backbone.backbone.blocks.18.ls2.gamma - torch.Size([1024]): 
The value is the same before and after calling `init_weights` of EncoderDecoder  

backbone.backbone.blocks.19.norm1.weight - torch.Size([1024]): 
The value is the same before and after calling `init_weights` of EncoderDecoder  

backbone.backbone.blocks.19.norm1.bias - torch.Size([1024]): 
The value is the same before and after calling `init_weights` of EncoderDecoder  

backbone.backbone.blocks.19.attn.qkv.weight - torch.Size([3072, 1024]): 
The value is the same before and after calling `init_weights` of EncoderDecoder  

backbone.backbone.blocks.19.attn.qkv.bias - torch.Size([3072]): 
The value is the same before and after calling `init_weights` of EncoderDecoder  

backbone.backbone.blocks.19.attn.proj.weight - torch.Size([1024, 1024]): 
The value is the same before and after calling `init_weights` of EncoderDecoder  

backbone.backbone.blocks.19.attn.proj.bias - torch.Size([1024]): 
The value is the same before and after calling `init_weights` of EncoderDecoder  

backbone.backbone.blocks.19.ls1.gamma - torch.Size([1024]): 
The value is the same before and after calling `init_weights` of EncoderDecoder  

backbone.backbone.blocks.19.norm2.weight - torch.Size([1024]): 
The value is the same before and after calling `init_weights` of EncoderDecoder  

backbone.backbone.blocks.19.norm2.bias - torch.Size([1024]): 
The value is the same before and after calling `init_weights` of EncoderDecoder  

backbone.backbone.blocks.19.mlp.fc1.weight - torch.Size([4096, 1024]): 
The value is the same before and after calling `init_weights` of EncoderDecoder  

backbone.backbone.blocks.19.mlp.fc1.bias - torch.Size([4096]): 
The value is the same before and after calling `init_weights` of EncoderDecoder  

backbone.backbone.blocks.19.mlp.fc2.weight - torch.Size([1024, 4096]): 
The value is the same before and after calling `init_weights` of EncoderDecoder  

backbone.backbone.blocks.19.mlp.fc2.bias - torch.Size([1024]): 
The value is the same before and after calling `init_weights` of EncoderDecoder  

backbone.backbone.blocks.19.ls2.gamma - torch.Size([1024]): 
The value is the same before and after calling `init_weights` of EncoderDecoder  

backbone.backbone.blocks.20.norm1.weight - torch.Size([1024]): 
The value is the same before and after calling `init_weights` of EncoderDecoder  

backbone.backbone.blocks.20.norm1.bias - torch.Size([1024]): 
The value is the same before and after calling `init_weights` of EncoderDecoder  

backbone.backbone.blocks.20.attn.qkv.weight - torch.Size([3072, 1024]): 
The value is the same before and after calling `init_weights` of EncoderDecoder  

backbone.backbone.blocks.20.attn.qkv.bias - torch.Size([3072]): 
The value is the same before and after calling `init_weights` of EncoderDecoder  

backbone.backbone.blocks.20.attn.proj.weight - torch.Size([1024, 1024]): 
The value is the same before and after calling `init_weights` of EncoderDecoder  

backbone.backbone.blocks.20.attn.proj.bias - torch.Size([1024]): 
The value is the same before and after calling `init_weights` of EncoderDecoder  

backbone.backbone.blocks.20.ls1.gamma - torch.Size([1024]): 
The value is the same before and after calling `init_weights` of EncoderDecoder  

backbone.backbone.blocks.20.norm2.weight - torch.Size([1024]): 
The value is the same before and after calling `init_weights` of EncoderDecoder  

backbone.backbone.blocks.20.norm2.bias - torch.Size([1024]): 
The value is the same before and after calling `init_weights` of EncoderDecoder  

backbone.backbone.blocks.20.mlp.fc1.weight - torch.Size([4096, 1024]): 
The value is the same before and after calling `init_weights` of EncoderDecoder  

backbone.backbone.blocks.20.mlp.fc1.bias - torch.Size([4096]): 
The value is the same before and after calling `init_weights` of EncoderDecoder  

backbone.backbone.blocks.20.mlp.fc2.weight - torch.Size([1024, 4096]): 
The value is the same before and after calling `init_weights` of EncoderDecoder  

backbone.backbone.blocks.20.mlp.fc2.bias - torch.Size([1024]): 
The value is the same before and after calling `init_weights` of EncoderDecoder  

backbone.backbone.blocks.20.ls2.gamma - torch.Size([1024]): 
The value is the same before and after calling `init_weights` of EncoderDecoder  

backbone.backbone.blocks.21.norm1.weight - torch.Size([1024]): 
The value is the same before and after calling `init_weights` of EncoderDecoder  

backbone.backbone.blocks.21.norm1.bias - torch.Size([1024]): 
The value is the same before and after calling `init_weights` of EncoderDecoder  

backbone.backbone.blocks.21.attn.qkv.weight - torch.Size([3072, 1024]): 
The value is the same before and after calling `init_weights` of EncoderDecoder  

backbone.backbone.blocks.21.attn.qkv.bias - torch.Size([3072]): 
The value is the same before and after calling `init_weights` of EncoderDecoder  

backbone.backbone.blocks.21.attn.proj.weight - torch.Size([1024, 1024]): 
The value is the same before and after calling `init_weights` of EncoderDecoder  

backbone.backbone.blocks.21.attn.proj.bias - torch.Size([1024]): 
The value is the same before and after calling `init_weights` of EncoderDecoder  

backbone.backbone.blocks.21.ls1.gamma - torch.Size([1024]): 
The value is the same before and after calling `init_weights` of EncoderDecoder  

backbone.backbone.blocks.21.norm2.weight - torch.Size([1024]): 
The value is the same before and after calling `init_weights` of EncoderDecoder  

backbone.backbone.blocks.21.norm2.bias - torch.Size([1024]): 
The value is the same before and after calling `init_weights` of EncoderDecoder  

backbone.backbone.blocks.21.mlp.fc1.weight - torch.Size([4096, 1024]): 
The value is the same before and after calling `init_weights` of EncoderDecoder  

backbone.backbone.blocks.21.mlp.fc1.bias - torch.Size([4096]): 
The value is the same before and after calling `init_weights` of EncoderDecoder  

backbone.backbone.blocks.21.mlp.fc2.weight - torch.Size([1024, 4096]): 
The value is the same before and after calling `init_weights` of EncoderDecoder  

backbone.backbone.blocks.21.mlp.fc2.bias - torch.Size([1024]): 
The value is the same before and after calling `init_weights` of EncoderDecoder  

backbone.backbone.blocks.21.ls2.gamma - torch.Size([1024]): 
The value is the same before and after calling `init_weights` of EncoderDecoder  

backbone.backbone.blocks.22.norm1.weight - torch.Size([1024]): 
The value is the same before and after calling `init_weights` of EncoderDecoder  

backbone.backbone.blocks.22.norm1.bias - torch.Size([1024]): 
The value is the same before and after calling `init_weights` of EncoderDecoder  

backbone.backbone.blocks.22.attn.qkv.weight - torch.Size([3072, 1024]): 
The value is the same before and after calling `init_weights` of EncoderDecoder  

backbone.backbone.blocks.22.attn.qkv.bias - torch.Size([3072]): 
The value is the same before and after calling `init_weights` of EncoderDecoder  

backbone.backbone.blocks.22.attn.proj.weight - torch.Size([1024, 1024]): 
The value is the same before and after calling `init_weights` of EncoderDecoder  

backbone.backbone.blocks.22.attn.proj.bias - torch.Size([1024]): 
The value is the same before and after calling `init_weights` of EncoderDecoder  

backbone.backbone.blocks.22.ls1.gamma - torch.Size([1024]): 
The value is the same before and after calling `init_weights` of EncoderDecoder  

backbone.backbone.blocks.22.norm2.weight - torch.Size([1024]): 
The value is the same before and after calling `init_weights` of EncoderDecoder  

backbone.backbone.blocks.22.norm2.bias - torch.Size([1024]): 
The value is the same before and after calling `init_weights` of EncoderDecoder  

backbone.backbone.blocks.22.mlp.fc1.weight - torch.Size([4096, 1024]): 
The value is the same before and after calling `init_weights` of EncoderDecoder  

backbone.backbone.blocks.22.mlp.fc1.bias - torch.Size([4096]): 
The value is the same before and after calling `init_weights` of EncoderDecoder  

backbone.backbone.blocks.22.mlp.fc2.weight - torch.Size([1024, 4096]): 
The value is the same before and after calling `init_weights` of EncoderDecoder  

backbone.backbone.blocks.22.mlp.fc2.bias - torch.Size([1024]): 
The value is the same before and after calling `init_weights` of EncoderDecoder  

backbone.backbone.blocks.22.ls2.gamma - torch.Size([1024]): 
The value is the same before and after calling `init_weights` of EncoderDecoder  

backbone.backbone.blocks.23.norm1.weight - torch.Size([1024]): 
The value is the same before and after calling `init_weights` of EncoderDecoder  

backbone.backbone.blocks.23.norm1.bias - torch.Size([1024]): 
The value is the same before and after calling `init_weights` of EncoderDecoder  

backbone.backbone.blocks.23.attn.qkv.weight - torch.Size([3072, 1024]): 
The value is the same before and after calling `init_weights` of EncoderDecoder  

backbone.backbone.blocks.23.attn.qkv.bias - torch.Size([3072]): 
The value is the same before and after calling `init_weights` of EncoderDecoder  

backbone.backbone.blocks.23.attn.proj.weight - torch.Size([1024, 1024]): 
The value is the same before and after calling `init_weights` of EncoderDecoder  

backbone.backbone.blocks.23.attn.proj.bias - torch.Size([1024]): 
The value is the same before and after calling `init_weights` of EncoderDecoder  

backbone.backbone.blocks.23.ls1.gamma - torch.Size([1024]): 
The value is the same before and after calling `init_weights` of EncoderDecoder  

backbone.backbone.blocks.23.norm2.weight - torch.Size([1024]): 
The value is the same before and after calling `init_weights` of EncoderDecoder  

backbone.backbone.blocks.23.norm2.bias - torch.Size([1024]): 
The value is the same before and after calling `init_weights` of EncoderDecoder  

backbone.backbone.blocks.23.mlp.fc1.weight - torch.Size([4096, 1024]): 
The value is the same before and after calling `init_weights` of EncoderDecoder  

backbone.backbone.blocks.23.mlp.fc1.bias - torch.Size([4096]): 
The value is the same before and after calling `init_weights` of EncoderDecoder  

backbone.backbone.blocks.23.mlp.fc2.weight - torch.Size([1024, 4096]): 
The value is the same before and after calling `init_weights` of EncoderDecoder  

backbone.backbone.blocks.23.mlp.fc2.bias - torch.Size([1024]): 
The value is the same before and after calling `init_weights` of EncoderDecoder  

backbone.backbone.blocks.23.ls2.gamma - torch.Size([1024]): 
The value is the same before and after calling `init_weights` of EncoderDecoder  

backbone.backbone.norm.weight - torch.Size([1024]): 
The value is the same before and after calling `init_weights` of EncoderDecoder  

backbone.backbone.norm.bias - torch.Size([1024]): 
The value is the same before and after calling `init_weights` of EncoderDecoder  

backbone.adapter.level_embed - torch.Size([3, 1024]): 
The value is the same before and after calling `init_weights` of EncoderDecoder  

backbone.adapter.spm.stem.0.weight - torch.Size([64, 3, 3, 3]): 
The value is the same before and after calling `init_weights` of EncoderDecoder  

backbone.adapter.spm.stem.1.weight - torch.Size([64]): 
The value is the same before and after calling `init_weights` of EncoderDecoder  

backbone.adapter.spm.stem.1.bias - torch.Size([64]): 
The value is the same before and after calling `init_weights` of EncoderDecoder  

backbone.adapter.spm.stem.3.weight - torch.Size([64, 64, 3, 3]): 
The value is the same before and after calling `init_weights` of EncoderDecoder  

backbone.adapter.spm.stem.4.weight - torch.Size([64]): 
The value is the same before and after calling `init_weights` of EncoderDecoder  

backbone.adapter.spm.stem.4.bias - torch.Size([64]): 
The value is the same before and after calling `init_weights` of EncoderDecoder  

backbone.adapter.spm.stem.6.weight - torch.Size([64, 64, 3, 3]): 
The value is the same before and after calling `init_weights` of EncoderDecoder  

backbone.adapter.spm.stem.7.weight - torch.Size([64]): 
The value is the same before and after calling `init_weights` of EncoderDecoder  

backbone.adapter.spm.stem.7.bias - torch.Size([64]): 
The value is the same before and after calling `init_weights` of EncoderDecoder  

backbone.adapter.spm.conv2.0.weight - torch.Size([128, 64, 3, 3]): 
The value is the same before and after calling `init_weights` of EncoderDecoder  

backbone.adapter.spm.conv2.1.weight - torch.Size([128]): 
The value is the same before and after calling `init_weights` of EncoderDecoder  

backbone.adapter.spm.conv2.1.bias - torch.Size([128]): 
The value is the same before and after calling `init_weights` of EncoderDecoder  

backbone.adapter.spm.conv3.0.weight - torch.Size([256, 128, 3, 3]): 
The value is the same before and after calling `init_weights` of EncoderDecoder  

backbone.adapter.spm.conv3.1.weight - torch.Size([256]): 
The value is the same before and after calling `init_weights` of EncoderDecoder  

backbone.adapter.spm.conv3.1.bias - torch.Size([256]): 
The value is the same before and after calling `init_weights` of EncoderDecoder  

backbone.adapter.spm.conv4.0.weight - torch.Size([256, 256, 3, 3]): 
The value is the same before and after calling `init_weights` of EncoderDecoder  

backbone.adapter.spm.conv4.1.weight - torch.Size([256]): 
The value is the same before and after calling `init_weights` of EncoderDecoder  

backbone.adapter.spm.conv4.1.bias - torch.Size([256]): 
The value is the same before and after calling `init_weights` of EncoderDecoder  

backbone.adapter.spm.fc1.weight - torch.Size([1024, 64, 1, 1]): 
The value is the same before and after calling `init_weights` of EncoderDecoder  

backbone.adapter.spm.fc1.bias - torch.Size([1024]): 
The value is the same before and after calling `init_weights` of EncoderDecoder  

backbone.adapter.spm.fc2.weight - torch.Size([1024, 128, 1, 1]): 
The value is the same before and after calling `init_weights` of EncoderDecoder  

backbone.adapter.spm.fc2.bias - torch.Size([1024]): 
The value is the same before and after calling `init_weights` of EncoderDecoder  

backbone.adapter.spm.fc3.weight - torch.Size([1024, 256, 1, 1]): 
The value is the same before and after calling `init_weights` of EncoderDecoder  

backbone.adapter.spm.fc3.bias - torch.Size([1024]): 
The value is the same before and after calling `init_weights` of EncoderDecoder  

backbone.adapter.spm.fc4.weight - torch.Size([1024, 256, 1, 1]): 
The value is the same before and after calling `init_weights` of EncoderDecoder  

backbone.adapter.spm.fc4.bias - torch.Size([1024]): 
The value is the same before and after calling `init_weights` of EncoderDecoder  

backbone.adapter.interactions.0.extractor.query_norm.weight - torch.Size([1024]): 
The value is the same before and after calling `init_weights` of EncoderDecoder  

backbone.adapter.interactions.0.extractor.query_norm.bias - torch.Size([1024]): 
The value is the same before and after calling `init_weights` of EncoderDecoder  

backbone.adapter.interactions.0.extractor.feat_norm.weight - torch.Size([1024]): 
The value is the same before and after calling `init_weights` of EncoderDecoder  

backbone.adapter.interactions.0.extractor.feat_norm.bias - torch.Size([1024]): 
The value is the same before and after calling `init_weights` of EncoderDecoder  

backbone.adapter.interactions.0.extractor.attn.attn.sampling_offsets.weight - torch.Size([128, 1024]): 
The value is the same before and after calling `init_weights` of EncoderDecoder  

backbone.adapter.interactions.0.extractor.attn.attn.sampling_offsets.bias - torch.Size([128]): 
The value is the same before and after calling `init_weights` of EncoderDecoder  

backbone.adapter.interactions.0.extractor.attn.attn.attention_weights.weight - torch.Size([64, 1024]): 
The value is the same before and after calling `init_weights` of EncoderDecoder  

backbone.adapter.interactions.0.extractor.attn.attn.attention_weights.bias - torch.Size([64]): 
The value is the same before and after calling `init_weights` of EncoderDecoder  

backbone.adapter.interactions.0.extractor.attn.attn.value_proj.weight - torch.Size([1024, 1024]): 
The value is the same before and after calling `init_weights` of EncoderDecoder  

backbone.adapter.interactions.0.extractor.attn.attn.value_proj.bias - torch.Size([1024]): 
The value is the same before and after calling `init_weights` of EncoderDecoder  

backbone.adapter.interactions.0.extractor.attn.attn.output_proj.weight - torch.Size([1024, 1024]): 
The value is the same before and after calling `init_weights` of EncoderDecoder  

backbone.adapter.interactions.0.extractor.attn.attn.output_proj.bias - torch.Size([1024]): 
The value is the same before and after calling `init_weights` of EncoderDecoder  

backbone.adapter.interactions.0.extractor.ffn.fc1.weight - torch.Size([256, 1024]): 
The value is the same before and after calling `init_weights` of EncoderDecoder  

backbone.adapter.interactions.0.extractor.ffn.fc1.bias - torch.Size([256]): 
The value is the same before and after calling `init_weights` of EncoderDecoder  

backbone.adapter.interactions.0.extractor.ffn.dwconv.dwconv.weight - torch.Size([256, 1, 3, 3]): 
The value is the same before and after calling `init_weights` of EncoderDecoder  

backbone.adapter.interactions.0.extractor.ffn.dwconv.dwconv.bias - torch.Size([256]): 
The value is the same before and after calling `init_weights` of EncoderDecoder  

backbone.adapter.interactions.0.extractor.ffn.fc2.weight - torch.Size([1024, 256]): 
The value is the same before and after calling `init_weights` of EncoderDecoder  

backbone.adapter.interactions.0.extractor.ffn.fc2.bias - torch.Size([1024]): 
The value is the same before and after calling `init_weights` of EncoderDecoder  

backbone.adapter.interactions.0.extractor.ffn_norm.weight - torch.Size([1024]): 
The value is the same before and after calling `init_weights` of EncoderDecoder  

backbone.adapter.interactions.0.extractor.ffn_norm.bias - torch.Size([1024]): 
The value is the same before and after calling `init_weights` of EncoderDecoder  

backbone.adapter.interactions.1.extractor.query_norm.weight - torch.Size([1024]): 
The value is the same before and after calling `init_weights` of EncoderDecoder  

backbone.adapter.interactions.1.extractor.query_norm.bias - torch.Size([1024]): 
The value is the same before and after calling `init_weights` of EncoderDecoder  

backbone.adapter.interactions.1.extractor.feat_norm.weight - torch.Size([1024]): 
The value is the same before and after calling `init_weights` of EncoderDecoder  

backbone.adapter.interactions.1.extractor.feat_norm.bias - torch.Size([1024]): 
The value is the same before and after calling `init_weights` of EncoderDecoder  

backbone.adapter.interactions.1.extractor.attn.attn.sampling_offsets.weight - torch.Size([128, 1024]): 
The value is the same before and after calling `init_weights` of EncoderDecoder  

backbone.adapter.interactions.1.extractor.attn.attn.sampling_offsets.bias - torch.Size([128]): 
The value is the same before and after calling `init_weights` of EncoderDecoder  

backbone.adapter.interactions.1.extractor.attn.attn.attention_weights.weight - torch.Size([64, 1024]): 
The value is the same before and after calling `init_weights` of EncoderDecoder  

backbone.adapter.interactions.1.extractor.attn.attn.attention_weights.bias - torch.Size([64]): 
The value is the same before and after calling `init_weights` of EncoderDecoder  

backbone.adapter.interactions.1.extractor.attn.attn.value_proj.weight - torch.Size([1024, 1024]): 
The value is the same before and after calling `init_weights` of EncoderDecoder  

backbone.adapter.interactions.1.extractor.attn.attn.value_proj.bias - torch.Size([1024]): 
The value is the same before and after calling `init_weights` of EncoderDecoder  

backbone.adapter.interactions.1.extractor.attn.attn.output_proj.weight - torch.Size([1024, 1024]): 
The value is the same before and after calling `init_weights` of EncoderDecoder  

backbone.adapter.interactions.1.extractor.attn.attn.output_proj.bias - torch.Size([1024]): 
The value is the same before and after calling `init_weights` of EncoderDecoder  

backbone.adapter.interactions.1.extractor.ffn.fc1.weight - torch.Size([256, 1024]): 
The value is the same before and after calling `init_weights` of EncoderDecoder  

backbone.adapter.interactions.1.extractor.ffn.fc1.bias - torch.Size([256]): 
The value is the same before and after calling `init_weights` of EncoderDecoder  

backbone.adapter.interactions.1.extractor.ffn.dwconv.dwconv.weight - torch.Size([256, 1, 3, 3]): 
The value is the same before and after calling `init_weights` of EncoderDecoder  

backbone.adapter.interactions.1.extractor.ffn.dwconv.dwconv.bias - torch.Size([256]): 
The value is the same before and after calling `init_weights` of EncoderDecoder  

backbone.adapter.interactions.1.extractor.ffn.fc2.weight - torch.Size([1024, 256]): 
The value is the same before and after calling `init_weights` of EncoderDecoder  

backbone.adapter.interactions.1.extractor.ffn.fc2.bias - torch.Size([1024]): 
The value is the same before and after calling `init_weights` of EncoderDecoder  

backbone.adapter.interactions.1.extractor.ffn_norm.weight - torch.Size([1024]): 
The value is the same before and after calling `init_weights` of EncoderDecoder  

backbone.adapter.interactions.1.extractor.ffn_norm.bias - torch.Size([1024]): 
The value is the same before and after calling `init_weights` of EncoderDecoder  

backbone.adapter.interactions.2.extractor.query_norm.weight - torch.Size([1024]): 
The value is the same before and after calling `init_weights` of EncoderDecoder  

backbone.adapter.interactions.2.extractor.query_norm.bias - torch.Size([1024]): 
The value is the same before and after calling `init_weights` of EncoderDecoder  

backbone.adapter.interactions.2.extractor.feat_norm.weight - torch.Size([1024]): 
The value is the same before and after calling `init_weights` of EncoderDecoder  

backbone.adapter.interactions.2.extractor.feat_norm.bias - torch.Size([1024]): 
The value is the same before and after calling `init_weights` of EncoderDecoder  

backbone.adapter.interactions.2.extractor.attn.attn.sampling_offsets.weight - torch.Size([128, 1024]): 
The value is the same before and after calling `init_weights` of EncoderDecoder  

backbone.adapter.interactions.2.extractor.attn.attn.sampling_offsets.bias - torch.Size([128]): 
The value is the same before and after calling `init_weights` of EncoderDecoder  

backbone.adapter.interactions.2.extractor.attn.attn.attention_weights.weight - torch.Size([64, 1024]): 
The value is the same before and after calling `init_weights` of EncoderDecoder  

backbone.adapter.interactions.2.extractor.attn.attn.attention_weights.bias - torch.Size([64]): 
The value is the same before and after calling `init_weights` of EncoderDecoder  

backbone.adapter.interactions.2.extractor.attn.attn.value_proj.weight - torch.Size([1024, 1024]): 
The value is the same before and after calling `init_weights` of EncoderDecoder  

backbone.adapter.interactions.2.extractor.attn.attn.value_proj.bias - torch.Size([1024]): 
The value is the same before and after calling `init_weights` of EncoderDecoder  

backbone.adapter.interactions.2.extractor.attn.attn.output_proj.weight - torch.Size([1024, 1024]): 
The value is the same before and after calling `init_weights` of EncoderDecoder  

backbone.adapter.interactions.2.extractor.attn.attn.output_proj.bias - torch.Size([1024]): 
The value is the same before and after calling `init_weights` of EncoderDecoder  

backbone.adapter.interactions.2.extractor.ffn.fc1.weight - torch.Size([256, 1024]): 
The value is the same before and after calling `init_weights` of EncoderDecoder  

backbone.adapter.interactions.2.extractor.ffn.fc1.bias - torch.Size([256]): 
The value is the same before and after calling `init_weights` of EncoderDecoder  

backbone.adapter.interactions.2.extractor.ffn.dwconv.dwconv.weight - torch.Size([256, 1, 3, 3]): 
The value is the same before and after calling `init_weights` of EncoderDecoder  

backbone.adapter.interactions.2.extractor.ffn.dwconv.dwconv.bias - torch.Size([256]): 
The value is the same before and after calling `init_weights` of EncoderDecoder  

backbone.adapter.interactions.2.extractor.ffn.fc2.weight - torch.Size([1024, 256]): 
The value is the same before and after calling `init_weights` of EncoderDecoder  

backbone.adapter.interactions.2.extractor.ffn.fc2.bias - torch.Size([1024]): 
The value is the same before and after calling `init_weights` of EncoderDecoder  

backbone.adapter.interactions.2.extractor.ffn_norm.weight - torch.Size([1024]): 
The value is the same before and after calling `init_weights` of EncoderDecoder  

backbone.adapter.interactions.2.extractor.ffn_norm.bias - torch.Size([1024]): 
The value is the same before and after calling `init_weights` of EncoderDecoder  

backbone.adapter.interactions.3.extractor.query_norm.weight - torch.Size([1024]): 
The value is the same before and after calling `init_weights` of EncoderDecoder  

backbone.adapter.interactions.3.extractor.query_norm.bias - torch.Size([1024]): 
The value is the same before and after calling `init_weights` of EncoderDecoder  

backbone.adapter.interactions.3.extractor.feat_norm.weight - torch.Size([1024]): 
The value is the same before and after calling `init_weights` of EncoderDecoder  

backbone.adapter.interactions.3.extractor.feat_norm.bias - torch.Size([1024]): 
The value is the same before and after calling `init_weights` of EncoderDecoder  

backbone.adapter.interactions.3.extractor.attn.attn.sampling_offsets.weight - torch.Size([128, 1024]): 
The value is the same before and after calling `init_weights` of EncoderDecoder  

backbone.adapter.interactions.3.extractor.attn.attn.sampling_offsets.bias - torch.Size([128]): 
The value is the same before and after calling `init_weights` of EncoderDecoder  

backbone.adapter.interactions.3.extractor.attn.attn.attention_weights.weight - torch.Size([64, 1024]): 
The value is the same before and after calling `init_weights` of EncoderDecoder  

backbone.adapter.interactions.3.extractor.attn.attn.attention_weights.bias - torch.Size([64]): 
The value is the same before and after calling `init_weights` of EncoderDecoder  

backbone.adapter.interactions.3.extractor.attn.attn.value_proj.weight - torch.Size([1024, 1024]): 
The value is the same before and after calling `init_weights` of EncoderDecoder  

backbone.adapter.interactions.3.extractor.attn.attn.value_proj.bias - torch.Size([1024]): 
The value is the same before and after calling `init_weights` of EncoderDecoder  

backbone.adapter.interactions.3.extractor.attn.attn.output_proj.weight - torch.Size([1024, 1024]): 
The value is the same before and after calling `init_weights` of EncoderDecoder  

backbone.adapter.interactions.3.extractor.attn.attn.output_proj.bias - torch.Size([1024]): 
The value is the same before and after calling `init_weights` of EncoderDecoder  

backbone.adapter.interactions.3.extractor.ffn.fc1.weight - torch.Size([256, 1024]): 
The value is the same before and after calling `init_weights` of EncoderDecoder  

backbone.adapter.interactions.3.extractor.ffn.fc1.bias - torch.Size([256]): 
The value is the same before and after calling `init_weights` of EncoderDecoder  

backbone.adapter.interactions.3.extractor.ffn.dwconv.dwconv.weight - torch.Size([256, 1, 3, 3]): 
The value is the same before and after calling `init_weights` of EncoderDecoder  

backbone.adapter.interactions.3.extractor.ffn.dwconv.dwconv.bias - torch.Size([256]): 
The value is the same before and after calling `init_weights` of EncoderDecoder  

backbone.adapter.interactions.3.extractor.ffn.fc2.weight - torch.Size([1024, 256]): 
The value is the same before and after calling `init_weights` of EncoderDecoder  

backbone.adapter.interactions.3.extractor.ffn.fc2.bias - torch.Size([1024]): 
The value is the same before and after calling `init_weights` of EncoderDecoder  

backbone.adapter.interactions.3.extractor.ffn_norm.weight - torch.Size([1024]): 
The value is the same before and after calling `init_weights` of EncoderDecoder  

backbone.adapter.interactions.3.extractor.ffn_norm.bias - torch.Size([1024]): 
The value is the same before and after calling `init_weights` of EncoderDecoder  

backbone.adapter.interactions.3.extra_extractors.0.query_norm.weight - torch.Size([1024]): 
The value is the same before and after calling `init_weights` of EncoderDecoder  

backbone.adapter.interactions.3.extra_extractors.0.query_norm.bias - torch.Size([1024]): 
The value is the same before and after calling `init_weights` of EncoderDecoder  

backbone.adapter.interactions.3.extra_extractors.0.feat_norm.weight - torch.Size([1024]): 
The value is the same before and after calling `init_weights` of EncoderDecoder  

backbone.adapter.interactions.3.extra_extractors.0.feat_norm.bias - torch.Size([1024]): 
The value is the same before and after calling `init_weights` of EncoderDecoder  

backbone.adapter.interactions.3.extra_extractors.0.attn.attn.sampling_offsets.weight - torch.Size([128, 1024]): 
The value is the same before and after calling `init_weights` of EncoderDecoder  

backbone.adapter.interactions.3.extra_extractors.0.attn.attn.sampling_offsets.bias - torch.Size([128]): 
The value is the same before and after calling `init_weights` of EncoderDecoder  

backbone.adapter.interactions.3.extra_extractors.0.attn.attn.attention_weights.weight - torch.Size([64, 1024]): 
The value is the same before and after calling `init_weights` of EncoderDecoder  

backbone.adapter.interactions.3.extra_extractors.0.attn.attn.attention_weights.bias - torch.Size([64]): 
The value is the same before and after calling `init_weights` of EncoderDecoder  

backbone.adapter.interactions.3.extra_extractors.0.attn.attn.value_proj.weight - torch.Size([1024, 1024]): 
The value is the same before and after calling `init_weights` of EncoderDecoder  

backbone.adapter.interactions.3.extra_extractors.0.attn.attn.value_proj.bias - torch.Size([1024]): 
The value is the same before and after calling `init_weights` of EncoderDecoder  

backbone.adapter.interactions.3.extra_extractors.0.attn.attn.output_proj.weight - torch.Size([1024, 1024]): 
The value is the same before and after calling `init_weights` of EncoderDecoder  

backbone.adapter.interactions.3.extra_extractors.0.attn.attn.output_proj.bias - torch.Size([1024]): 
The value is the same before and after calling `init_weights` of EncoderDecoder  

backbone.adapter.interactions.3.extra_extractors.0.ffn.fc1.weight - torch.Size([256, 1024]): 
The value is the same before and after calling `init_weights` of EncoderDecoder  

backbone.adapter.interactions.3.extra_extractors.0.ffn.fc1.bias - torch.Size([256]): 
The value is the same before and after calling `init_weights` of EncoderDecoder  

backbone.adapter.interactions.3.extra_extractors.0.ffn.dwconv.dwconv.weight - torch.Size([256, 1, 3, 3]): 
The value is the same before and after calling `init_weights` of EncoderDecoder  

backbone.adapter.interactions.3.extra_extractors.0.ffn.dwconv.dwconv.bias - torch.Size([256]): 
The value is the same before and after calling `init_weights` of EncoderDecoder  

backbone.adapter.interactions.3.extra_extractors.0.ffn.fc2.weight - torch.Size([1024, 256]): 
The value is the same before and after calling `init_weights` of EncoderDecoder  

backbone.adapter.interactions.3.extra_extractors.0.ffn.fc2.bias - torch.Size([1024]): 
The value is the same before and after calling `init_weights` of EncoderDecoder  

backbone.adapter.interactions.3.extra_extractors.0.ffn_norm.weight - torch.Size([1024]): 
The value is the same before and after calling `init_weights` of EncoderDecoder  

backbone.adapter.interactions.3.extra_extractors.0.ffn_norm.bias - torch.Size([1024]): 
The value is the same before and after calling `init_weights` of EncoderDecoder  

backbone.adapter.interactions.3.extra_extractors.1.query_norm.weight - torch.Size([1024]): 
The value is the same before and after calling `init_weights` of EncoderDecoder  

backbone.adapter.interactions.3.extra_extractors.1.query_norm.bias - torch.Size([1024]): 
The value is the same before and after calling `init_weights` of EncoderDecoder  

backbone.adapter.interactions.3.extra_extractors.1.feat_norm.weight - torch.Size([1024]): 
The value is the same before and after calling `init_weights` of EncoderDecoder  

backbone.adapter.interactions.3.extra_extractors.1.feat_norm.bias - torch.Size([1024]): 
The value is the same before and after calling `init_weights` of EncoderDecoder  

backbone.adapter.interactions.3.extra_extractors.1.attn.attn.sampling_offsets.weight - torch.Size([128, 1024]): 
The value is the same before and after calling `init_weights` of EncoderDecoder  

backbone.adapter.interactions.3.extra_extractors.1.attn.attn.sampling_offsets.bias - torch.Size([128]): 
The value is the same before and after calling `init_weights` of EncoderDecoder  

backbone.adapter.interactions.3.extra_extractors.1.attn.attn.attention_weights.weight - torch.Size([64, 1024]): 
The value is the same before and after calling `init_weights` of EncoderDecoder  

backbone.adapter.interactions.3.extra_extractors.1.attn.attn.attention_weights.bias - torch.Size([64]): 
The value is the same before and after calling `init_weights` of EncoderDecoder  

backbone.adapter.interactions.3.extra_extractors.1.attn.attn.value_proj.weight - torch.Size([1024, 1024]): 
The value is the same before and after calling `init_weights` of EncoderDecoder  

backbone.adapter.interactions.3.extra_extractors.1.attn.attn.value_proj.bias - torch.Size([1024]): 
The value is the same before and after calling `init_weights` of EncoderDecoder  

backbone.adapter.interactions.3.extra_extractors.1.attn.attn.output_proj.weight - torch.Size([1024, 1024]): 
The value is the same before and after calling `init_weights` of EncoderDecoder  

backbone.adapter.interactions.3.extra_extractors.1.attn.attn.output_proj.bias - torch.Size([1024]): 
The value is the same before and after calling `init_weights` of EncoderDecoder  

backbone.adapter.interactions.3.extra_extractors.1.ffn.fc1.weight - torch.Size([256, 1024]): 
The value is the same before and after calling `init_weights` of EncoderDecoder  

backbone.adapter.interactions.3.extra_extractors.1.ffn.fc1.bias - torch.Size([256]): 
The value is the same before and after calling `init_weights` of EncoderDecoder  

backbone.adapter.interactions.3.extra_extractors.1.ffn.dwconv.dwconv.weight - torch.Size([256, 1, 3, 3]): 
The value is the same before and after calling `init_weights` of EncoderDecoder  

backbone.adapter.interactions.3.extra_extractors.1.ffn.dwconv.dwconv.bias - torch.Size([256]): 
The value is the same before and after calling `init_weights` of EncoderDecoder  

backbone.adapter.interactions.3.extra_extractors.1.ffn.fc2.weight - torch.Size([1024, 256]): 
The value is the same before and after calling `init_weights` of EncoderDecoder  

backbone.adapter.interactions.3.extra_extractors.1.ffn.fc2.bias - torch.Size([1024]): 
The value is the same before and after calling `init_weights` of EncoderDecoder  

backbone.adapter.interactions.3.extra_extractors.1.ffn_norm.weight - torch.Size([1024]): 
The value is the same before and after calling `init_weights` of EncoderDecoder  

backbone.adapter.interactions.3.extra_extractors.1.ffn_norm.bias - torch.Size([1024]): 
The value is the same before and after calling `init_weights` of EncoderDecoder  

backbone.adapter.up.weight - torch.Size([1024, 1024, 2, 2]): 
The value is the same before and after calling `init_weights` of EncoderDecoder  

backbone.adapter.up.bias - torch.Size([1024]): 
The value is the same before and after calling `init_weights` of EncoderDecoder  

backbone.adapter.norm1.weight - torch.Size([1024]): 
The value is the same before and after calling `init_weights` of EncoderDecoder  

backbone.adapter.norm1.bias - torch.Size([1024]): 
The value is the same before and after calling `init_weights` of EncoderDecoder  

backbone.adapter.norm2.weight - torch.Size([1024]): 
The value is the same before and after calling `init_weights` of EncoderDecoder  

backbone.adapter.norm2.bias - torch.Size([1024]): 
The value is the same before and after calling `init_weights` of EncoderDecoder  

backbone.adapter.norm3.weight - torch.Size([1024]): 
The value is the same before and after calling `init_weights` of EncoderDecoder  

backbone.adapter.norm3.bias - torch.Size([1024]): 
The value is the same before and after calling `init_weights` of EncoderDecoder  

backbone.adapter.norm4.weight - torch.Size([1024]): 
The value is the same before and after calling `init_weights` of EncoderDecoder  

backbone.adapter.norm4.bias - torch.Size([1024]): 
The value is the same before and after calling `init_weights` of EncoderDecoder  

decode_head.pixel_decoder.input_convs.0.conv.weight - torch.Size([256, 1024, 1, 1]): 
Initialized by user-defined `init_weights` in Mask2FormerHead  

decode_head.pixel_decoder.input_convs.0.conv.bias - torch.Size([256]): 
The value is the same before and after calling `init_weights` of EncoderDecoder  

decode_head.pixel_decoder.input_convs.0.gn.weight - torch.Size([256]): 
The value is the same before and after calling `init_weights` of EncoderDecoder  

decode_head.pixel_decoder.input_convs.0.gn.bias - torch.Size([256]): 
The value is the same before and after calling `init_weights` of EncoderDecoder  

decode_head.pixel_decoder.input_convs.1.conv.weight - torch.Size([256, 1024, 1, 1]): 
Initialized by user-defined `init_weights` in Mask2FormerHead  

decode_head.pixel_decoder.input_convs.1.conv.bias - torch.Size([256]): 
The value is the same before and after calling `init_weights` of EncoderDecoder  

decode_head.pixel_decoder.input_convs.1.gn.weight - torch.Size([256]): 
The value is the same before and after calling `init_weights` of EncoderDecoder  

decode_head.pixel_decoder.input_convs.1.gn.bias - torch.Size([256]): 
The value is the same before and after calling `init_weights` of EncoderDecoder  

decode_head.pixel_decoder.input_convs.2.conv.weight - torch.Size([256, 1024, 1, 1]): 
Initialized by user-defined `init_weights` in Mask2FormerHead  

decode_head.pixel_decoder.input_convs.2.conv.bias - torch.Size([256]): 
The value is the same before and after calling `init_weights` of EncoderDecoder  

decode_head.pixel_decoder.input_convs.2.gn.weight - torch.Size([256]): 
The value is the same before and after calling `init_weights` of EncoderDecoder  

decode_head.pixel_decoder.input_convs.2.gn.bias - torch.Size([256]): 
The value is the same before and after calling `init_weights` of EncoderDecoder  

decode_head.pixel_decoder.encoder.layers.0.self_attn.sampling_offsets.weight - torch.Size([192, 256]): 
The value is the same before and after calling `init_weights` of EncoderDecoder  

decode_head.pixel_decoder.encoder.layers.0.self_attn.sampling_offsets.bias - torch.Size([192]): 
Initialized by user-defined `init_weights` in Mask2FormerHead  

decode_head.pixel_decoder.encoder.layers.0.self_attn.attention_weights.weight - torch.Size([96, 256]): 
The value is the same before and after calling `init_weights` of EncoderDecoder  

decode_head.pixel_decoder.encoder.layers.0.self_attn.attention_weights.bias - torch.Size([96]): 
The value is the same before and after calling `init_weights` of EncoderDecoder  

decode_head.pixel_decoder.encoder.layers.0.self_attn.value_proj.weight - torch.Size([256, 256]): 
Initialized by user-defined `init_weights` in Mask2FormerHead  

decode_head.pixel_decoder.encoder.layers.0.self_attn.value_proj.bias - torch.Size([256]): 
The value is the same before and after calling `init_weights` of EncoderDecoder  

decode_head.pixel_decoder.encoder.layers.0.self_attn.output_proj.weight - torch.Size([256, 256]): 
Initialized by user-defined `init_weights` in Mask2FormerHead  

decode_head.pixel_decoder.encoder.layers.0.self_attn.output_proj.bias - torch.Size([256]): 
The value is the same before and after calling `init_weights` of EncoderDecoder  

decode_head.pixel_decoder.encoder.layers.0.ffn.layers.0.0.weight - torch.Size([1024, 256]): 
Initialized by user-defined `init_weights` in Mask2FormerHead  

decode_head.pixel_decoder.encoder.layers.0.ffn.layers.0.0.bias - torch.Size([1024]): 
The value is the same before and after calling `init_weights` of EncoderDecoder  

decode_head.pixel_decoder.encoder.layers.0.ffn.layers.1.weight - torch.Size([256, 1024]): 
Initialized by user-defined `init_weights` in Mask2FormerHead  

decode_head.pixel_decoder.encoder.layers.0.ffn.layers.1.bias - torch.Size([256]): 
The value is the same before and after calling `init_weights` of EncoderDecoder  

decode_head.pixel_decoder.encoder.layers.0.norms.0.weight - torch.Size([256]): 
The value is the same before and after calling `init_weights` of EncoderDecoder  

decode_head.pixel_decoder.encoder.layers.0.norms.0.bias - torch.Size([256]): 
The value is the same before and after calling `init_weights` of EncoderDecoder  

decode_head.pixel_decoder.encoder.layers.0.norms.1.weight - torch.Size([256]): 
The value is the same before and after calling `init_weights` of EncoderDecoder  

decode_head.pixel_decoder.encoder.layers.0.norms.1.bias - torch.Size([256]): 
The value is the same before and after calling `init_weights` of EncoderDecoder  

decode_head.pixel_decoder.encoder.layers.1.self_attn.sampling_offsets.weight - torch.Size([192, 256]): 
The value is the same before and after calling `init_weights` of EncoderDecoder  

decode_head.pixel_decoder.encoder.layers.1.self_attn.sampling_offsets.bias - torch.Size([192]): 
Initialized by user-defined `init_weights` in Mask2FormerHead  

decode_head.pixel_decoder.encoder.layers.1.self_attn.attention_weights.weight - torch.Size([96, 256]): 
The value is the same before and after calling `init_weights` of EncoderDecoder  

decode_head.pixel_decoder.encoder.layers.1.self_attn.attention_weights.bias - torch.Size([96]): 
The value is the same before and after calling `init_weights` of EncoderDecoder  

decode_head.pixel_decoder.encoder.layers.1.self_attn.value_proj.weight - torch.Size([256, 256]): 
Initialized by user-defined `init_weights` in Mask2FormerHead  

decode_head.pixel_decoder.encoder.layers.1.self_attn.value_proj.bias - torch.Size([256]): 
The value is the same before and after calling `init_weights` of EncoderDecoder  

decode_head.pixel_decoder.encoder.layers.1.self_attn.output_proj.weight - torch.Size([256, 256]): 
Initialized by user-defined `init_weights` in Mask2FormerHead  

decode_head.pixel_decoder.encoder.layers.1.self_attn.output_proj.bias - torch.Size([256]): 
The value is the same before and after calling `init_weights` of EncoderDecoder  

decode_head.pixel_decoder.encoder.layers.1.ffn.layers.0.0.weight - torch.Size([1024, 256]): 
Initialized by user-defined `init_weights` in Mask2FormerHead  

decode_head.pixel_decoder.encoder.layers.1.ffn.layers.0.0.bias - torch.Size([1024]): 
The value is the same before and after calling `init_weights` of EncoderDecoder  

decode_head.pixel_decoder.encoder.layers.1.ffn.layers.1.weight - torch.Size([256, 1024]): 
Initialized by user-defined `init_weights` in Mask2FormerHead  

decode_head.pixel_decoder.encoder.layers.1.ffn.layers.1.bias - torch.Size([256]): 
The value is the same before and after calling `init_weights` of EncoderDecoder  

decode_head.pixel_decoder.encoder.layers.1.norms.0.weight - torch.Size([256]): 
The value is the same before and after calling `init_weights` of EncoderDecoder  

decode_head.pixel_decoder.encoder.layers.1.norms.0.bias - torch.Size([256]): 
The value is the same before and after calling `init_weights` of EncoderDecoder  

decode_head.pixel_decoder.encoder.layers.1.norms.1.weight - torch.Size([256]): 
The value is the same before and after calling `init_weights` of EncoderDecoder  

decode_head.pixel_decoder.encoder.layers.1.norms.1.bias - torch.Size([256]): 
The value is the same before and after calling `init_weights` of EncoderDecoder  

decode_head.pixel_decoder.encoder.layers.2.self_attn.sampling_offsets.weight - torch.Size([192, 256]): 
The value is the same before and after calling `init_weights` of EncoderDecoder  

decode_head.pixel_decoder.encoder.layers.2.self_attn.sampling_offsets.bias - torch.Size([192]): 
Initialized by user-defined `init_weights` in Mask2FormerHead  

decode_head.pixel_decoder.encoder.layers.2.self_attn.attention_weights.weight - torch.Size([96, 256]): 
The value is the same before and after calling `init_weights` of EncoderDecoder  

decode_head.pixel_decoder.encoder.layers.2.self_attn.attention_weights.bias - torch.Size([96]): 
The value is the same before and after calling `init_weights` of EncoderDecoder  

decode_head.pixel_decoder.encoder.layers.2.self_attn.value_proj.weight - torch.Size([256, 256]): 
Initialized by user-defined `init_weights` in Mask2FormerHead  

decode_head.pixel_decoder.encoder.layers.2.self_attn.value_proj.bias - torch.Size([256]): 
The value is the same before and after calling `init_weights` of EncoderDecoder  

decode_head.pixel_decoder.encoder.layers.2.self_attn.output_proj.weight - torch.Size([256, 256]): 
Initialized by user-defined `init_weights` in Mask2FormerHead  

decode_head.pixel_decoder.encoder.layers.2.self_attn.output_proj.bias - torch.Size([256]): 
The value is the same before and after calling `init_weights` of EncoderDecoder  

decode_head.pixel_decoder.encoder.layers.2.ffn.layers.0.0.weight - torch.Size([1024, 256]): 
Initialized by user-defined `init_weights` in Mask2FormerHead  

decode_head.pixel_decoder.encoder.layers.2.ffn.layers.0.0.bias - torch.Size([1024]): 
The value is the same before and after calling `init_weights` of EncoderDecoder  

decode_head.pixel_decoder.encoder.layers.2.ffn.layers.1.weight - torch.Size([256, 1024]): 
Initialized by user-defined `init_weights` in Mask2FormerHead  

decode_head.pixel_decoder.encoder.layers.2.ffn.layers.1.bias - torch.Size([256]): 
The value is the same before and after calling `init_weights` of EncoderDecoder  

decode_head.pixel_decoder.encoder.layers.2.norms.0.weight - torch.Size([256]): 
The value is the same before and after calling `init_weights` of EncoderDecoder  

decode_head.pixel_decoder.encoder.layers.2.norms.0.bias - torch.Size([256]): 
The value is the same before and after calling `init_weights` of EncoderDecoder  

decode_head.pixel_decoder.encoder.layers.2.norms.1.weight - torch.Size([256]): 
The value is the same before and after calling `init_weights` of EncoderDecoder  

decode_head.pixel_decoder.encoder.layers.2.norms.1.bias - torch.Size([256]): 
The value is the same before and after calling `init_weights` of EncoderDecoder  

decode_head.pixel_decoder.encoder.layers.3.self_attn.sampling_offsets.weight - torch.Size([192, 256]): 
The value is the same before and after calling `init_weights` of EncoderDecoder  

decode_head.pixel_decoder.encoder.layers.3.self_attn.sampling_offsets.bias - torch.Size([192]): 
Initialized by user-defined `init_weights` in Mask2FormerHead  

decode_head.pixel_decoder.encoder.layers.3.self_attn.attention_weights.weight - torch.Size([96, 256]): 
The value is the same before and after calling `init_weights` of EncoderDecoder  

decode_head.pixel_decoder.encoder.layers.3.self_attn.attention_weights.bias - torch.Size([96]): 
The value is the same before and after calling `init_weights` of EncoderDecoder  

decode_head.pixel_decoder.encoder.layers.3.self_attn.value_proj.weight - torch.Size([256, 256]): 
Initialized by user-defined `init_weights` in Mask2FormerHead  

decode_head.pixel_decoder.encoder.layers.3.self_attn.value_proj.bias - torch.Size([256]): 
The value is the same before and after calling `init_weights` of EncoderDecoder  

decode_head.pixel_decoder.encoder.layers.3.self_attn.output_proj.weight - torch.Size([256, 256]): 
Initialized by user-defined `init_weights` in Mask2FormerHead  

decode_head.pixel_decoder.encoder.layers.3.self_attn.output_proj.bias - torch.Size([256]): 
The value is the same before and after calling `init_weights` of EncoderDecoder  

decode_head.pixel_decoder.encoder.layers.3.ffn.layers.0.0.weight - torch.Size([1024, 256]): 
Initialized by user-defined `init_weights` in Mask2FormerHead  

decode_head.pixel_decoder.encoder.layers.3.ffn.layers.0.0.bias - torch.Size([1024]): 
The value is the same before and after calling `init_weights` of EncoderDecoder  

decode_head.pixel_decoder.encoder.layers.3.ffn.layers.1.weight - torch.Size([256, 1024]): 
Initialized by user-defined `init_weights` in Mask2FormerHead  

decode_head.pixel_decoder.encoder.layers.3.ffn.layers.1.bias - torch.Size([256]): 
The value is the same before and after calling `init_weights` of EncoderDecoder  

decode_head.pixel_decoder.encoder.layers.3.norms.0.weight - torch.Size([256]): 
The value is the same before and after calling `init_weights` of EncoderDecoder  

decode_head.pixel_decoder.encoder.layers.3.norms.0.bias - torch.Size([256]): 
The value is the same before and after calling `init_weights` of EncoderDecoder  

decode_head.pixel_decoder.encoder.layers.3.norms.1.weight - torch.Size([256]): 
The value is the same before and after calling `init_weights` of EncoderDecoder  

decode_head.pixel_decoder.encoder.layers.3.norms.1.bias - torch.Size([256]): 
The value is the same before and after calling `init_weights` of EncoderDecoder  

decode_head.pixel_decoder.encoder.layers.4.self_attn.sampling_offsets.weight - torch.Size([192, 256]): 
The value is the same before and after calling `init_weights` of EncoderDecoder  

decode_head.pixel_decoder.encoder.layers.4.self_attn.sampling_offsets.bias - torch.Size([192]): 
Initialized by user-defined `init_weights` in Mask2FormerHead  

decode_head.pixel_decoder.encoder.layers.4.self_attn.attention_weights.weight - torch.Size([96, 256]): 
The value is the same before and after calling `init_weights` of EncoderDecoder  

decode_head.pixel_decoder.encoder.layers.4.self_attn.attention_weights.bias - torch.Size([96]): 
The value is the same before and after calling `init_weights` of EncoderDecoder  

decode_head.pixel_decoder.encoder.layers.4.self_attn.value_proj.weight - torch.Size([256, 256]): 
Initialized by user-defined `init_weights` in Mask2FormerHead  

decode_head.pixel_decoder.encoder.layers.4.self_attn.value_proj.bias - torch.Size([256]): 
The value is the same before and after calling `init_weights` of EncoderDecoder  

decode_head.pixel_decoder.encoder.layers.4.self_attn.output_proj.weight - torch.Size([256, 256]): 
Initialized by user-defined `init_weights` in Mask2FormerHead  

decode_head.pixel_decoder.encoder.layers.4.self_attn.output_proj.bias - torch.Size([256]): 
The value is the same before and after calling `init_weights` of EncoderDecoder  

decode_head.pixel_decoder.encoder.layers.4.ffn.layers.0.0.weight - torch.Size([1024, 256]): 
Initialized by user-defined `init_weights` in Mask2FormerHead  

decode_head.pixel_decoder.encoder.layers.4.ffn.layers.0.0.bias - torch.Size([1024]): 
The value is the same before and after calling `init_weights` of EncoderDecoder  

decode_head.pixel_decoder.encoder.layers.4.ffn.layers.1.weight - torch.Size([256, 1024]): 
Initialized by user-defined `init_weights` in Mask2FormerHead  

decode_head.pixel_decoder.encoder.layers.4.ffn.layers.1.bias - torch.Size([256]): 
The value is the same before and after calling `init_weights` of EncoderDecoder  

decode_head.pixel_decoder.encoder.layers.4.norms.0.weight - torch.Size([256]): 
The value is the same before and after calling `init_weights` of EncoderDecoder  

decode_head.pixel_decoder.encoder.layers.4.norms.0.bias - torch.Size([256]): 
The value is the same before and after calling `init_weights` of EncoderDecoder  

decode_head.pixel_decoder.encoder.layers.4.norms.1.weight - torch.Size([256]): 
The value is the same before and after calling `init_weights` of EncoderDecoder  

decode_head.pixel_decoder.encoder.layers.4.norms.1.bias - torch.Size([256]): 
The value is the same before and after calling `init_weights` of EncoderDecoder  

decode_head.pixel_decoder.encoder.layers.5.self_attn.sampling_offsets.weight - torch.Size([192, 256]): 
The value is the same before and after calling `init_weights` of EncoderDecoder  

decode_head.pixel_decoder.encoder.layers.5.self_attn.sampling_offsets.bias - torch.Size([192]): 
Initialized by user-defined `init_weights` in Mask2FormerHead  

decode_head.pixel_decoder.encoder.layers.5.self_attn.attention_weights.weight - torch.Size([96, 256]): 
The value is the same before and after calling `init_weights` of EncoderDecoder  

decode_head.pixel_decoder.encoder.layers.5.self_attn.attention_weights.bias - torch.Size([96]): 
The value is the same before and after calling `init_weights` of EncoderDecoder  

decode_head.pixel_decoder.encoder.layers.5.self_attn.value_proj.weight - torch.Size([256, 256]): 
Initialized by user-defined `init_weights` in Mask2FormerHead  

decode_head.pixel_decoder.encoder.layers.5.self_attn.value_proj.bias - torch.Size([256]): 
The value is the same before and after calling `init_weights` of EncoderDecoder  

decode_head.pixel_decoder.encoder.layers.5.self_attn.output_proj.weight - torch.Size([256, 256]): 
Initialized by user-defined `init_weights` in Mask2FormerHead  

decode_head.pixel_decoder.encoder.layers.5.self_attn.output_proj.bias - torch.Size([256]): 
The value is the same before and after calling `init_weights` of EncoderDecoder  

decode_head.pixel_decoder.encoder.layers.5.ffn.layers.0.0.weight - torch.Size([1024, 256]): 
Initialized by user-defined `init_weights` in Mask2FormerHead  

decode_head.pixel_decoder.encoder.layers.5.ffn.layers.0.0.bias - torch.Size([1024]): 
The value is the same before and after calling `init_weights` of EncoderDecoder  

decode_head.pixel_decoder.encoder.layers.5.ffn.layers.1.weight - torch.Size([256, 1024]): 
Initialized by user-defined `init_weights` in Mask2FormerHead  

decode_head.pixel_decoder.encoder.layers.5.ffn.layers.1.bias - torch.Size([256]): 
The value is the same before and after calling `init_weights` of EncoderDecoder  

decode_head.pixel_decoder.encoder.layers.5.norms.0.weight - torch.Size([256]): 
The value is the same before and after calling `init_weights` of EncoderDecoder  

decode_head.pixel_decoder.encoder.layers.5.norms.0.bias - torch.Size([256]): 
The value is the same before and after calling `init_weights` of EncoderDecoder  

decode_head.pixel_decoder.encoder.layers.5.norms.1.weight - torch.Size([256]): 
The value is the same before and after calling `init_weights` of EncoderDecoder  

decode_head.pixel_decoder.encoder.layers.5.norms.1.bias - torch.Size([256]): 
The value is the same before and after calling `init_weights` of EncoderDecoder  

decode_head.pixel_decoder.level_encoding.weight - torch.Size([3, 256]): 
Initialized by user-defined `init_weights` in Mask2FormerHead  

decode_head.pixel_decoder.lateral_convs.0.conv.weight - torch.Size([256, 1024, 1, 1]): 
Initialized by user-defined `init_weights` in Mask2FormerHead  

decode_head.pixel_decoder.lateral_convs.0.gn.weight - torch.Size([256]): 
The value is the same before and after calling `init_weights` of EncoderDecoder  

decode_head.pixel_decoder.lateral_convs.0.gn.bias - torch.Size([256]): 
The value is the same before and after calling `init_weights` of EncoderDecoder  

decode_head.pixel_decoder.output_convs.0.conv.weight - torch.Size([256, 256, 3, 3]): 
Initialized by user-defined `init_weights` in Mask2FormerHead  

decode_head.pixel_decoder.output_convs.0.gn.weight - torch.Size([256]): 
The value is the same before and after calling `init_weights` of EncoderDecoder  

decode_head.pixel_decoder.output_convs.0.gn.bias - torch.Size([256]): 
The value is the same before and after calling `init_weights` of EncoderDecoder  

decode_head.pixel_decoder.mask_feature.weight - torch.Size([256, 256, 1, 1]): 
Initialized by user-defined `init_weights` in Mask2FormerHead  

decode_head.pixel_decoder.mask_feature.bias - torch.Size([256]): 
Initialized by user-defined `init_weights` in Mask2FormerHead  

decode_head.transformer_decoder.layers.0.self_attn.attn.in_proj_weight - torch.Size([768, 256]): 
Initialized by user-defined `init_weights` in Mask2FormerHead  

decode_head.transformer_decoder.layers.0.self_attn.attn.in_proj_bias - torch.Size([768]): 
The value is the same before and after calling `init_weights` of EncoderDecoder  

decode_head.transformer_decoder.layers.0.self_attn.attn.out_proj.weight - torch.Size([256, 256]): 
Initialized by user-defined `init_weights` in Mask2FormerHead  

decode_head.transformer_decoder.layers.0.self_attn.attn.out_proj.bias - torch.Size([256]): 
The value is the same before and after calling `init_weights` of EncoderDecoder  

decode_head.transformer_decoder.layers.0.cross_attn.attn.in_proj_weight - torch.Size([768, 256]): 
Initialized by user-defined `init_weights` in Mask2FormerHead  

decode_head.transformer_decoder.layers.0.cross_attn.attn.in_proj_bias - torch.Size([768]): 
The value is the same before and after calling `init_weights` of EncoderDecoder  

decode_head.transformer_decoder.layers.0.cross_attn.attn.out_proj.weight - torch.Size([256, 256]): 
Initialized by user-defined `init_weights` in Mask2FormerHead  

decode_head.transformer_decoder.layers.0.cross_attn.attn.out_proj.bias - torch.Size([256]): 
The value is the same before and after calling `init_weights` of EncoderDecoder  

decode_head.transformer_decoder.layers.0.ffn.layers.0.0.weight - torch.Size([2048, 256]): 
Initialized by user-defined `init_weights` in Mask2FormerHead  

decode_head.transformer_decoder.layers.0.ffn.layers.0.0.bias - torch.Size([2048]): 
The value is the same before and after calling `init_weights` of EncoderDecoder  

decode_head.transformer_decoder.layers.0.ffn.layers.1.weight - torch.Size([256, 2048]): 
Initialized by user-defined `init_weights` in Mask2FormerHead  

decode_head.transformer_decoder.layers.0.ffn.layers.1.bias - torch.Size([256]): 
The value is the same before and after calling `init_weights` of EncoderDecoder  

decode_head.transformer_decoder.layers.0.norms.0.weight - torch.Size([256]): 
The value is the same before and after calling `init_weights` of EncoderDecoder  

decode_head.transformer_decoder.layers.0.norms.0.bias - torch.Size([256]): 
The value is the same before and after calling `init_weights` of EncoderDecoder  

decode_head.transformer_decoder.layers.0.norms.1.weight - torch.Size([256]): 
The value is the same before and after calling `init_weights` of EncoderDecoder  

decode_head.transformer_decoder.layers.0.norms.1.bias - torch.Size([256]): 
The value is the same before and after calling `init_weights` of EncoderDecoder  

decode_head.transformer_decoder.layers.0.norms.2.weight - torch.Size([256]): 
The value is the same before and after calling `init_weights` of EncoderDecoder  

decode_head.transformer_decoder.layers.0.norms.2.bias - torch.Size([256]): 
The value is the same before and after calling `init_weights` of EncoderDecoder  

decode_head.transformer_decoder.layers.1.self_attn.attn.in_proj_weight - torch.Size([768, 256]): 
Initialized by user-defined `init_weights` in Mask2FormerHead  

decode_head.transformer_decoder.layers.1.self_attn.attn.in_proj_bias - torch.Size([768]): 
The value is the same before and after calling `init_weights` of EncoderDecoder  

decode_head.transformer_decoder.layers.1.self_attn.attn.out_proj.weight - torch.Size([256, 256]): 
Initialized by user-defined `init_weights` in Mask2FormerHead  

decode_head.transformer_decoder.layers.1.self_attn.attn.out_proj.bias - torch.Size([256]): 
The value is the same before and after calling `init_weights` of EncoderDecoder  

decode_head.transformer_decoder.layers.1.cross_attn.attn.in_proj_weight - torch.Size([768, 256]): 
Initialized by user-defined `init_weights` in Mask2FormerHead  

decode_head.transformer_decoder.layers.1.cross_attn.attn.in_proj_bias - torch.Size([768]): 
The value is the same before and after calling `init_weights` of EncoderDecoder  

decode_head.transformer_decoder.layers.1.cross_attn.attn.out_proj.weight - torch.Size([256, 256]): 
Initialized by user-defined `init_weights` in Mask2FormerHead  

decode_head.transformer_decoder.layers.1.cross_attn.attn.out_proj.bias - torch.Size([256]): 
The value is the same before and after calling `init_weights` of EncoderDecoder  

decode_head.transformer_decoder.layers.1.ffn.layers.0.0.weight - torch.Size([2048, 256]): 
Initialized by user-defined `init_weights` in Mask2FormerHead  

decode_head.transformer_decoder.layers.1.ffn.layers.0.0.bias - torch.Size([2048]): 
The value is the same before and after calling `init_weights` of EncoderDecoder  

decode_head.transformer_decoder.layers.1.ffn.layers.1.weight - torch.Size([256, 2048]): 
Initialized by user-defined `init_weights` in Mask2FormerHead  

decode_head.transformer_decoder.layers.1.ffn.layers.1.bias - torch.Size([256]): 
The value is the same before and after calling `init_weights` of EncoderDecoder  

decode_head.transformer_decoder.layers.1.norms.0.weight - torch.Size([256]): 
The value is the same before and after calling `init_weights` of EncoderDecoder  

decode_head.transformer_decoder.layers.1.norms.0.bias - torch.Size([256]): 
The value is the same before and after calling `init_weights` of EncoderDecoder  

decode_head.transformer_decoder.layers.1.norms.1.weight - torch.Size([256]): 
The value is the same before and after calling `init_weights` of EncoderDecoder  

decode_head.transformer_decoder.layers.1.norms.1.bias - torch.Size([256]): 
The value is the same before and after calling `init_weights` of EncoderDecoder  

decode_head.transformer_decoder.layers.1.norms.2.weight - torch.Size([256]): 
The value is the same before and after calling `init_weights` of EncoderDecoder  

decode_head.transformer_decoder.layers.1.norms.2.bias - torch.Size([256]): 
The value is the same before and after calling `init_weights` of EncoderDecoder  

decode_head.transformer_decoder.layers.2.self_attn.attn.in_proj_weight - torch.Size([768, 256]): 
Initialized by user-defined `init_weights` in Mask2FormerHead  

decode_head.transformer_decoder.layers.2.self_attn.attn.in_proj_bias - torch.Size([768]): 
The value is the same before and after calling `init_weights` of EncoderDecoder  

decode_head.transformer_decoder.layers.2.self_attn.attn.out_proj.weight - torch.Size([256, 256]): 
Initialized by user-defined `init_weights` in Mask2FormerHead  

decode_head.transformer_decoder.layers.2.self_attn.attn.out_proj.bias - torch.Size([256]): 
The value is the same before and after calling `init_weights` of EncoderDecoder  

decode_head.transformer_decoder.layers.2.cross_attn.attn.in_proj_weight - torch.Size([768, 256]): 
Initialized by user-defined `init_weights` in Mask2FormerHead  

decode_head.transformer_decoder.layers.2.cross_attn.attn.in_proj_bias - torch.Size([768]): 
The value is the same before and after calling `init_weights` of EncoderDecoder  

decode_head.transformer_decoder.layers.2.cross_attn.attn.out_proj.weight - torch.Size([256, 256]): 
Initialized by user-defined `init_weights` in Mask2FormerHead  

decode_head.transformer_decoder.layers.2.cross_attn.attn.out_proj.bias - torch.Size([256]): 
The value is the same before and after calling `init_weights` of EncoderDecoder  

decode_head.transformer_decoder.layers.2.ffn.layers.0.0.weight - torch.Size([2048, 256]): 
Initialized by user-defined `init_weights` in Mask2FormerHead  

decode_head.transformer_decoder.layers.2.ffn.layers.0.0.bias - torch.Size([2048]): 
The value is the same before and after calling `init_weights` of EncoderDecoder  

decode_head.transformer_decoder.layers.2.ffn.layers.1.weight - torch.Size([256, 2048]): 
Initialized by user-defined `init_weights` in Mask2FormerHead  

decode_head.transformer_decoder.layers.2.ffn.layers.1.bias - torch.Size([256]): 
The value is the same before and after calling `init_weights` of EncoderDecoder  

decode_head.transformer_decoder.layers.2.norms.0.weight - torch.Size([256]): 
The value is the same before and after calling `init_weights` of EncoderDecoder  

decode_head.transformer_decoder.layers.2.norms.0.bias - torch.Size([256]): 
The value is the same before and after calling `init_weights` of EncoderDecoder  

decode_head.transformer_decoder.layers.2.norms.1.weight - torch.Size([256]): 
The value is the same before and after calling `init_weights` of EncoderDecoder  

decode_head.transformer_decoder.layers.2.norms.1.bias - torch.Size([256]): 
The value is the same before and after calling `init_weights` of EncoderDecoder  

decode_head.transformer_decoder.layers.2.norms.2.weight - torch.Size([256]): 
The value is the same before and after calling `init_weights` of EncoderDecoder  

decode_head.transformer_decoder.layers.2.norms.2.bias - torch.Size([256]): 
The value is the same before and after calling `init_weights` of EncoderDecoder  

decode_head.transformer_decoder.layers.3.self_attn.attn.in_proj_weight - torch.Size([768, 256]): 
Initialized by user-defined `init_weights` in Mask2FormerHead  

decode_head.transformer_decoder.layers.3.self_attn.attn.in_proj_bias - torch.Size([768]): 
The value is the same before and after calling `init_weights` of EncoderDecoder  

decode_head.transformer_decoder.layers.3.self_attn.attn.out_proj.weight - torch.Size([256, 256]): 
Initialized by user-defined `init_weights` in Mask2FormerHead  

decode_head.transformer_decoder.layers.3.self_attn.attn.out_proj.bias - torch.Size([256]): 
The value is the same before and after calling `init_weights` of EncoderDecoder  

decode_head.transformer_decoder.layers.3.cross_attn.attn.in_proj_weight - torch.Size([768, 256]): 
Initialized by user-defined `init_weights` in Mask2FormerHead  

decode_head.transformer_decoder.layers.3.cross_attn.attn.in_proj_bias - torch.Size([768]): 
The value is the same before and after calling `init_weights` of EncoderDecoder  

decode_head.transformer_decoder.layers.3.cross_attn.attn.out_proj.weight - torch.Size([256, 256]): 
Initialized by user-defined `init_weights` in Mask2FormerHead  

decode_head.transformer_decoder.layers.3.cross_attn.attn.out_proj.bias - torch.Size([256]): 
The value is the same before and after calling `init_weights` of EncoderDecoder  

decode_head.transformer_decoder.layers.3.ffn.layers.0.0.weight - torch.Size([2048, 256]): 
Initialized by user-defined `init_weights` in Mask2FormerHead  

decode_head.transformer_decoder.layers.3.ffn.layers.0.0.bias - torch.Size([2048]): 
The value is the same before and after calling `init_weights` of EncoderDecoder  

decode_head.transformer_decoder.layers.3.ffn.layers.1.weight - torch.Size([256, 2048]): 
Initialized by user-defined `init_weights` in Mask2FormerHead  

decode_head.transformer_decoder.layers.3.ffn.layers.1.bias - torch.Size([256]): 
The value is the same before and after calling `init_weights` of EncoderDecoder  

decode_head.transformer_decoder.layers.3.norms.0.weight - torch.Size([256]): 
The value is the same before and after calling `init_weights` of EncoderDecoder  

decode_head.transformer_decoder.layers.3.norms.0.bias - torch.Size([256]): 
The value is the same before and after calling `init_weights` of EncoderDecoder  

decode_head.transformer_decoder.layers.3.norms.1.weight - torch.Size([256]): 
The value is the same before and after calling `init_weights` of EncoderDecoder  

decode_head.transformer_decoder.layers.3.norms.1.bias - torch.Size([256]): 
The value is the same before and after calling `init_weights` of EncoderDecoder  

decode_head.transformer_decoder.layers.3.norms.2.weight - torch.Size([256]): 
The value is the same before and after calling `init_weights` of EncoderDecoder  

decode_head.transformer_decoder.layers.3.norms.2.bias - torch.Size([256]): 
The value is the same before and after calling `init_weights` of EncoderDecoder  

decode_head.transformer_decoder.layers.4.self_attn.attn.in_proj_weight - torch.Size([768, 256]): 
Initialized by user-defined `init_weights` in Mask2FormerHead  

decode_head.transformer_decoder.layers.4.self_attn.attn.in_proj_bias - torch.Size([768]): 
The value is the same before and after calling `init_weights` of EncoderDecoder  

decode_head.transformer_decoder.layers.4.self_attn.attn.out_proj.weight - torch.Size([256, 256]): 
Initialized by user-defined `init_weights` in Mask2FormerHead  

decode_head.transformer_decoder.layers.4.self_attn.attn.out_proj.bias - torch.Size([256]): 
The value is the same before and after calling `init_weights` of EncoderDecoder  

decode_head.transformer_decoder.layers.4.cross_attn.attn.in_proj_weight - torch.Size([768, 256]): 
Initialized by user-defined `init_weights` in Mask2FormerHead  

decode_head.transformer_decoder.layers.4.cross_attn.attn.in_proj_bias - torch.Size([768]): 
The value is the same before and after calling `init_weights` of EncoderDecoder  

decode_head.transformer_decoder.layers.4.cross_attn.attn.out_proj.weight - torch.Size([256, 256]): 
Initialized by user-defined `init_weights` in Mask2FormerHead  

decode_head.transformer_decoder.layers.4.cross_attn.attn.out_proj.bias - torch.Size([256]): 
The value is the same before and after calling `init_weights` of EncoderDecoder  

decode_head.transformer_decoder.layers.4.ffn.layers.0.0.weight - torch.Size([2048, 256]): 
Initialized by user-defined `init_weights` in Mask2FormerHead  

decode_head.transformer_decoder.layers.4.ffn.layers.0.0.bias - torch.Size([2048]): 
The value is the same before and after calling `init_weights` of EncoderDecoder  

decode_head.transformer_decoder.layers.4.ffn.layers.1.weight - torch.Size([256, 2048]): 
Initialized by user-defined `init_weights` in Mask2FormerHead  

decode_head.transformer_decoder.layers.4.ffn.layers.1.bias - torch.Size([256]): 
The value is the same before and after calling `init_weights` of EncoderDecoder  

decode_head.transformer_decoder.layers.4.norms.0.weight - torch.Size([256]): 
The value is the same before and after calling `init_weights` of EncoderDecoder  

decode_head.transformer_decoder.layers.4.norms.0.bias - torch.Size([256]): 
The value is the same before and after calling `init_weights` of EncoderDecoder  

decode_head.transformer_decoder.layers.4.norms.1.weight - torch.Size([256]): 
The value is the same before and after calling `init_weights` of EncoderDecoder  

decode_head.transformer_decoder.layers.4.norms.1.bias - torch.Size([256]): 
The value is the same before and after calling `init_weights` of EncoderDecoder  

decode_head.transformer_decoder.layers.4.norms.2.weight - torch.Size([256]): 
The value is the same before and after calling `init_weights` of EncoderDecoder  

decode_head.transformer_decoder.layers.4.norms.2.bias - torch.Size([256]): 
The value is the same before and after calling `init_weights` of EncoderDecoder  

decode_head.transformer_decoder.layers.5.self_attn.attn.in_proj_weight - torch.Size([768, 256]): 
Initialized by user-defined `init_weights` in Mask2FormerHead  

decode_head.transformer_decoder.layers.5.self_attn.attn.in_proj_bias - torch.Size([768]): 
The value is the same before and after calling `init_weights` of EncoderDecoder  

decode_head.transformer_decoder.layers.5.self_attn.attn.out_proj.weight - torch.Size([256, 256]): 
Initialized by user-defined `init_weights` in Mask2FormerHead  

decode_head.transformer_decoder.layers.5.self_attn.attn.out_proj.bias - torch.Size([256]): 
The value is the same before and after calling `init_weights` of EncoderDecoder  

decode_head.transformer_decoder.layers.5.cross_attn.attn.in_proj_weight - torch.Size([768, 256]): 
Initialized by user-defined `init_weights` in Mask2FormerHead  

decode_head.transformer_decoder.layers.5.cross_attn.attn.in_proj_bias - torch.Size([768]): 
The value is the same before and after calling `init_weights` of EncoderDecoder  

decode_head.transformer_decoder.layers.5.cross_attn.attn.out_proj.weight - torch.Size([256, 256]): 
Initialized by user-defined `init_weights` in Mask2FormerHead  

decode_head.transformer_decoder.layers.5.cross_attn.attn.out_proj.bias - torch.Size([256]): 
The value is the same before and after calling `init_weights` of EncoderDecoder  

decode_head.transformer_decoder.layers.5.ffn.layers.0.0.weight - torch.Size([2048, 256]): 
Initialized by user-defined `init_weights` in Mask2FormerHead  

decode_head.transformer_decoder.layers.5.ffn.layers.0.0.bias - torch.Size([2048]): 
The value is the same before and after calling `init_weights` of EncoderDecoder  

decode_head.transformer_decoder.layers.5.ffn.layers.1.weight - torch.Size([256, 2048]): 
Initialized by user-defined `init_weights` in Mask2FormerHead  

decode_head.transformer_decoder.layers.5.ffn.layers.1.bias - torch.Size([256]): 
The value is the same before and after calling `init_weights` of EncoderDecoder  

decode_head.transformer_decoder.layers.5.norms.0.weight - torch.Size([256]): 
The value is the same before and after calling `init_weights` of EncoderDecoder  

decode_head.transformer_decoder.layers.5.norms.0.bias - torch.Size([256]): 
The value is the same before and after calling `init_weights` of EncoderDecoder  

decode_head.transformer_decoder.layers.5.norms.1.weight - torch.Size([256]): 
The value is the same before and after calling `init_weights` of EncoderDecoder  

decode_head.transformer_decoder.layers.5.norms.1.bias - torch.Size([256]): 
The value is the same before and after calling `init_weights` of EncoderDecoder  

decode_head.transformer_decoder.layers.5.norms.2.weight - torch.Size([256]): 
The value is the same before and after calling `init_weights` of EncoderDecoder  

decode_head.transformer_decoder.layers.5.norms.2.bias - torch.Size([256]): 
The value is the same before and after calling `init_weights` of EncoderDecoder  

decode_head.transformer_decoder.layers.6.self_attn.attn.in_proj_weight - torch.Size([768, 256]): 
Initialized by user-defined `init_weights` in Mask2FormerHead  

decode_head.transformer_decoder.layers.6.self_attn.attn.in_proj_bias - torch.Size([768]): 
The value is the same before and after calling `init_weights` of EncoderDecoder  

decode_head.transformer_decoder.layers.6.self_attn.attn.out_proj.weight - torch.Size([256, 256]): 
Initialized by user-defined `init_weights` in Mask2FormerHead  

decode_head.transformer_decoder.layers.6.self_attn.attn.out_proj.bias - torch.Size([256]): 
The value is the same before and after calling `init_weights` of EncoderDecoder  

decode_head.transformer_decoder.layers.6.cross_attn.attn.in_proj_weight - torch.Size([768, 256]): 
Initialized by user-defined `init_weights` in Mask2FormerHead  

decode_head.transformer_decoder.layers.6.cross_attn.attn.in_proj_bias - torch.Size([768]): 
The value is the same before and after calling `init_weights` of EncoderDecoder  

decode_head.transformer_decoder.layers.6.cross_attn.attn.out_proj.weight - torch.Size([256, 256]): 
Initialized by user-defined `init_weights` in Mask2FormerHead  

decode_head.transformer_decoder.layers.6.cross_attn.attn.out_proj.bias - torch.Size([256]): 
The value is the same before and after calling `init_weights` of EncoderDecoder  

decode_head.transformer_decoder.layers.6.ffn.layers.0.0.weight - torch.Size([2048, 256]): 
Initialized by user-defined `init_weights` in Mask2FormerHead  

decode_head.transformer_decoder.layers.6.ffn.layers.0.0.bias - torch.Size([2048]): 
The value is the same before and after calling `init_weights` of EncoderDecoder  

decode_head.transformer_decoder.layers.6.ffn.layers.1.weight - torch.Size([256, 2048]): 
Initialized by user-defined `init_weights` in Mask2FormerHead  

decode_head.transformer_decoder.layers.6.ffn.layers.1.bias - torch.Size([256]): 
The value is the same before and after calling `init_weights` of EncoderDecoder  

decode_head.transformer_decoder.layers.6.norms.0.weight - torch.Size([256]): 
The value is the same before and after calling `init_weights` of EncoderDecoder  

decode_head.transformer_decoder.layers.6.norms.0.bias - torch.Size([256]): 
The value is the same before and after calling `init_weights` of EncoderDecoder  

decode_head.transformer_decoder.layers.6.norms.1.weight - torch.Size([256]): 
The value is the same before and after calling `init_weights` of EncoderDecoder  

decode_head.transformer_decoder.layers.6.norms.1.bias - torch.Size([256]): 
The value is the same before and after calling `init_weights` of EncoderDecoder  

decode_head.transformer_decoder.layers.6.norms.2.weight - torch.Size([256]): 
The value is the same before and after calling `init_weights` of EncoderDecoder  

decode_head.transformer_decoder.layers.6.norms.2.bias - torch.Size([256]): 
The value is the same before and after calling `init_weights` of EncoderDecoder  

decode_head.transformer_decoder.layers.7.self_attn.attn.in_proj_weight - torch.Size([768, 256]): 
Initialized by user-defined `init_weights` in Mask2FormerHead  

decode_head.transformer_decoder.layers.7.self_attn.attn.in_proj_bias - torch.Size([768]): 
The value is the same before and after calling `init_weights` of EncoderDecoder  

decode_head.transformer_decoder.layers.7.self_attn.attn.out_proj.weight - torch.Size([256, 256]): 
Initialized by user-defined `init_weights` in Mask2FormerHead  

decode_head.transformer_decoder.layers.7.self_attn.attn.out_proj.bias - torch.Size([256]): 
The value is the same before and after calling `init_weights` of EncoderDecoder  

decode_head.transformer_decoder.layers.7.cross_attn.attn.in_proj_weight - torch.Size([768, 256]): 
Initialized by user-defined `init_weights` in Mask2FormerHead  

decode_head.transformer_decoder.layers.7.cross_attn.attn.in_proj_bias - torch.Size([768]): 
The value is the same before and after calling `init_weights` of EncoderDecoder  

decode_head.transformer_decoder.layers.7.cross_attn.attn.out_proj.weight - torch.Size([256, 256]): 
Initialized by user-defined `init_weights` in Mask2FormerHead  

decode_head.transformer_decoder.layers.7.cross_attn.attn.out_proj.bias - torch.Size([256]): 
The value is the same before and after calling `init_weights` of EncoderDecoder  

decode_head.transformer_decoder.layers.7.ffn.layers.0.0.weight - torch.Size([2048, 256]): 
Initialized by user-defined `init_weights` in Mask2FormerHead  

decode_head.transformer_decoder.layers.7.ffn.layers.0.0.bias - torch.Size([2048]): 
The value is the same before and after calling `init_weights` of EncoderDecoder  

decode_head.transformer_decoder.layers.7.ffn.layers.1.weight - torch.Size([256, 2048]): 
Initialized by user-defined `init_weights` in Mask2FormerHead  

decode_head.transformer_decoder.layers.7.ffn.layers.1.bias - torch.Size([256]): 
The value is the same before and after calling `init_weights` of EncoderDecoder  

decode_head.transformer_decoder.layers.7.norms.0.weight - torch.Size([256]): 
The value is the same before and after calling `init_weights` of EncoderDecoder  

decode_head.transformer_decoder.layers.7.norms.0.bias - torch.Size([256]): 
The value is the same before and after calling `init_weights` of EncoderDecoder  

decode_head.transformer_decoder.layers.7.norms.1.weight - torch.Size([256]): 
The value is the same before and after calling `init_weights` of EncoderDecoder  

decode_head.transformer_decoder.layers.7.norms.1.bias - torch.Size([256]): 
The value is the same before and after calling `init_weights` of EncoderDecoder  

decode_head.transformer_decoder.layers.7.norms.2.weight - torch.Size([256]): 
The value is the same before and after calling `init_weights` of EncoderDecoder  

decode_head.transformer_decoder.layers.7.norms.2.bias - torch.Size([256]): 
The value is the same before and after calling `init_weights` of EncoderDecoder  

decode_head.transformer_decoder.layers.8.self_attn.attn.in_proj_weight - torch.Size([768, 256]): 
Initialized by user-defined `init_weights` in Mask2FormerHead  

decode_head.transformer_decoder.layers.8.self_attn.attn.in_proj_bias - torch.Size([768]): 
The value is the same before and after calling `init_weights` of EncoderDecoder  

decode_head.transformer_decoder.layers.8.self_attn.attn.out_proj.weight - torch.Size([256, 256]): 
Initialized by user-defined `init_weights` in Mask2FormerHead  

decode_head.transformer_decoder.layers.8.self_attn.attn.out_proj.bias - torch.Size([256]): 
The value is the same before and after calling `init_weights` of EncoderDecoder  

decode_head.transformer_decoder.layers.8.cross_attn.attn.in_proj_weight - torch.Size([768, 256]): 
Initialized by user-defined `init_weights` in Mask2FormerHead  

decode_head.transformer_decoder.layers.8.cross_attn.attn.in_proj_bias - torch.Size([768]): 
The value is the same before and after calling `init_weights` of EncoderDecoder  

decode_head.transformer_decoder.layers.8.cross_attn.attn.out_proj.weight - torch.Size([256, 256]): 
Initialized by user-defined `init_weights` in Mask2FormerHead  

decode_head.transformer_decoder.layers.8.cross_attn.attn.out_proj.bias - torch.Size([256]): 
The value is the same before and after calling `init_weights` of EncoderDecoder  

decode_head.transformer_decoder.layers.8.ffn.layers.0.0.weight - torch.Size([2048, 256]): 
Initialized by user-defined `init_weights` in Mask2FormerHead  

decode_head.transformer_decoder.layers.8.ffn.layers.0.0.bias - torch.Size([2048]): 
The value is the same before and after calling `init_weights` of EncoderDecoder  

decode_head.transformer_decoder.layers.8.ffn.layers.1.weight - torch.Size([256, 2048]): 
Initialized by user-defined `init_weights` in Mask2FormerHead  

decode_head.transformer_decoder.layers.8.ffn.layers.1.bias - torch.Size([256]): 
The value is the same before and after calling `init_weights` of EncoderDecoder  

decode_head.transformer_decoder.layers.8.norms.0.weight - torch.Size([256]): 
The value is the same before and after calling `init_weights` of EncoderDecoder  

decode_head.transformer_decoder.layers.8.norms.0.bias - torch.Size([256]): 
The value is the same before and after calling `init_weights` of EncoderDecoder  

decode_head.transformer_decoder.layers.8.norms.1.weight - torch.Size([256]): 
The value is the same before and after calling `init_weights` of EncoderDecoder  

decode_head.transformer_decoder.layers.8.norms.1.bias - torch.Size([256]): 
The value is the same before and after calling `init_weights` of EncoderDecoder  

decode_head.transformer_decoder.layers.8.norms.2.weight - torch.Size([256]): 
The value is the same before and after calling `init_weights` of EncoderDecoder  

decode_head.transformer_decoder.layers.8.norms.2.bias - torch.Size([256]): 
The value is the same before and after calling `init_weights` of EncoderDecoder  

decode_head.transformer_decoder.post_norm.weight - torch.Size([256]): 
The value is the same before and after calling `init_weights` of EncoderDecoder  

decode_head.transformer_decoder.post_norm.bias - torch.Size([256]): 
The value is the same before and after calling `init_weights` of EncoderDecoder  

decode_head.query_embed.weight - torch.Size([50, 256]): 
The value is the same before and after calling `init_weights` of EncoderDecoder  

decode_head.query_feat.weight - torch.Size([50, 256]): 
The value is the same before and after calling `init_weights` of EncoderDecoder  

decode_head.level_embed.weight - torch.Size([3, 256]): 
The value is the same before and after calling `init_weights` of EncoderDecoder  

decode_head.cls_embed.weight - torch.Size([9, 256]): 
The value is the same before and after calling `init_weights` of EncoderDecoder  

decode_head.cls_embed.bias - torch.Size([9]): 
The value is the same before and after calling `init_weights` of EncoderDecoder  

decode_head.mask_embed.0.weight - torch.Size([256, 256]): 
The value is the same before and after calling `init_weights` of EncoderDecoder  

decode_head.mask_embed.0.bias - torch.Size([256]): 
The value is the same before and after calling `init_weights` of EncoderDecoder  

decode_head.mask_embed.2.weight - torch.Size([256, 256]): 
The value is the same before and after calling `init_weights` of EncoderDecoder  

decode_head.mask_embed.2.bias - torch.Size([256]): 
The value is the same before and after calling `init_weights` of EncoderDecoder  

decode_head.mask_embed.4.weight - torch.Size([256, 256]): 
The value is the same before and after calling `init_weights` of EncoderDecoder  

decode_head.mask_embed.4.bias - torch.Size([256]): 
The value is the same before and after calling `init_weights` of EncoderDecoder  
2026/08/04 16:24:45 - mmengine - WARNING - "FileClient" will be deprecated in future. Please use io functions in https://mmengine.readthedocs.io/en/latest/api/fileio.html#file-io
2026/08/04 16:24:45 - mmengine - WARNING - "HardDiskBackend" is the alias of "LocalBackend" and the former will be deprecated in future.
2026/08/04 16:24:45 - mmengine - INFO - Checkpoints will be saved to /mnt/htzzb2/EO_test/wj1/qh2_work_dirs/ningbo2m_new_dinov3_m2f_tune18_50e_512x512.
2026/08/04 16:25:49 - mmengine - INFO - Epoch(train)  [1][ 50/102]  base_lr: 3.2375e-05 lr: 3.2375e-06  eta: 1:47:32  time: 1.0133  data_time: 0.0139  memory: 59341  grad_norm: 55.9701  loss: 85.6200  decode.loss_cls: 3.3544  decode.loss_mask: 1.7911  decode.loss_dice: 3.8588  decode.d0.loss_cls: 3.8514  decode.d0.loss_mask: 1.7025  decode.d0.loss_dice: 3.7752  decode.d1.loss_cls: 2.9455  decode.d1.loss_mask: 1.7320  decode.d1.loss_dice: 3.7249  decode.d2.loss_cls: 2.6879  decode.d2.loss_mask: 1.7794  decode.d2.loss_dice: 3.7525  decode.d3.loss_cls: 2.6432  decode.d3.loss_mask: 1.7163  decode.d3.loss_dice: 3.8027  decode.d4.loss_cls: 2.6641  decode.d4.loss_mask: 1.7351  decode.d4.loss_dice: 3.8410  decode.d5.loss_cls: 2.8299  decode.d5.loss_mask: 1.7244  decode.d5.loss_dice: 3.7982  decode.d6.loss_cls: 2.9297  decode.d6.loss_mask: 1.7577  decode.d6.loss_dice: 3.8035  decode.d7.loss_cls: 3.0704  decode.d7.loss_mask: 1.6796  decode.d7.loss_dice: 3.8612  decode.d8.loss_cls: 3.2216  decode.d8.loss_mask: 1.7148  decode.d8.loss_dice: 3.8710
2026/08/04 16:26:40 - mmengine - INFO - Epoch(train)  [1][100/102]  base_lr: 6.4763e-05 lr: 6.4763e-06  eta: 1:35:31  time: 1.0142  data_time: 0.0148  memory: 29442  grad_norm: 71.2769  loss: 62.5249  decode.loss_cls: 0.8867  decode.loss_mask: 1.7430  decode.loss_dice: 3.3619  decode.d0.loss_cls: 3.5394  decode.d0.loss_mask: 1.6919  decode.d0.loss_dice: 3.3870  decode.d1.loss_cls: 1.2607  decode.d1.loss_mask: 1.7207  decode.d1.loss_dice: 3.3565  decode.d2.loss_cls: 0.9680  decode.d2.loss_mask: 1.7164  decode.d2.loss_dice: 3.3251  decode.d3.loss_cls: 0.9113  decode.d3.loss_mask: 1.7237  decode.d3.loss_dice: 3.3330  decode.d4.loss_cls: 0.8978  decode.d4.loss_mask: 1.7235  decode.d4.loss_dice: 3.3124  decode.d5.loss_cls: 0.8763  decode.d5.loss_mask: 1.7038  decode.d5.loss_dice: 3.3146  decode.d6.loss_cls: 0.8836  decode.d6.loss_mask: 1.7359  decode.d6.loss_dice: 3.3177  decode.d7.loss_cls: 0.8847  decode.d7.loss_mask: 1.7307  decode.d7.loss_dice: 3.3095  decode.d8.loss_cls: 0.8745  decode.d8.loss_mask: 1.7223  decode.d8.loss_dice: 3.3126
2026/08/04 16:26:42 - mmengine - INFO - Exp name: ningbo2m_new_dinov3_m2f_tune18_50e_512x512_20260804_162413
2026/08/04 16:26:42 - mmengine - INFO - Saving checkpoint at 1 epochs
2026/08/04 16:27:06 - mmengine - INFO - per class results:
2026/08/04 16:27:06 - mmengine - INFO - 
+-------------+-------+-------+--------+-----------+--------+
|    Class    |  IoU  |  Acc  | Fscore | Precision | Recall |
+-------------+-------+-------+--------+-----------+--------+
|  background |  0.09 |  0.09 |  0.18  |   22.78   |  0.09  |
|  grassland  | 16.54 | 35.13 | 28.39  |   23.82   | 35.13  |
|   bareland  | 12.15 | 12.77 | 21.67  |    71.6   | 12.77  |
|     road    | 14.75 | 18.04 | 25.71  |   44.71   | 18.04  |
|    forest   | 58.94 | 61.86 | 74.17  |   92.59   | 61.86  |
|    river    | 52.83 | 54.98 | 69.13  |   93.08   | 54.98  |
|   cropland  | 45.32 | 97.26 | 62.37  |    45.9   | 97.26  |
| residential | 63.41 | 79.74 |  77.6  |   75.58   | 79.74  |
+-------------+-------+-------+--------+-----------+--------+
2026/08/04 16:27:06 - mmengine - INFO - Epoch(val) [1][27/27]    aAcc: 61.9600  mIoU: 33.0000  mAcc: 44.9800  mFscore: 44.9000  mPrecision: 58.7600  mRecall: 44.9800  data_time: 0.0261  time: 0.3843
2026/08/04 16:27:11 - mmengine - INFO - The best checkpoint with 33.0000 mIoU at 1 epoch is saved to best_mIoU_epoch_1.pth.
2026/08/04 16:28:16 - mmengine - INFO - Epoch(train)  [2][ 50/102]  base_lr: 9.7752e-05 lr: 9.7752e-06  eta: 1:31:22  time: 1.0132  data_time: 0.0148  memory: 41039  grad_norm: 66.1251  loss: 47.8292  decode.loss_cls: 0.4532  decode.loss_mask: 1.4629  decode.loss_dice: 2.6120  decode.d0.loss_cls: 3.0678  decode.d0.loss_mask: 1.3691  decode.d0.loss_dice: 2.7262  decode.d1.loss_cls: 0.6076  decode.d1.loss_mask: 1.4482  decode.d1.loss_dice: 2.5706  decode.d2.loss_cls: 0.5345  decode.d2.loss_mask: 1.4504  decode.d2.loss_dice: 2.5691  decode.d3.loss_cls: 0.4864  decode.d3.loss_mask: 1.4714  decode.d3.loss_dice: 2.5563  decode.d4.loss_cls: 0.4224  decode.d4.loss_mask: 1.4720  decode.d4.loss_dice: 2.5666  decode.d5.loss_cls: 0.4356  decode.d5.loss_mask: 1.4481  decode.d5.loss_dice: 2.5776  decode.d6.loss_cls: 0.4561  decode.d6.loss_mask: 1.4672  decode.d6.loss_dice: 2.5840  decode.d7.loss_cls: 0.4402  decode.d7.loss_mask: 1.4755  decode.d7.loss_dice: 2.5861  decode.d8.loss_cls: 0.4623  decode.d8.loss_mask: 1.4603  decode.d8.loss_dice: 2.5896
2026/08/04 16:29:06 - mmengine - INFO - Epoch(train)  [2][100/102]  base_lr: 1.2880e-04 lr: 1.2880e-05  eta: 1:28:29  time: 1.0117  data_time: 0.0130  memory: 29437  grad_norm: 70.2229  loss: 41.7567  decode.loss_cls: 0.3612  decode.loss_mask: 1.3764  decode.loss_dice: 2.2643  decode.d0.loss_cls: 2.6170  decode.d0.loss_mask: 1.3067  decode.d0.loss_dice: 2.3315  decode.d1.loss_cls: 0.3511  decode.d1.loss_mask: 1.3539  decode.d1.loss_dice: 2.2635  decode.d2.loss_cls: 0.3053  decode.d2.loss_mask: 1.3552  decode.d2.loss_dice: 2.2698  decode.d3.loss_cls: 0.3257  decode.d3.loss_mask: 1.3500  decode.d3.loss_dice: 2.2550  decode.d4.loss_cls: 0.3285  decode.d4.loss_mask: 1.3499  decode.d4.loss_dice: 2.2477  decode.d5.loss_cls: 0.3138  decode.d5.loss_mask: 1.3610  decode.d5.loss_dice: 2.2530  decode.d6.loss_cls: 0.3337  decode.d6.loss_mask: 1.3527  decode.d6.loss_dice: 2.2351  decode.d7.loss_cls: 0.3174  decode.d7.loss_mask: 1.3734  decode.d7.loss_dice: 2.2450  decode.d8.loss_cls: 0.3407  decode.d8.loss_mask: 1.3744  decode.d8.loss_dice: 2.2437
2026/08/04 16:29:08 - mmengine - INFO - Exp name: ningbo2m_new_dinov3_m2f_tune18_50e_512x512_20260804_162413
2026/08/04 16:29:08 - mmengine - INFO - Saving checkpoint at 2 epochs
2026/08/04 16:29:30 - mmengine - INFO - per class results:
2026/08/04 16:29:30 - mmengine - INFO - 
+-------------+-------+-------+--------+-----------+--------+
|    Class    |  IoU  |  Acc  | Fscore | Precision | Recall |
+-------------+-------+-------+--------+-----------+--------+
|  background | 32.59 | 41.02 | 49.15  |   61.32   | 41.02  |
|  grassland  | 41.39 | 61.44 | 58.55  |   55.91   | 61.44  |
|   bareland  | 49.64 | 61.06 | 66.34  |   72.62   | 61.06  |
|     road    | 57.21 | 70.82 | 72.78  |   74.87   | 70.82  |
|    forest   | 85.53 | 95.82 |  92.2  |   88.85   | 95.82  |
|    river    | 78.88 |  84.6 | 88.19  |   92.09   |  84.6  |
|   cropland  | 79.46 | 85.74 | 88.56  |   91.57   | 85.74  |
| residential | 76.55 | 87.42 | 86.72  |   86.03   | 87.42  |
+-------------+-------+-------+--------+-----------+--------+
2026/08/04 16:29:30 - mmengine - INFO - Epoch(val) [2][27/27]    aAcc: 84.6500  mIoU: 62.6600  mAcc: 73.4900  mFscore: 75.3100  mPrecision: 77.9100  mRecall: 73.4900  data_time: 0.0310  time: 0.3588
2026/08/04 16:29:30 - mmengine - INFO - The previous best checkpoint /mnt/htzzb2/EO_test/wj1/qh2_work_dirs/ningbo2m_new_dinov3_m2f_tune18_50e_512x512/best_mIoU_epoch_1.pth is removed
2026/08/04 16:29:36 - mmengine - INFO - The best checkpoint with 62.6600 mIoU at 2 epoch is saved to best_mIoU_epoch_2.pth.
2026/08/04 16:30:40 - mmengine - INFO - Epoch(train)  [3][ 50/102]  base_lr: 1.6041e-04 lr: 1.6041e-05  eta: 1:26:36  time: 1.0054  data_time: 0.0147  memory: 29427  grad_norm: 68.8093  loss: 41.4580  decode.loss_cls: 0.3418  decode.loss_mask: 1.4226  decode.loss_dice: 2.1847  decode.d0.loss_cls: 2.1923  decode.d0.loss_mask: 1.3832  decode.d0.loss_dice: 2.2196  decode.d1.loss_cls: 0.3318  decode.d1.loss_mask: 1.4593  decode.d1.loss_dice: 2.1980  decode.d2.loss_cls: 0.3092  decode.d2.loss_mask: 1.4390  decode.d2.loss_dice: 2.1902  decode.d3.loss_cls: 0.3374  decode.d3.loss_mask: 1.4437  decode.d3.loss_dice: 2.1978  decode.d4.loss_cls: 0.3756  decode.d4.loss_mask: 1.4393  decode.d4.loss_dice: 2.1903  decode.d5.loss_cls: 0.3467  decode.d5.loss_mask: 1.4254  decode.d5.loss_dice: 2.1874  decode.d6.loss_cls: 0.3327  decode.d6.loss_mask: 1.4303  decode.d6.loss_dice: 2.1833  decode.d7.loss_cls: 0.3175  decode.d7.loss_mask: 1.4322  decode.d7.loss_dice: 2.1934  decode.d8.loss_cls: 0.3190  decode.d8.loss_mask: 1.4407  decode.d8.loss_dice: 2.1938
2026/08/04 16:31:31 - mmengine - INFO - Epoch(train)  [3][100/102]  base_lr: 1.9012e-04 lr: 1.9012e-05  eta: 1:24:58  time: 1.0515  data_time: 0.0149  memory: 29456  grad_norm: 72.6246  loss: 40.1595  decode.loss_cls: 0.4487  decode.loss_mask: 1.3080  decode.loss_dice: 2.0964  decode.d0.loss_cls: 1.9736  decode.d0.loss_mask: 1.2879  decode.d0.loss_dice: 2.1474  decode.d1.loss_cls: 0.5228  decode.d1.loss_mask: 1.3129  decode.d1.loss_dice: 2.1293  decode.d2.loss_cls: 0.4952  decode.d2.loss_mask: 1.2986  decode.d2.loss_dice: 2.0954  decode.d3.loss_cls: 0.4608  decode.d3.loss_mask: 1.3080  decode.d3.loss_dice: 2.0863  decode.d4.loss_cls: 0.4576  decode.d4.loss_mask: 1.2803  decode.d4.loss_dice: 2.0857  decode.d5.loss_cls: 0.4792  decode.d5.loss_mask: 1.2680  decode.d5.loss_dice: 2.0701  decode.d6.loss_cls: 0.4985  decode.d6.loss_mask: 1.2727  decode.d6.loss_dice: 2.0836  decode.d7.loss_cls: 0.4878  decode.d7.loss_mask: 1.2826  decode.d7.loss_dice: 2.0936  decode.d8.loss_cls: 0.4639  decode.d8.loss_mask: 1.2851  decode.d8.loss_dice: 2.0795
2026/08/04 16:31:33 - mmengine - INFO - Exp name: ningbo2m_new_dinov3_m2f_tune18_50e_512x512_20260804_162413
2026/08/04 16:31:34 - mmengine - INFO - Saving checkpoint at 3 epochs
2026/08/04 16:31:56 - mmengine - INFO - per class results:
2026/08/04 16:31:56 - mmengine - INFO - 
+-------------+-------+-------+--------+-----------+--------+
|    Class    |  IoU  |  Acc  | Fscore | Precision | Recall |
+-------------+-------+-------+--------+-----------+--------+
|  background | 37.67 | 48.23 | 54.73  |   63.24   | 48.23  |
|  grassland  | 43.62 |  63.6 | 60.74  |   58.12   |  63.6  |
|   bareland  |  50.2 | 60.24 | 66.85  |   75.09   | 60.24  |
|     road    | 60.41 | 72.45 | 75.32  |   78.42   | 72.45  |
|    forest   | 83.17 | 89.06 | 90.81  |   92.63   | 89.06  |
|    river    | 79.76 | 86.47 | 88.74  |   91.13   | 86.47  |
|   cropland  | 80.05 | 90.87 | 88.92  |   87.05   | 90.87  |
| residential | 75.61 | 94.97 | 86.11  |   78.76   | 94.97  |
+-------------+-------+-------+--------+-----------+--------+
2026/08/04 16:31:56 - mmengine - INFO - Epoch(val) [3][27/27]    aAcc: 84.5000  mIoU: 63.8100  mAcc: 75.7400  mFscore: 76.5300  mPrecision: 78.0500  mRecall: 75.7400  data_time: 0.0327  time: 0.2712
2026/08/04 16:31:56 - mmengine - INFO - The previous best checkpoint /mnt/htzzb2/EO_test/wj1/qh2_work_dirs/ningbo2m_new_dinov3_m2f_tune18_50e_512x512/best_mIoU_epoch_2.pth is removed
2026/08/04 16:32:01 - mmengine - INFO - The best checkpoint with 63.8100 mIoU at 3 epoch is saved to best_mIoU_epoch_3.pth.
2026/08/04 16:33:07 - mmengine - INFO - Epoch(train)  [4][ 50/102]  base_lr: 2.2034e-04 lr: 2.2034e-05  eta: 1:23:45  time: 1.0615  data_time: 0.0154  memory: 29421  grad_norm: 61.0447  loss: 37.3216  decode.loss_cls: 0.2466  decode.loss_mask: 1.3010  decode.loss_dice: 2.0419  decode.d0.loss_cls: 1.5732  decode.d0.loss_mask: 1.2685  decode.d0.loss_dice: 2.0818  decode.d1.loss_cls: 0.2622  decode.d1.loss_mask: 1.3043  decode.d1.loss_dice: 2.0565  decode.d2.loss_cls: 0.2579  decode.d2.loss_mask: 1.3029  decode.d2.loss_dice: 2.0466  decode.d3.loss_cls: 0.2401  decode.d3.loss_mask: 1.2935  decode.d3.loss_dice: 2.0485  decode.d4.loss_cls: 0.2776  decode.d4.loss_mask: 1.2905  decode.d4.loss_dice: 2.0401  decode.d5.loss_cls: 0.2600  decode.d5.loss_mask: 1.2900  decode.d5.loss_dice: 2.0416  decode.d6.loss_cls: 0.2511  decode.d6.loss_mask: 1.2838  decode.d6.loss_dice: 2.0535  decode.d7.loss_cls: 0.2483  decode.d7.loss_mask: 1.3012  decode.d7.loss_dice: 2.0435  decode.d8.loss_cls: 0.2651  decode.d8.loss_mask: 1.2961  decode.d8.loss_dice: 2.0535
2026/08/04 16:33:58 - mmengine - INFO - Epoch(train)  [4][100/102]  base_lr: 2.4872e-04 lr: 2.4872e-05  eta: 1:22:28  time: 1.0323  data_time: 0.0146  memory: 29478  grad_norm: 64.5915  loss: 38.8324  decode.loss_cls: 0.4466  decode.loss_mask: 1.3365  decode.loss_dice: 1.9798  decode.d0.loss_cls: 1.4463  decode.d0.loss_mask: 1.3206  decode.d0.loss_dice: 1.9974  decode.d1.loss_cls: 0.4769  decode.d1.loss_mask: 1.3517  decode.d1.loss_dice: 1.9798  decode.d2.loss_cls: 0.4874  decode.d2.loss_mask: 1.3288  decode.d2.loss_dice: 1.9668  decode.d3.loss_cls: 0.5533  decode.d3.loss_mask: 1.3119  decode.d3.loss_dice: 1.9644  decode.d4.loss_cls: 0.4579  decode.d4.loss_mask: 1.3524  decode.d4.loss_dice: 1.9720  decode.d5.loss_cls: 0.4906  decode.d5.loss_mask: 1.3326  decode.d5.loss_dice: 1.9667  decode.d6.loss_cls: 0.5090  decode.d6.loss_mask: 1.3328  decode.d6.loss_dice: 1.9543  decode.d7.loss_cls: 0.4650  decode.d7.loss_mask: 1.3360  decode.d7.loss_dice: 1.9729  decode.d8.loss_cls: 0.4250  decode.d8.loss_mask: 1.3371  decode.d8.loss_dice: 1.9801
2026/08/04 16:34:00 - mmengine - INFO - Exp name: ningbo2m_new_dinov3_m2f_tune18_50e_512x512_20260804_162413
2026/08/04 16:34:00 - mmengine - INFO - Saving checkpoint at 4 epochs
2026/08/04 16:34:22 - mmengine - INFO - per class results:
2026/08/04 16:34:22 - mmengine - INFO - 
+-------------+-------+-------+--------+-----------+--------+
|    Class    |  IoU  |  Acc  | Fscore | Precision | Recall |
+-------------+-------+-------+--------+-----------+--------+
|  background |  41.9 | 62.28 | 59.06  |   56.15   | 62.28  |
|  grassland  |  45.0 | 57.67 | 62.07  |   67.21   | 57.67  |
|   bareland  | 52.42 | 61.12 | 68.78  |   78.64   | 61.12  |
|     road    | 64.88 | 78.76 |  78.7  |   78.63   | 78.76  |
|    forest   | 86.36 |  96.0 | 92.68  |   89.58   |  96.0  |
|    river    | 81.09 | 88.68 | 89.56  |   90.46   | 88.68  |
|   cropland  | 80.44 | 85.76 | 89.16  |   92.84   | 85.76  |
| residential | 77.88 | 93.51 | 87.56  |   82.33   | 93.51  |
+-------------+-------+-------+--------+-----------+--------+
2026/08/04 16:34:22 - mmengine - INFO - Epoch(val) [4][27/27]    aAcc: 86.1800  mIoU: 66.2500  mAcc: 77.9700  mFscore: 78.4500  mPrecision: 79.4800  mRecall: 77.9700  data_time: 0.0323  time: 0.2712
2026/08/04 16:34:22 - mmengine - INFO - The previous best checkpoint /mnt/htzzb2/EO_test/wj1/qh2_work_dirs/ningbo2m_new_dinov3_m2f_tune18_50e_512x512/best_mIoU_epoch_3.pth is removed
2026/08/04 16:34:26 - mmengine - INFO - The best checkpoint with 66.2500 mIoU at 4 epoch is saved to best_mIoU_epoch_4.pth.
2026/08/04 16:35:31 - mmengine - INFO - Epoch(train)  [5][ 50/102]  base_lr: 2.7755e-04 lr: 2.7755e-05  eta: 1:21:20  time: 1.0071  data_time: 0.0158  memory: 29418  grad_norm: 58.6302  loss: 35.1709  decode.loss_cls: 0.3865  decode.loss_mask: 1.1956  decode.loss_dice: 1.8479  decode.d0.loss_cls: 1.1901  decode.d0.loss_mask: 1.1697  decode.d0.loss_dice: 1.8970  decode.d1.loss_cls: 0.4055  decode.d1.loss_mask: 1.1877  decode.d1.loss_dice: 1.8541  decode.d2.loss_cls: 0.4097  decode.d2.loss_mask: 1.1941  decode.d2.loss_dice: 1.8560  decode.d3.loss_cls: 0.4341  decode.d3.loss_mask: 1.1844  decode.d3.loss_dice: 1.8282  decode.d4.loss_cls: 0.4116  decode.d4.loss_mask: 1.1875  decode.d4.loss_dice: 1.8429  decode.d5.loss_cls: 0.4209  decode.d5.loss_mask: 1.1881  decode.d5.loss_dice: 1.8332  decode.d6.loss_cls: 0.4129  decode.d6.loss_mask: 1.1817  decode.d6.loss_dice: 1.8359  decode.d7.loss_cls: 0.3856  decode.d7.loss_mask: 1.1887  decode.d7.loss_dice: 1.8273  decode.d8.loss_cls: 0.4047  decode.d8.loss_mask: 1.1866  decode.d8.loss_dice: 1.8227
2026/08/04 16:36:21 - mmengine - INFO - Epoch(train)  [5][100/102]  base_lr: 3.0460e-04 lr: 3.0460e-05  eta: 1:20:08  time: 1.0055  data_time: 0.0153  memory: 29448  grad_norm: 69.6563  loss: 30.5365  decode.loss_cls: 0.4167  decode.loss_mask: 0.9752  decode.loss_dice: 1.5885  decode.d0.loss_cls: 1.0675  decode.d0.loss_mask: 0.9398  decode.d0.loss_dice: 1.6297  decode.d1.loss_cls: 0.4666  decode.d1.loss_mask: 0.9400  decode.d1.loss_dice: 1.5847  decode.d2.loss_cls: 0.4782  decode.d2.loss_mask: 0.9282  decode.d2.loss_dice: 1.5718  decode.d3.loss_cls: 0.5173  decode.d3.loss_mask: 0.9273  decode.d3.loss_dice: 1.5570  decode.d4.loss_cls: 0.4774  decode.d4.loss_mask: 0.9394  decode.d4.loss_dice: 1.5520  decode.d5.loss_cls: 0.5006  decode.d5.loss_mask: 0.9468  decode.d5.loss_dice: 1.5627  decode.d6.loss_cls: 0.4939  decode.d6.loss_mask: 0.9463  decode.d6.loss_dice: 1.5602  decode.d7.loss_cls: 0.4381  decode.d7.loss_mask: 0.9669  decode.d7.loss_dice: 1.5756  decode.d8.loss_cls: 0.4133  decode.d8.loss_mask: 0.9879  decode.d8.loss_dice: 1.5871
2026/08/04 16:36:23 - mmengine - INFO - Exp name: ningbo2m_new_dinov3_m2f_tune18_50e_512x512_20260804_162413
2026/08/04 16:36:24 - mmengine - INFO - Saving checkpoint at 5 epochs
2026/08/04 16:36:45 - mmengine - INFO - per class results:
2026/08/04 16:36:45 - mmengine - INFO - 
+-------------+-------+-------+--------+-----------+--------+
|    Class    |  IoU  |  Acc  | Fscore | Precision | Recall |
+-------------+-------+-------+--------+-----------+--------+
|  background |  44.3 | 59.18 |  61.4  |   63.79   | 59.18  |
|  grassland  | 43.23 | 54.65 | 60.37  |   67.43   | 54.65  |
|   bareland  | 55.72 | 69.46 | 71.57  |    73.8   | 69.46  |
|     road    | 66.68 | 75.35 | 80.01  |   85.29   | 75.35  |
|    forest   | 86.74 | 97.51 |  92.9  |    88.7   | 97.51  |
|    river    | 81.89 |  87.5 | 90.05  |   92.74   |  87.5  |
|   cropland  | 82.77 |  91.0 | 90.57  |   90.15   |  91.0  |
| residential | 78.61 | 85.51 | 88.03  |    90.7   | 85.51  |
+-------------+-------+-------+--------+-----------+--------+
2026/08/04 16:36:45 - mmengine - INFO - Epoch(val) [5][27/27]    aAcc: 86.8000  mIoU: 67.4900  mAcc: 77.5200  mFscore: 79.3600  mPrecision: 81.5700  mRecall: 77.5200  data_time: 0.0312  time: 0.2696
2026/08/04 16:36:45 - mmengine - INFO - The previous best checkpoint /mnt/htzzb2/EO_test/wj1/qh2_work_dirs/ningbo2m_new_dinov3_m2f_tune18_50e_512x512/best_mIoU_epoch_4.pth is removed
2026/08/04 16:36:50 - mmengine - INFO - The best checkpoint with 67.4900 mIoU at 5 epoch is saved to best_mIoU_epoch_5.pth.
2026/08/04 16:37:55 - mmengine - INFO - Epoch(train)  [6][ 50/102]  base_lr: 3.3203e-04 lr: 3.3203e-05  eta: 1:19:02  time: 1.0061  data_time: 0.0155  memory: 29437  grad_norm: 62.3211  loss: 32.2373  decode.loss_cls: 0.4427  decode.loss_mask: 1.0662  decode.loss_dice: 1.6944  decode.d0.loss_cls: 0.7922  decode.d0.loss_mask: 1.0686  decode.d0.loss_dice: 1.7445  decode.d1.loss_cls: 0.3746  decode.d1.loss_mask: 1.0523  decode.d1.loss_dice: 1.7209  decode.d2.loss_cls: 0.3961  decode.d2.loss_mask: 1.0601  decode.d2.loss_dice: 1.6844  decode.d3.loss_cls: 0.4220  decode.d3.loss_mask: 1.0740  decode.d3.loss_dice: 1.6663  decode.d4.loss_cls: 0.4679  decode.d4.loss_mask: 1.0674  decode.d4.loss_dice: 1.6595  decode.d5.loss_cls: 0.4427  decode.d5.loss_mask: 1.0645  decode.d5.loss_dice: 1.6598  decode.d6.loss_cls: 0.4187  decode.d6.loss_mask: 1.0682  decode.d6.loss_dice: 1.6762  decode.d7.loss_cls: 0.4966  decode.d7.loss_mask: 1.0588  decode.d7.loss_dice: 1.6844  decode.d8.loss_cls: 0.4676  decode.d8.loss_mask: 1.0691  decode.d8.loss_dice: 1.6765
2026/08/04 16:38:45 - mmengine - INFO - Epoch(train)  [6][100/102]  base_lr: 3.5775e-04 lr: 3.5775e-05  eta: 1:17:56  time: 1.0120  data_time: 0.0145  memory: 29457  grad_norm: 56.5577  loss: 33.0840  decode.loss_cls: 0.3462  decode.loss_mask: 1.2191  decode.loss_dice: 1.7094  decode.d0.loss_cls: 0.6737  decode.d0.loss_mask: 1.2227  decode.d0.loss_dice: 1.7625  decode.d1.loss_cls: 0.3964  decode.d1.loss_mask: 1.1904  decode.d1.loss_dice: 1.7193  decode.d2.loss_cls: 0.3798  decode.d2.loss_mask: 1.1749  decode.d2.loss_dice: 1.6993  decode.d3.loss_cls: 0.3626  decode.d3.loss_mask: 1.1995  decode.d3.loss_dice: 1.6954  decode.d4.loss_cls: 0.3813  decode.d4.loss_mask: 1.2039  decode.d4.loss_dice: 1.6891  decode.d5.loss_cls: 0.3741  decode.d5.loss_mask: 1.2120  decode.d5.loss_dice: 1.6865  decode.d6.loss_cls: 0.3751  decode.d6.loss_mask: 1.2106  decode.d6.loss_dice: 1.6832  decode.d7.loss_cls: 0.3425  decode.d7.loss_mask: 1.2332  decode.d7.loss_dice: 1.6962  decode.d8.loss_cls: 0.3262  decode.d8.loss_mask: 1.2152  decode.d8.loss_dice: 1.7038
2026/08/04 16:38:48 - mmengine - INFO - Exp name: ningbo2m_new_dinov3_m2f_tune18_50e_512x512_20260804_162413
2026/08/04 16:38:48 - mmengine - INFO - Saving checkpoint at 6 epochs
2026/08/04 16:39:09 - mmengine - INFO - per class results:
2026/08/04 16:39:09 - mmengine - INFO - 
+-------------+-------+-------+--------+-----------+--------+
|    Class    |  IoU  |  Acc  | Fscore | Precision | Recall |
+-------------+-------+-------+--------+-----------+--------+
|  background |  45.3 | 72.46 | 62.35  |   54.72   | 72.46  |
|  grassland  | 48.64 | 59.92 | 65.45  |    72.1   | 59.92  |
|   bareland  | 55.39 | 65.56 | 71.29  |   78.12   | 65.56  |
|     road    | 67.77 | 82.44 | 80.79  |    79.2   | 82.44  |
|    forest   | 87.44 |  94.5 |  93.3  |   92.12   |  94.5  |
|    river    | 82.05 | 87.06 | 90.14  |   93.45   | 87.06  |
|   cropland  | 81.46 | 92.54 | 89.78  |   87.18   | 92.54  |
| residential | 80.18 | 91.39 |  89.0  |   86.73   | 91.39  |
+-------------+-------+-------+--------+-----------+--------+
2026/08/04 16:39:09 - mmengine - INFO - Epoch(val) [6][27/27]    aAcc: 87.2200  mIoU: 68.5300  mAcc: 80.7300  mFscore: 80.2600  mPrecision: 80.4500  mRecall: 80.7300  data_time: 0.0304  time: 0.2698
2026/08/04 16:39:09 - mmengine - INFO - The previous best checkpoint /mnt/htzzb2/EO_test/wj1/qh2_work_dirs/ningbo2m_new_dinov3_m2f_tune18_50e_512x512/best_mIoU_epoch_5.pth is removed
2026/08/04 16:39:15 - mmengine - INFO - The best checkpoint with 68.5300 mIoU at 6 epoch is saved to best_mIoU_epoch_6.pth.
2026/08/04 16:40:18 - mmengine - INFO - Epoch(train)  [7][ 50/102]  base_lr: 3.8380e-04 lr: 3.8380e-05  eta: 1:16:54  time: 1.0064  data_time: 0.0164  memory: 29437  grad_norm: 60.8790  loss: 32.8989  decode.loss_cls: 0.3977  decode.loss_mask: 1.1200  decode.loss_dice: 1.7364  decode.d0.loss_cls: 0.5527  decode.d0.loss_mask: 1.1417  decode.d0.loss_dice: 1.8170  decode.d1.loss_cls: 0.3801  decode.d1.loss_mask: 1.1169  decode.d1.loss_dice: 1.7565  decode.d2.loss_cls: 0.3905  decode.d2.loss_mask: 1.1372  decode.d2.loss_dice: 1.7450  decode.d3.loss_cls: 0.3635  decode.d3.loss_mask: 1.1369  decode.d3.loss_dice: 1.7439  decode.d4.loss_cls: 0.3808  decode.d4.loss_mask: 1.1412  decode.d4.loss_dice: 1.7292  decode.d5.loss_cls: 0.3939  decode.d5.loss_mask: 1.1351  decode.d5.loss_dice: 1.7389  decode.d6.loss_cls: 0.4319  decode.d6.loss_mask: 1.1235  decode.d6.loss_dice: 1.7330  decode.d7.loss_cls: 0.3936  decode.d7.loss_mask: 1.1262  decode.d7.loss_dice: 1.7525  decode.d8.loss_cls: 0.4289  decode.d8.loss_mask: 1.1231  decode.d8.loss_dice: 1.7310
2026/08/04 16:41:08 - mmengine - INFO - Epoch(train)  [7][100/102]  base_lr: 4.0818e-04 lr: 4.0818e-05  eta: 1:15:52  time: 1.0028  data_time: 0.0153  memory: 29448  grad_norm: 55.8845  loss: 30.2891  decode.loss_cls: 0.4345  decode.loss_mask: 1.0082  decode.loss_dice: 1.5820  decode.d0.loss_cls: 0.5378  decode.d0.loss_mask: 1.0204  decode.d0.loss_dice: 1.6858  decode.d1.loss_cls: 0.3875  decode.d1.loss_mask: 1.0134  decode.d1.loss_dice: 1.6141  decode.d2.loss_cls: 0.4226  decode.d2.loss_mask: 1.0082  decode.d2.loss_dice: 1.5671  decode.d3.loss_cls: 0.3909  decode.d3.loss_mask: 1.0092  decode.d3.loss_dice: 1.5687  decode.d4.loss_cls: 0.4090  decode.d4.loss_mask: 1.0047  decode.d4.loss_dice: 1.5787  decode.d5.loss_cls: 0.4349  decode.d5.loss_mask: 1.0014  decode.d5.loss_dice: 1.5719  decode.d6.loss_cls: 0.4254  decode.d6.loss_mask: 1.0137  decode.d6.loss_dice: 1.5838  decode.d7.loss_cls: 0.4123  decode.d7.loss_mask: 1.0204  decode.d7.loss_dice: 1.5748  decode.d8.loss_cls: 0.4105  decode.d8.loss_mask: 1.0212  decode.d8.loss_dice: 1.5757
2026/08/04 16:41:10 - mmengine - INFO - Exp name: ningbo2m_new_dinov3_m2f_tune18_50e_512x512_20260804_162413
2026/08/04 16:41:11 - mmengine - INFO - Saving checkpoint at 7 epochs
2026/08/04 16:41:33 - mmengine - INFO - per class results:
2026/08/04 16:41:33 - mmengine - INFO - 
+-------------+-------+-------+--------+-----------+--------+
|    Class    |  IoU  |  Acc  | Fscore | Precision | Recall |
+-------------+-------+-------+--------+-----------+--------+
|  background | 42.92 | 48.35 | 60.06  |   79.25   | 48.35  |
|  grassland  | 50.02 | 74.19 | 66.68  |   60.55   | 74.19  |
|   bareland  | 55.05 | 62.67 | 71.01  |   81.92   | 62.67  |
|     road    | 68.61 | 83.33 | 81.38  |   79.52   | 83.33  |
|    forest   | 86.75 | 93.94 |  92.9  |   91.89   | 93.94  |
|    river    | 81.18 | 88.01 | 89.61  |   91.27   | 88.01  |
|   cropland  | 82.16 | 88.63 | 90.21  |   91.84   | 88.63  |
| residential | 81.03 | 90.62 | 89.52  |   88.45   | 90.62  |
+-------------+-------+-------+--------+-----------+--------+
2026/08/04 16:41:33 - mmengine - INFO - Epoch(val) [7][27/27]    aAcc: 87.0200  mIoU: 68.4600  mAcc: 78.7200  mFscore: 80.1700  mPrecision: 83.0900  mRecall: 78.7200  data_time: 0.0317  time: 0.2707
2026/08/04 16:42:24 - mmengine - INFO - Epoch(train)  [8][ 50/102]  base_lr: 4.3284e-04 lr: 4.3284e-05  eta: 1:14:55  time: 1.0016  data_time: 0.0151  memory: 29418  grad_norm: 57.1608  loss: 31.5617  decode.loss_cls: 0.3056  decode.loss_mask: 1.1773  decode.loss_dice: 1.6393  decode.d0.loss_cls: 0.5130  decode.d0.loss_mask: 1.1735  decode.d0.loss_dice: 1.7035  decode.d1.loss_cls: 0.3177  decode.d1.loss_mask: 1.1602  decode.d1.loss_dice: 1.6447  decode.d2.loss_cls: 0.3145  decode.d2.loss_mask: 1.1688  decode.d2.loss_dice: 1.6279  decode.d3.loss_cls: 0.3652  decode.d3.loss_mask: 1.1652  decode.d3.loss_dice: 1.6174  decode.d4.loss_cls: 0.3277  decode.d4.loss_mask: 1.1795  decode.d4.loss_dice: 1.6259  decode.d5.loss_cls: 0.3075  decode.d5.loss_mask: 1.1657  decode.d5.loss_dice: 1.6361  decode.d6.loss_cls: 0.3555  decode.d6.loss_mask: 1.1679  decode.d6.loss_dice: 1.6153  decode.d7.loss_cls: 0.3333  decode.d7.loss_mask: 1.1767  decode.d7.loss_dice: 1.6370  decode.d8.loss_cls: 0.3176  decode.d8.loss_mask: 1.1858  decode.d8.loss_dice: 1.6365
2026/08/04 16:43:15 - mmengine - INFO - Epoch(train)  [8][100/102]  base_lr: 4.5589e-04 lr: 4.5589e-05  eta: 1:13:59  time: 1.0278  data_time: 0.0151  memory: 29456  grad_norm: 55.0836  loss: 30.1075  decode.loss_cls: 0.3480  decode.loss_mask: 1.0571  decode.loss_dice: 1.5767  decode.d0.loss_cls: 0.4631  decode.d0.loss_mask: 1.0631  decode.d0.loss_dice: 1.6355  decode.d1.loss_cls: 0.3974  decode.d1.loss_mask: 1.0316  decode.d1.loss_dice: 1.5767  decode.d2.loss_cls: 0.3800  decode.d2.loss_mask: 1.0439  decode.d2.loss_dice: 1.5525  decode.d3.loss_cls: 0.4180  decode.d3.loss_mask: 1.0488  decode.d3.loss_dice: 1.5357  decode.d4.loss_cls: 0.3853  decode.d4.loss_mask: 1.0540  decode.d4.loss_dice: 1.5498  decode.d5.loss_cls: 0.3711  decode.d5.loss_mask: 1.0460  decode.d5.loss_dice: 1.5544  decode.d6.loss_cls: 0.3804  decode.d6.loss_mask: 1.0390  decode.d6.loss_dice: 1.5645  decode.d7.loss_cls: 0.4043  decode.d7.loss_mask: 1.0437  decode.d7.loss_dice: 1.5751  decode.d8.loss_cls: 0.3665  decode.d8.loss_mask: 1.0510  decode.d8.loss_dice: 1.5943
2026/08/04 16:43:17 - mmengine - INFO - Exp name: ningbo2m_new_dinov3_m2f_tune18_50e_512x512_20260804_162413
2026/08/04 16:43:17 - mmengine - INFO - Saving checkpoint at 8 epochs
2026/08/04 16:43:37 - mmengine - INFO - per class results:
2026/08/04 16:43:37 - mmengine - INFO - 
+-------------+-------+-------+--------+-----------+--------+
|    Class    |  IoU  |  Acc  | Fscore | Precision | Recall |
+-------------+-------+-------+--------+-----------+--------+
|  background | 48.39 | 66.39 | 65.22  |   64.09   | 66.39  |
|  grassland  | 51.61 | 68.01 | 68.09  |   68.16   | 68.01  |
|   bareland  | 58.51 |  75.2 | 73.83  |   72.51   |  75.2  |
|     road    |  70.1 | 82.34 | 82.42  |    82.5   | 82.34  |
|    forest   | 87.14 | 93.05 | 93.13  |   93.21   | 93.05  |
|    river    | 79.08 | 89.09 | 88.32  |   87.56   | 89.09  |
|   cropland  |  81.6 | 89.03 | 89.87  |   90.73   | 89.03  |
| residential | 81.29 | 89.37 | 89.68  |   89.99   | 89.37  |
+-------------+-------+-------+--------+-----------+--------+
2026/08/04 16:43:37 - mmengine - INFO - Epoch(val) [8][27/27]    aAcc: 87.2700  mIoU: 69.7200  mAcc: 81.5600  mFscore: 81.3200  mPrecision: 81.0900  mRecall: 81.5600  data_time: 0.0306  time: 0.2701
2026/08/04 16:43:37 - mmengine - INFO - The previous best checkpoint /mnt/htzzb2/EO_test/wj1/qh2_work_dirs/ningbo2m_new_dinov3_m2f_tune18_50e_512x512/best_mIoU_epoch_6.pth is removed
2026/08/04 16:43:42 - mmengine - INFO - The best checkpoint with 69.7200 mIoU at 8 epoch is saved to best_mIoU_epoch_8.pth.
2026/08/04 16:44:48 - mmengine - INFO - Epoch(train)  [9][ 50/102]  base_lr: 4.7916e-04 lr: 4.7916e-05  eta: 1:13:01  time: 1.0069  data_time: 0.0149  memory: 29457  grad_norm: 58.7700  loss: 32.0237  decode.loss_cls: 0.3924  decode.loss_mask: 1.1497  decode.loss_dice: 1.6776  decode.d0.loss_cls: 0.4822  decode.d0.loss_mask: 1.1591  decode.d0.loss_dice: 1.7504  decode.d1.loss_cls: 0.3332  decode.d1.loss_mask: 1.1517  decode.d1.loss_dice: 1.6745  decode.d2.loss_cls: 0.3503  decode.d2.loss_mask: 1.1610  decode.d2.loss_dice: 1.6750  decode.d3.loss_cls: 0.3659  decode.d3.loss_mask: 1.1671  decode.d3.loss_dice: 1.6494  decode.d4.loss_cls: 0.3724  decode.d4.loss_mask: 1.1409  decode.d4.loss_dice: 1.6580  decode.d5.loss_cls: 0.3945  decode.d5.loss_mask: 1.1500  decode.d5.loss_dice: 1.6317  decode.d6.loss_cls: 0.3729  decode.d6.loss_mask: 1.1605  decode.d6.loss_dice: 1.6473  decode.d7.loss_cls: 0.3499  decode.d7.loss_mask: 1.1696  decode.d7.loss_dice: 1.6658  decode.d8.loss_cls: 0.3512  decode.d8.loss_mask: 1.1552  decode.d8.loss_dice: 1.6642
2026/08/04 16:45:38 - mmengine - INFO - Epoch(train)  [9][100/102]  base_lr: 5.0087e-04 lr: 5.0087e-05  eta: 1:12:03  time: 1.0104  data_time: 0.0179  memory: 29466  grad_norm: 53.4456  loss: 28.7414  decode.loss_cls: 0.3353  decode.loss_mask: 1.0200  decode.loss_dice: 1.4568  decode.d0.loss_cls: 0.5226  decode.d0.loss_mask: 1.0442  decode.d0.loss_dice: 1.5091  decode.d1.loss_cls: 0.3750  decode.d1.loss_mask: 1.0398  decode.d1.loss_dice: 1.4823  decode.d2.loss_cls: 0.3694  decode.d2.loss_mask: 1.0492  decode.d2.loss_dice: 1.4539  decode.d3.loss_cls: 0.3928  decode.d3.loss_mask: 1.0398  decode.d3.loss_dice: 1.4379  decode.d4.loss_cls: 0.3537  decode.d4.loss_mask: 1.0355  decode.d4.loss_dice: 1.4610  decode.d5.loss_cls: 0.3515  decode.d5.loss_mask: 1.0243  decode.d5.loss_dice: 1.4663  decode.d6.loss_cls: 0.3778  decode.d6.loss_mask: 1.0201  decode.d6.loss_dice: 1.4432  decode.d7.loss_cls: 0.3533  decode.d7.loss_mask: 1.0279  decode.d7.loss_dice: 1.4507  decode.d8.loss_cls: 0.3516  decode.d8.loss_mask: 1.0270  decode.d8.loss_dice: 1.4693
2026/08/04 16:45:40 - mmengine - INFO - Exp name: ningbo2m_new_dinov3_m2f_tune18_50e_512x512_20260804_162413
2026/08/04 16:45:40 - mmengine - INFO - Saving checkpoint at 9 epochs
2026/08/04 16:46:04 - mmengine - INFO - per class results:
2026/08/04 16:46:04 - mmengine - INFO - 
+-------------+-------+-------+--------+-----------+--------+
|    Class    |  IoU  |  Acc  | Fscore | Precision | Recall |
+-------------+-------+-------+--------+-----------+--------+
|  background |  45.0 | 55.09 | 62.07  |   71.07   | 55.09  |
|  grassland  | 48.45 |  57.8 | 65.28  |   74.97   |  57.8  |
|   bareland  | 58.86 |  72.5 |  74.1  |   75.78   |  72.5  |
|     road    | 70.53 | 85.56 | 82.72  |   80.06   | 85.56  |
|    forest   | 85.33 |  92.5 | 92.09  |   91.68   |  92.5  |
|    river    |  77.7 | 93.55 | 87.45  |    82.1   | 93.55  |
|   cropland  |  83.4 | 92.74 | 90.95  |   89.23   | 92.74  |
| residential | 81.09 | 87.91 | 89.56  |   91.27   | 87.91  |
+-------------+-------+-------+--------+-----------+--------+
2026/08/04 16:46:04 - mmengine - INFO - Epoch(val) [9][27/27]    aAcc: 87.0100  mIoU: 68.8000  mAcc: 79.7000  mFscore: 80.5300  mPrecision: 82.0200  mRecall: 79.7000  data_time: 0.0331  time: 0.2721
2026/08/04 16:46:55 - mmengine - INFO - Epoch(train) [10][ 50/102]  base_lr: 5.2276e-04 lr: 5.2276e-05  eta: 1:11:07  time: 1.0077  data_time: 0.0143  memory: 29460  grad_norm: 55.8011  loss: 29.5760  decode.loss_cls: 0.3217  decode.loss_mask: 1.0862  decode.loss_dice: 1.5019  decode.d0.loss_cls: 0.4295  decode.d0.loss_mask: 1.1078  decode.d0.loss_dice: 1.5325  decode.d1.loss_cls: 0.3404  decode.d1.loss_mask: 1.0877  decode.d1.loss_dice: 1.5108  decode.d2.loss_cls: 0.3789  decode.d2.loss_mask: 1.0889  decode.d2.loss_dice: 1.4863  decode.d3.loss_cls: 0.3672  decode.d3.loss_mask: 1.0943  decode.d3.loss_dice: 1.4736  decode.d4.loss_cls: 0.3871  decode.d4.loss_mask: 1.0957  decode.d4.loss_dice: 1.4678  decode.d5.loss_cls: 0.3853  decode.d5.loss_mask: 1.0921  decode.d5.loss_dice: 1.4831  decode.d6.loss_cls: 0.3956  decode.d6.loss_mask: 1.0847  decode.d6.loss_dice: 1.4655  decode.d7.loss_cls: 0.4207  decode.d7.loss_mask: 1.0789  decode.d7.loss_dice: 1.4749  decode.d8.loss_cls: 0.3657  decode.d8.loss_mask: 1.0890  decode.d8.loss_dice: 1.4822
2026/08/04 16:47:27 - mmengine - INFO - Exp name: ningbo2m_new_dinov3_m2f_tune18_50e_512x512_20260804_162413
2026/08/04 16:47:45 - mmengine - INFO - Epoch(train) [10][100/102]  base_lr: 5.4313e-04 lr: 5.4313e-05  eta: 1:10:10  time: 1.0043  data_time: 0.0143  memory: 29436  grad_norm: 51.6201  loss: 29.0700  decode.loss_cls: 0.4074  decode.loss_mask: 0.9921  decode.loss_dice: 1.4805  decode.d0.loss_cls: 0.5074  decode.d0.loss_mask: 1.0012  decode.d0.loss_dice: 1.5445  decode.d1.loss_cls: 0.4142  decode.d1.loss_mask: 0.9860  decode.d1.loss_dice: 1.4917  decode.d2.loss_cls: 0.4092  decode.d2.loss_mask: 1.0073  decode.d2.loss_dice: 1.4789  decode.d3.loss_cls: 0.4125  decode.d3.loss_mask: 0.9991  decode.d3.loss_dice: 1.4829  decode.d4.loss_cls: 0.3939  decode.d4.loss_mask: 1.0081  decode.d4.loss_dice: 1.4760  decode.d5.loss_cls: 0.4408  decode.d5.loss_mask: 0.9903  decode.d5.loss_dice: 1.4868  decode.d6.loss_cls: 0.3889  decode.d6.loss_mask: 1.0087  decode.d6.loss_dice: 1.4955  decode.d7.loss_cls: 0.4157  decode.d7.loss_mask: 0.9983  decode.d7.loss_dice: 1.4803  decode.d8.loss_cls: 0.3982  decode.d8.loss_mask: 0.9914  decode.d8.loss_dice: 1.4824
2026/08/04 16:47:47 - mmengine - INFO - Exp name: ningbo2m_new_dinov3_m2f_tune18_50e_512x512_20260804_162413
2026/08/04 16:47:48 - mmengine - INFO - Saving checkpoint at 10 epochs
2026/08/04 16:48:08 - mmengine - INFO - per class results:
2026/08/04 16:48:08 - mmengine - INFO - 
+-------------+-------+-------+--------+-----------+--------+
|    Class    |  IoU  |  Acc  | Fscore | Precision | Recall |
+-------------+-------+-------+--------+-----------+--------+
|  background | 47.58 | 65.25 | 64.48  |   63.72   | 65.25  |
|  grassland  | 52.17 | 68.89 | 68.57  |   68.25   | 68.89  |
|   bareland  | 56.73 | 66.74 | 72.39  |   79.09   | 66.74  |
|     road    | 68.89 | 75.71 | 81.58  |   88.43   | 75.71  |
|    forest   | 87.57 | 95.36 | 93.37  |   91.47   | 95.36  |
|    river    | 81.36 | 89.59 | 89.72  |   89.85   | 89.59  |
|   cropland  | 82.88 | 88.31 | 90.64  |    93.1   | 88.31  |
| residential | 80.74 | 92.12 | 89.34  |   86.72   | 92.12  |
+-------------+-------+-------+--------+-----------+--------+
2026/08/04 16:48:08 - mmengine - INFO - Epoch(val) [10][27/27]    aAcc: 87.7000  mIoU: 69.7400  mAcc: 80.2500  mFscore: 81.2600  mPrecision: 82.5800  mRecall: 80.2500  data_time: 0.0276  time: 0.2669
2026/08/04 16:48:09 - mmengine - INFO - The previous best checkpoint /mnt/htzzb2/EO_test/wj1/qh2_work_dirs/ningbo2m_new_dinov3_m2f_tune18_50e_512x512/best_mIoU_epoch_8.pth is removed
2026/08/04 16:48:14 - mmengine - INFO - The best checkpoint with 69.7400 mIoU at 10 epoch is saved to best_mIoU_epoch_10.pth.
2026/08/04 16:49:17 - mmengine - INFO - Epoch(train) [11][ 50/102]  base_lr: 5.6363e-04 lr: 5.6363e-05  eta: 1:09:14  time: 1.0127  data_time: 0.0165  memory: 29479  grad_norm: 49.7914  loss: 27.5947  decode.loss_cls: 0.2968  decode.loss_mask: 0.9739  decode.loss_dice: 1.4310  decode.d0.loss_cls: 0.4922  decode.d0.loss_mask: 0.9806  decode.d0.loss_dice: 1.4987  decode.d1.loss_cls: 0.3429  decode.d1.loss_mask: 0.9670  decode.d1.loss_dice: 1.4617  decode.d2.loss_cls: 0.3623  decode.d2.loss_mask: 0.9596  decode.d2.loss_dice: 1.4487  decode.d3.loss_cls: 0.3412  decode.d3.loss_mask: 0.9590  decode.d3.loss_dice: 1.4401  decode.d4.loss_cls: 0.3373  decode.d4.loss_mask: 0.9595  decode.d4.loss_dice: 1.4305  decode.d5.loss_cls: 0.3440  decode.d5.loss_mask: 0.9633  decode.d5.loss_dice: 1.4494  decode.d6.loss_cls: 0.3449  decode.d6.loss_mask: 0.9657  decode.d6.loss_dice: 1.4355  decode.d7.loss_cls: 0.3225  decode.d7.loss_mask: 0.9572  decode.d7.loss_dice: 1.4313  decode.d8.loss_cls: 0.2855  decode.d8.loss_mask: 0.9684  decode.d8.loss_dice: 1.4442
2026/08/04 16:50:08 - mmengine - INFO - Epoch(train) [11][100/102]  base_lr: 5.8268e-04 lr: 5.8268e-05  eta: 1:08:18  time: 1.0043  data_time: 0.0156  memory: 29449  grad_norm: 50.6883  loss: 28.5256  decode.loss_cls: 0.4446  decode.loss_mask: 1.0030  decode.loss_dice: 1.4098  decode.d0.loss_cls: 0.5149  decode.d0.loss_mask: 1.0127  decode.d0.loss_dice: 1.4577  decode.d1.loss_cls: 0.4041  decode.d1.loss_mask: 1.0055  decode.d1.loss_dice: 1.4040  decode.d2.loss_cls: 0.4349  decode.d2.loss_mask: 1.0082  decode.d2.loss_dice: 1.4050  decode.d3.loss_cls: 0.4326  decode.d3.loss_mask: 0.9993  decode.d3.loss_dice: 1.3897  decode.d4.loss_cls: 0.4476  decode.d4.loss_mask: 1.0039  decode.d4.loss_dice: 1.3937  decode.d5.loss_cls: 0.4317  decode.d5.loss_mask: 0.9982  decode.d5.loss_dice: 1.4063  decode.d6.loss_cls: 0.4298  decode.d6.loss_mask: 1.0047  decode.d6.loss_dice: 1.3988  decode.d7.loss_cls: 0.4274  decode.d7.loss_mask: 1.0073  decode.d7.loss_dice: 1.4087  decode.d8.loss_cls: 0.4101  decode.d8.loss_mask: 1.0095  decode.d8.loss_dice: 1.4220
2026/08/04 16:50:10 - mmengine - INFO - Exp name: ningbo2m_new_dinov3_m2f_tune18_50e_512x512_20260804_162413
2026/08/04 16:50:10 - mmengine - INFO - Saving checkpoint at 11 epochs
2026/08/04 16:50:32 - mmengine - INFO - per class results:
2026/08/04 16:50:32 - mmengine - INFO - 
+-------------+-------+-------+--------+-----------+--------+
|    Class    |  IoU  |  Acc  | Fscore | Precision | Recall |
+-------------+-------+-------+--------+-----------+--------+
|  background | 43.05 | 68.28 | 60.18  |    53.8   | 68.28  |
|  grassland  | 52.02 | 68.92 | 68.44  |   67.96   | 68.92  |
|   bareland  | 58.73 | 69.96 |  74.0  |   78.54   | 69.96  |
|     road    | 68.79 | 75.54 | 81.51  |    88.5   | 75.54  |
|    forest   | 88.01 | 95.03 | 93.62  |   92.26   | 95.03  |
|    river    | 83.42 | 88.49 | 90.96  |   93.57   | 88.49  |
|   cropland  | 83.61 | 91.35 | 91.08  |   90.81   | 91.35  |
| residential | 80.43 | 89.09 | 89.15  |   89.22   | 89.09  |
+-------------+-------+-------+--------+-----------+--------+
2026/08/04 16:50:32 - mmengine - INFO - Epoch(val) [11][27/27]    aAcc: 87.9300  mIoU: 69.7600  mAcc: 80.8300  mFscore: 81.1200  mPrecision: 81.8300  mRecall: 80.8300  data_time: 0.0323  time: 0.2715
2026/08/04 16:50:32 - mmengine - INFO - The previous best checkpoint /mnt/htzzb2/EO_test/wj1/qh2_work_dirs/ningbo2m_new_dinov3_m2f_tune18_50e_512x512/best_mIoU_epoch_10.pth is removed
2026/08/04 16:50:37 - mmengine - INFO - The best checkpoint with 69.7600 mIoU at 11 epoch is saved to best_mIoU_epoch_11.pth.
2026/08/04 16:51:41 - mmengine - INFO - Epoch(train) [12][ 50/102]  base_lr: 6.0179e-04 lr: 6.0179e-05  eta: 1:07:24  time: 1.0190  data_time: 0.0147  memory: 29448  grad_norm: 49.6558  loss: 26.9419  decode.loss_cls: 0.3280  decode.loss_mask: 0.9363  decode.loss_dice: 1.4043  decode.d0.loss_cls: 0.4491  decode.d0.loss_mask: 0.9398  decode.d0.loss_dice: 1.4505  decode.d1.loss_cls: 0.3555  decode.d1.loss_mask: 0.9248  decode.d1.loss_dice: 1.4280  decode.d2.loss_cls: 0.3462  decode.d2.loss_mask: 0.9412  decode.d2.loss_dice: 1.4040  decode.d3.loss_cls: 0.3137  decode.d3.loss_mask: 0.9520  decode.d3.loss_dice: 1.4186  decode.d4.loss_cls: 0.3004  decode.d4.loss_mask: 0.9453  decode.d4.loss_dice: 1.3967  decode.d5.loss_cls: 0.3257  decode.d5.loss_mask: 0.9415  decode.d5.loss_dice: 1.4082  decode.d6.loss_cls: 0.3069  decode.d6.loss_mask: 0.9541  decode.d6.loss_dice: 1.3996  decode.d7.loss_cls: 0.3318  decode.d7.loss_mask: 0.9368  decode.d7.loss_dice: 1.4009  decode.d8.loss_cls: 0.3406  decode.d8.loss_mask: 0.9396  decode.d8.loss_dice: 1.4218
2026/08/04 16:52:32 - mmengine - INFO - Epoch(train) [12][100/102]  base_lr: 6.1949e-04 lr: 6.1949e-05  eta: 1:06:29  time: 1.0080  data_time: 0.0142  memory: 29419  grad_norm: 48.2065  loss: 24.6577  decode.loss_cls: 0.3235  decode.loss_mask: 0.8472  decode.loss_dice: 1.2797  decode.d0.loss_cls: 0.4281  decode.d0.loss_mask: 0.8616  decode.d0.loss_dice: 1.3229  decode.d1.loss_cls: 0.3152  decode.d1.loss_mask: 0.8530  decode.d1.loss_dice: 1.2955  decode.d2.loss_cls: 0.2897  decode.d2.loss_mask: 0.8573  decode.d2.loss_dice: 1.2774  decode.d3.loss_cls: 0.3286  decode.d3.loss_mask: 0.8582  decode.d3.loss_dice: 1.2830  decode.d4.loss_cls: 0.3385  decode.d4.loss_mask: 0.8500  decode.d4.loss_dice: 1.2729  decode.d5.loss_cls: 0.3531  decode.d5.loss_mask: 0.8499  decode.d5.loss_dice: 1.2766  decode.d6.loss_cls: 0.3129  decode.d6.loss_mask: 0.8482  decode.d6.loss_dice: 1.2735  decode.d7.loss_cls: 0.3159  decode.d7.loss_mask: 0.8491  decode.d7.loss_dice: 1.2579  decode.d8.loss_cls: 0.3228  decode.d8.loss_mask: 0.8440  decode.d8.loss_dice: 1.2714
2026/08/04 16:52:34 - mmengine - INFO - Exp name: ningbo2m_new_dinov3_m2f_tune18_50e_512x512_20260804_162413
2026/08/04 16:52:34 - mmengine - INFO - Saving checkpoint at 12 epochs
2026/08/04 16:52:55 - mmengine - INFO - per class results:
2026/08/04 16:52:55 - mmengine - INFO - 
+-------------+-------+-------+--------+-----------+--------+
|    Class    |  IoU  |  Acc  | Fscore | Precision | Recall |
+-------------+-------+-------+--------+-----------+--------+
|  background | 47.05 | 53.93 | 63.99  |   78.67   | 53.93  |
|  grassland  | 51.01 | 71.55 | 67.56  |   63.99   | 71.55  |
|   bareland  | 58.75 | 73.81 | 74.02  |   74.22   | 73.81  |
|     road    | 72.08 | 82.44 | 83.78  |   85.15   | 82.44  |
|    forest   | 85.99 | 91.94 | 92.46  |   92.99   | 91.94  |
|    river    | 81.14 |  89.6 | 89.59  |   89.58   |  89.6  |
|   cropland  | 83.23 | 90.37 | 90.85  |   91.33   | 90.37  |
| residential | 82.12 | 91.11 | 90.19  |   89.28   | 91.11  |
+-------------+-------+-------+--------+-----------+--------+
2026/08/04 16:52:55 - mmengine - INFO - Epoch(val) [12][27/27]    aAcc: 87.3900  mIoU: 70.1700  mAcc: 80.5900  mFscore: 81.5500  mPrecision: 83.1500  mRecall: 80.5900  data_time: 0.0293  time: 0.2681
2026/08/04 16:52:55 - mmengine - INFO - The previous best checkpoint /mnt/htzzb2/EO_test/wj1/qh2_work_dirs/ningbo2m_new_dinov3_m2f_tune18_50e_512x512/best_mIoU_epoch_11.pth is removed
2026/08/04 16:53:00 - mmengine - INFO - The best checkpoint with 70.1700 mIoU at 12 epoch is saved to best_mIoU_epoch_12.pth.
2026/08/04 16:54:06 - mmengine - INFO - Epoch(train) [13][ 50/102]  base_lr: 6.3722e-04 lr: 6.3722e-05  eta: 1:05:36  time: 1.0015  data_time: 0.0143  memory: 29438  grad_norm: 51.4649  loss: 25.3211  decode.loss_cls: 0.2496  decode.loss_mask: 0.8953  decode.loss_dice: 1.3644  decode.d0.loss_cls: 0.3974  decode.d0.loss_mask: 0.9087  decode.d0.loss_dice: 1.3904  decode.d1.loss_cls: 0.2727  decode.d1.loss_mask: 0.8695  decode.d1.loss_dice: 1.3647  decode.d2.loss_cls: 0.2656  decode.d2.loss_mask: 0.8904  decode.d2.loss_dice: 1.3588  decode.d3.loss_cls: 0.2377  decode.d3.loss_mask: 0.9092  decode.d3.loss_dice: 1.3383  decode.d4.loss_cls: 0.2637  decode.d4.loss_mask: 0.9020  decode.d4.loss_dice: 1.3438  decode.d5.loss_cls: 0.2663  decode.d5.loss_mask: 0.9057  decode.d5.loss_dice: 1.3456  decode.d6.loss_cls: 0.3053  decode.d6.loss_mask: 0.8971  decode.d6.loss_dice: 1.3427  decode.d7.loss_cls: 0.2758  decode.d7.loss_mask: 0.8944  decode.d7.loss_dice: 1.3556  decode.d8.loss_cls: 0.2709  decode.d8.loss_mask: 0.8832  decode.d8.loss_dice: 1.3563
2026/08/04 16:54:56 - mmengine - INFO - Epoch(train) [13][100/102]  base_lr: 6.5359e-04 lr: 6.5359e-05  eta: 1:04:42  time: 1.0066  data_time: 0.0150  memory: 29436  grad_norm: 49.8561  loss: 23.7023  decode.loss_cls: 0.3181  decode.loss_mask: 0.8522  decode.loss_dice: 1.1645  decode.d0.loss_cls: 0.4862  decode.d0.loss_mask: 0.8497  decode.d0.loss_dice: 1.2260  decode.d1.loss_cls: 0.3170  decode.d1.loss_mask: 0.8452  decode.d1.loss_dice: 1.1920  decode.d2.loss_cls: 0.3372  decode.d2.loss_mask: 0.8359  decode.d2.loss_dice: 1.1812  decode.d3.loss_cls: 0.3181  decode.d3.loss_mask: 0.8466  decode.d3.loss_dice: 1.1669  decode.d4.loss_cls: 0.3164  decode.d4.loss_mask: 0.8453  decode.d4.loss_dice: 1.1743  decode.d5.loss_cls: 0.3580  decode.d5.loss_mask: 0.8440  decode.d5.loss_dice: 1.1747  decode.d6.loss_cls: 0.3085  decode.d6.loss_mask: 0.8595  decode.d6.loss_dice: 1.1780  decode.d7.loss_cls: 0.3137  decode.d7.loss_mask: 0.8554  decode.d7.loss_dice: 1.1824  decode.d8.loss_cls: 0.3315  decode.d8.loss_mask: 0.8568  decode.d8.loss_dice: 1.1669
2026/08/04 16:54:58 - mmengine - INFO - Exp name: ningbo2m_new_dinov3_m2f_tune18_50e_512x512_20260804_162413
2026/08/04 16:54:58 - mmengine - INFO - Saving checkpoint at 13 epochs
2026/08/04 16:55:20 - mmengine - INFO - per class results:
2026/08/04 16:55:20 - mmengine - INFO - 
+-------------+-------+-------+--------+-----------+--------+
|    Class    |  IoU  |  Acc  | Fscore | Precision | Recall |
+-------------+-------+-------+--------+-----------+--------+
|  background | 46.83 | 58.14 | 63.79  |   70.67   | 58.14  |
|  grassland  | 50.29 | 69.89 | 66.93  |    64.2   | 69.89  |
|   bareland  | 57.64 | 73.45 | 73.13  |    72.8   | 73.45  |
|     road    | 71.28 | 85.03 | 83.23  |   81.51   | 85.03  |
|    forest   | 84.76 | 89.06 | 91.75  |   94.61   | 89.06  |
|    river    | 78.95 | 93.63 | 88.24  |   83.44   | 93.63  |
|   cropland  | 83.55 | 92.08 | 91.04  |   90.03   | 92.08  |
| residential | 80.95 | 87.38 | 89.47  |   91.67   | 87.38  |
+-------------+-------+-------+--------+-----------+--------+
2026/08/04 16:55:20 - mmengine - INFO - Epoch(val) [13][27/27]    aAcc: 86.7300  mIoU: 69.2800  mAcc: 81.0800  mFscore: 80.9500  mPrecision: 81.1200  mRecall: 81.0800  data_time: 0.0297  time: 0.2684
2026/08/04 16:56:11 - mmengine - INFO - Epoch(train) [14][ 50/102]  base_lr: 6.6992e-04 lr: 6.6992e-05  eta: 1:03:48  time: 1.0046  data_time: 0.0154  memory: 29427  grad_norm: 48.8725  loss: 28.2460  decode.loss_cls: 0.3710  decode.loss_mask: 0.9850  decode.loss_dice: 1.4690  decode.d0.loss_cls: 0.4258  decode.d0.loss_mask: 1.0009  decode.d0.loss_dice: 1.5061  decode.d1.loss_cls: 0.3444  decode.d1.loss_mask: 0.9875  decode.d1.loss_dice: 1.4714  decode.d2.loss_cls: 0.3241  decode.d2.loss_mask: 0.9854  decode.d2.loss_dice: 1.4631  decode.d3.loss_cls: 0.3411  decode.d3.loss_mask: 0.9931  decode.d3.loss_dice: 1.4837  decode.d4.loss_cls: 0.3671  decode.d4.loss_mask: 0.9866  decode.d4.loss_dice: 1.4634  decode.d5.loss_cls: 0.3729  decode.d5.loss_mask: 0.9957  decode.d5.loss_dice: 1.4662  decode.d6.loss_cls: 0.3534  decode.d6.loss_mask: 0.9940  decode.d6.loss_dice: 1.4709  decode.d7.loss_cls: 0.3445  decode.d7.loss_mask: 0.9949  decode.d7.loss_dice: 1.4867  decode.d8.loss_cls: 0.3174  decode.d8.loss_mask: 0.9913  decode.d8.loss_dice: 1.4892
2026/08/04 16:57:02 - mmengine - INFO - Epoch(train) [14][100/102]  base_lr: 6.8496e-04 lr: 6.8496e-05  eta: 1:02:54  time: 1.0059  data_time: 0.0153  memory: 29426  grad_norm: 51.0476  loss: 26.1875  decode.loss_cls: 0.3648  decode.loss_mask: 0.9298  decode.loss_dice: 1.3152  decode.d0.loss_cls: 0.4989  decode.d0.loss_mask: 0.9420  decode.d0.loss_dice: 1.3511  decode.d1.loss_cls: 0.3696  decode.d1.loss_mask: 0.9418  decode.d1.loss_dice: 1.3222  decode.d2.loss_cls: 0.3516  decode.d2.loss_mask: 0.9275  decode.d2.loss_dice: 1.2917  decode.d3.loss_cls: 0.3407  decode.d3.loss_mask: 0.9433  decode.d3.loss_dice: 1.3079  decode.d4.loss_cls: 0.3456  decode.d4.loss_mask: 0.9325  decode.d4.loss_dice: 1.3086  decode.d5.loss_cls: 0.3681  decode.d5.loss_mask: 0.9324  decode.d5.loss_dice: 1.3012  decode.d6.loss_cls: 0.3908  decode.d6.loss_mask: 0.9346  decode.d6.loss_dice: 1.3044  decode.d7.loss_cls: 0.3699  decode.d7.loss_mask: 0.9346  decode.d7.loss_dice: 1.2810  decode.d8.loss_cls: 0.3602  decode.d8.loss_mask: 0.9213  decode.d8.loss_dice: 1.3040
2026/08/04 16:57:04 - mmengine - INFO - Exp name: ningbo2m_new_dinov3_m2f_tune18_50e_512x512_20260804_162413
2026/08/04 16:57:04 - mmengine - INFO - Saving checkpoint at 14 epochs
2026/08/04 16:57:27 - mmengine - INFO - per class results:
2026/08/04 16:57:27 - mmengine - INFO - 
+-------------+-------+-------+--------+-----------+--------+
|    Class    |  IoU  |  Acc  | Fscore | Precision | Recall |
+-------------+-------+-------+--------+-----------+--------+
|  background | 48.23 | 61.79 | 65.08  |   68.73   | 61.79  |
|  grassland  | 48.47 | 56.34 | 65.29  |   77.63   | 56.34  |
|   bareland  | 57.98 | 73.92 |  73.4  |   72.89   | 73.92  |
|     road    | 71.52 | 81.79 |  83.4  |   85.07   | 81.79  |
|    forest   | 87.91 | 96.79 | 93.57  |   90.55   | 96.79  |
|    river    | 81.24 | 89.03 | 89.65  |   90.28   | 89.03  |
|   cropland  | 83.33 | 93.74 | 90.91  |   88.23   | 93.74  |
| residential | 80.29 | 85.31 | 89.07  |   93.17   | 85.31  |
+-------------+-------+-------+--------+-----------+--------+
2026/08/04 16:57:27 - mmengine - INFO - Epoch(val) [14][27/27]    aAcc: 87.8900  mIoU: 69.8700  mAcc: 79.8400  mFscore: 81.2900  mPrecision: 83.3200  mRecall: 79.8400  data_time: 0.0294  time: 0.2676
2026/08/04 16:58:18 - mmengine - INFO - Epoch(train) [15][ 50/102]  base_lr: 6.9991e-04 lr: 6.9991e-05  eta: 1:02:00  time: 1.0101  data_time: 0.0160  memory: 29436  grad_norm: 51.4497  loss: 22.6628  decode.loss_cls: 0.3374  decode.loss_mask: 0.7896  decode.loss_dice: 1.1205  decode.d0.loss_cls: 0.5175  decode.d0.loss_mask: 0.7979  decode.d0.loss_dice: 1.1580  decode.d1.loss_cls: 0.3433  decode.d1.loss_mask: 0.7864  decode.d1.loss_dice: 1.1094  decode.d2.loss_cls: 0.3712  decode.d2.loss_mask: 0.7864  decode.d2.loss_dice: 1.1058  decode.d3.loss_cls: 0.3680  decode.d3.loss_mask: 0.7806  decode.d3.loss_dice: 1.0949  decode.d4.loss_cls: 0.3701  decode.d4.loss_mask: 0.7858  decode.d4.loss_dice: 1.0911  decode.d5.loss_cls: 0.3820  decode.d5.loss_mask: 0.7836  decode.d5.loss_dice: 1.1030  decode.d6.loss_cls: 0.3416  decode.d6.loss_mask: 0.7903  decode.d6.loss_dice: 1.1004  decode.d7.loss_cls: 0.3421  decode.d7.loss_mask: 0.7887  decode.d7.loss_dice: 1.0891  decode.d8.loss_cls: 0.3410  decode.d8.loss_mask: 0.7851  decode.d8.loss_dice: 1.1022
2026/08/04 16:59:08 - mmengine - INFO - Epoch(train) [15][100/102]  base_lr: 7.0053e-04 lr: 7.0053e-05  eta: 1:01:06  time: 1.0085  data_time: 0.0141  memory: 29449  grad_norm: 49.8174  loss: 26.0847  decode.loss_cls: 0.3318  decode.loss_mask: 0.8667  decode.loss_dice: 1.3992  decode.d0.loss_cls: 0.4376  decode.d0.loss_mask: 0.8731  decode.d0.loss_dice: 1.4520  decode.d1.loss_cls: 0.3662  decode.d1.loss_mask: 0.8639  decode.d1.loss_dice: 1.3964  decode.d2.loss_cls: 0.3128  decode.d2.loss_mask: 0.8636  decode.d2.loss_dice: 1.3957  decode.d3.loss_cls: 0.3347  decode.d3.loss_mask: 0.8620  decode.d3.loss_dice: 1.3887  decode.d4.loss_cls: 0.3401  decode.d4.loss_mask: 0.8699  decode.d4.loss_dice: 1.3840  decode.d5.loss_cls: 0.3347  decode.d5.loss_mask: 0.8636  decode.d5.loss_dice: 1.3869  decode.d6.loss_cls: 0.3502  decode.d6.loss_mask: 0.8649  decode.d6.loss_dice: 1.3731  decode.d7.loss_cls: 0.3566  decode.d7.loss_mask: 0.8676  decode.d7.loss_dice: 1.3743  decode.d8.loss_cls: 0.3061  decode.d8.loss_mask: 0.8689  decode.d8.loss_dice: 1.3993
2026/08/04 16:59:10 - mmengine - INFO - Exp name: ningbo2m_new_dinov3_m2f_tune18_50e_512x512_20260804_162413
2026/08/04 16:59:10 - mmengine - INFO - Saving checkpoint at 15 epochs
2026/08/04 16:59:33 - mmengine - INFO - per class results:
2026/08/04 16:59:33 - mmengine - INFO - 
+-------------+-------+-------+--------+-----------+--------+
|    Class    |  IoU  |  Acc  | Fscore | Precision | Recall |
+-------------+-------+-------+--------+-----------+--------+
|  background | 48.37 | 64.16 |  65.2  |   66.27   | 64.16  |
|  grassland  | 53.58 | 72.22 | 69.77  |   67.48   | 72.22  |
|   bareland  | 58.42 | 72.21 | 73.76  |   75.37   | 72.21  |
|     road    | 72.29 | 86.07 | 83.91  |   81.87   | 86.07  |
|    forest   |  86.4 |  92.1 | 92.71  |   93.32   |  92.1  |
|    river    | 80.56 | 91.83 | 89.23  |   86.78   | 91.83  |
|   cropland  | 83.39 | 89.29 | 90.94  |   92.66   | 89.29  |
| residential | 81.43 | 89.62 | 89.77  |   89.91   | 89.62  |
+-------------+-------+-------+--------+-----------+--------+
2026/08/04 16:59:33 - mmengine - INFO - Epoch(val) [15][27/27]    aAcc: 87.6000  mIoU: 70.5600  mAcc: 82.1900  mFscore: 81.9100  mPrecision: 81.7100  mRecall: 82.1900  data_time: 0.0331  time: 0.2732
2026/08/04 16:59:33 - mmengine - INFO - The previous best checkpoint /mnt/htzzb2/EO_test/wj1/qh2_work_dirs/ningbo2m_new_dinov3_m2f_tune18_50e_512x512/best_mIoU_epoch_12.pth is removed
2026/08/04 16:59:37 - mmengine - INFO - The best checkpoint with 70.5600 mIoU at 15 epoch is saved to best_mIoU_epoch_15.pth.
2026/08/04 17:00:43 - mmengine - INFO - Epoch(train) [16][ 50/102]  base_lr: 6.9033e-04 lr: 6.9033e-05  eta: 1:00:12  time: 1.0016  data_time: 0.0134  memory: 29420  grad_norm: 55.1508  loss: 24.4841  decode.loss_cls: 0.3078  decode.loss_mask: 0.8605  decode.loss_dice: 1.2571  decode.d0.loss_cls: 0.3985  decode.d0.loss_mask: 0.8694  decode.d0.loss_dice: 1.3164  decode.d1.loss_cls: 0.3201  decode.d1.loss_mask: 0.8604  decode.d1.loss_dice: 1.2788  decode.d2.loss_cls: 0.3573  decode.d2.loss_mask: 0.8461  decode.d2.loss_dice: 1.2485  decode.d3.loss_cls: 0.2700  decode.d3.loss_mask: 0.8604  decode.d3.loss_dice: 1.2569  decode.d4.loss_cls: 0.2813  decode.d4.loss_mask: 0.8665  decode.d4.loss_dice: 1.2678  decode.d5.loss_cls: 0.3167  decode.d5.loss_mask: 0.8654  decode.d5.loss_dice: 1.2551  decode.d6.loss_cls: 0.3417  decode.d6.loss_mask: 0.8623  decode.d6.loss_dice: 1.2537  decode.d7.loss_cls: 0.2983  decode.d7.loss_mask: 0.8652  decode.d7.loss_dice: 1.2791  decode.d8.loss_cls: 0.2998  decode.d8.loss_mask: 0.8652  decode.d8.loss_dice: 1.2575
2026/08/04 17:01:34 - mmengine - INFO - Epoch(train) [16][100/102]  base_lr: 6.8053e-04 lr: 6.8053e-05  eta: 0:59:20  time: 1.0289  data_time: 0.0140  memory: 29436  grad_norm: 48.0651  loss: 25.4853  decode.loss_cls: 0.3579  decode.loss_mask: 0.9017  decode.loss_dice: 1.2612  decode.d0.loss_cls: 0.5069  decode.d0.loss_mask: 0.8913  decode.d0.loss_dice: 1.3159  decode.d1.loss_cls: 0.4025  decode.d1.loss_mask: 0.8974  decode.d1.loss_dice: 1.2633  decode.d2.loss_cls: 0.3850  decode.d2.loss_mask: 0.8948  decode.d2.loss_dice: 1.2612  decode.d3.loss_cls: 0.3773  decode.d3.loss_mask: 0.8981  decode.d3.loss_dice: 1.2540  decode.d4.loss_cls: 0.3607  decode.d4.loss_mask: 0.8858  decode.d4.loss_dice: 1.2653  decode.d5.loss_cls: 0.3718  decode.d5.loss_mask: 0.8996  decode.d5.loss_dice: 1.2633  decode.d6.loss_cls: 0.3558  decode.d6.loss_mask: 0.9003  decode.d6.loss_dice: 1.2622  decode.d7.loss_cls: 0.3668  decode.d7.loss_mask: 0.8864  decode.d7.loss_dice: 1.2641  decode.d8.loss_cls: 0.3925  decode.d8.loss_mask: 0.8950  decode.d8.loss_dice: 1.2471
2026/08/04 17:01:36 - mmengine - INFO - Exp name: ningbo2m_new_dinov3_m2f_tune18_50e_512x512_20260804_162413
2026/08/04 17:01:36 - mmengine - INFO - Saving checkpoint at 16 epochs
2026/08/04 17:01:59 - mmengine - INFO - per class results:
2026/08/04 17:01:59 - mmengine - INFO - 
+-------------+-------+-------+--------+-----------+--------+
|    Class    |  IoU  |  Acc  | Fscore | Precision | Recall |
+-------------+-------+-------+--------+-----------+--------+
|  background | 49.88 | 66.37 | 66.56  |   66.75   | 66.37  |
|  grassland  | 51.49 | 72.69 | 67.98  |   63.84   | 72.69  |
|   bareland  | 59.08 | 77.12 | 74.28  |   71.63   | 77.12  |
|     road    | 71.93 | 84.84 | 83.67  |   82.54   | 84.84  |
|    forest   | 86.54 |  91.7 | 92.79  |    93.9   |  91.7  |
|    river    | 81.95 | 89.14 | 90.08  |   91.04   | 89.14  |
|   cropland  | 82.51 | 87.86 | 90.41  |   93.13   | 87.86  |
| residential | 81.21 | 91.47 | 89.63  |   87.87   | 91.47  |
+-------------+-------+-------+--------+-----------+--------+
2026/08/04 17:01:59 - mmengine - INFO - Epoch(val) [16][27/27]    aAcc: 87.3800  mIoU: 70.5700  mAcc: 82.6500  mFscore: 81.9200  mPrecision: 81.3400  mRecall: 82.6500  data_time: 0.0299  time: 0.2693
2026/08/04 17:01:59 - mmengine - INFO - The previous best checkpoint /mnt/htzzb2/EO_test/wj1/qh2_work_dirs/ningbo2m_new_dinov3_m2f_tune18_50e_512x512/best_mIoU_epoch_15.pth is removed
2026/08/04 17:02:04 - mmengine - INFO - The best checkpoint with 70.5700 mIoU at 16 epoch is saved to best_mIoU_epoch_16.pth.
2026/08/04 17:03:08 - mmengine - INFO - Epoch(train) [17][ 50/102]  base_lr: 6.7033e-04 lr: 6.7033e-05  eta: 0:58:27  time: 1.0050  data_time: 0.0138  memory: 29421  grad_norm: 49.0503  loss: 22.7481  decode.loss_cls: 0.2315  decode.loss_mask: 0.8211  decode.loss_dice: 1.1979  decode.d0.loss_cls: 0.3528  decode.d0.loss_mask: 0.8326  decode.d0.loss_dice: 1.2153  decode.d1.loss_cls: 0.2421  decode.d1.loss_mask: 0.8268  decode.d1.loss_dice: 1.2080  decode.d2.loss_cls: 0.2415  decode.d2.loss_mask: 0.8269  decode.d2.loss_dice: 1.2177  decode.d3.loss_cls: 0.1967  decode.d3.loss_mask: 0.8339  decode.d3.loss_dice: 1.2081  decode.d4.loss_cls: 0.2253  decode.d4.loss_mask: 0.8282  decode.d4.loss_dice: 1.2103  decode.d5.loss_cls: 0.2304  decode.d5.loss_mask: 0.8297  decode.d5.loss_dice: 1.2079  decode.d6.loss_cls: 0.2355  decode.d6.loss_mask: 0.8341  decode.d6.loss_dice: 1.1937  decode.d7.loss_cls: 0.2191  decode.d7.loss_mask: 0.8353  decode.d7.loss_dice: 1.2070  decode.d8.loss_cls: 0.2200  decode.d8.loss_mask: 0.8263  decode.d8.loss_dice: 1.1924
2026/08/04 17:03:59 - mmengine - INFO - Epoch(train) [17][100/102]  base_lr: 6.6052e-04 lr: 6.6052e-05  eta: 0:57:34  time: 1.0041  data_time: 0.0133  memory: 29479  grad_norm: 47.8724  loss: 26.4840  decode.loss_cls: 0.3586  decode.loss_mask: 0.9664  decode.loss_dice: 1.2953  decode.d0.loss_cls: 0.4808  decode.d0.loss_mask: 1.0068  decode.d0.loss_dice: 1.3592  decode.d1.loss_cls: 0.3789  decode.d1.loss_mask: 0.9747  decode.d1.loss_dice: 1.3102  decode.d2.loss_cls: 0.3483  decode.d2.loss_mask: 0.9765  decode.d2.loss_dice: 1.3041  decode.d3.loss_cls: 0.3391  decode.d3.loss_mask: 0.9806  decode.d3.loss_dice: 1.2999  decode.d4.loss_cls: 0.3369  decode.d4.loss_mask: 0.9686  decode.d4.loss_dice: 1.3136  decode.d5.loss_cls: 0.3219  decode.d5.loss_mask: 0.9855  decode.d5.loss_dice: 1.3038  decode.d6.loss_cls: 0.3496  decode.d6.loss_mask: 0.9710  decode.d6.loss_dice: 1.3183  decode.d7.loss_cls: 0.3408  decode.d7.loss_mask: 0.9763  decode.d7.loss_dice: 1.3070  decode.d8.loss_cls: 0.3408  decode.d8.loss_mask: 0.9643  decode.d8.loss_dice: 1.3064
2026/08/04 17:04:01 - mmengine - INFO - Exp name: ningbo2m_new_dinov3_m2f_tune18_50e_512x512_20260804_162413
2026/08/04 17:04:01 - mmengine - INFO - Saving checkpoint at 17 epochs
2026/08/04 17:04:23 - mmengine - INFO - per class results:
2026/08/04 17:04:23 - mmengine - INFO - 
+-------------+-------+-------+--------+-----------+--------+
|    Class    |  IoU  |  Acc  | Fscore | Precision | Recall |
+-------------+-------+-------+--------+-----------+--------+
|  background | 49.56 | 60.48 | 66.27  |   73.28   | 60.48  |
|  grassland  | 51.73 | 62.63 | 68.19  |   74.83   | 62.63  |
|   bareland  | 57.96 | 80.72 | 73.39  |   67.27   | 80.72  |
|     road    |  71.2 | 79.37 | 83.18  |   87.38   | 79.37  |
|    forest   | 82.07 | 86.09 | 90.15  |   94.62   | 86.09  |
|    river    |  67.2 |  95.7 | 80.38  |   69.29   |  95.7  |
|   cropland  | 83.99 | 90.66 |  91.3  |   91.94   | 90.66  |
| residential |  80.2 | 86.67 | 89.01  |   91.48   | 86.67  |
+-------------+-------+-------+--------+-----------+--------+
2026/08/04 17:04:23 - mmengine - INFO - Epoch(val) [17][27/27]    aAcc: 85.2300  mIoU: 67.9900  mAcc: 80.2900  mFscore: 80.2300  mPrecision: 81.2600  mRecall: 80.2900  data_time: 0.0296  time: 0.2682
2026/08/04 17:05:14 - mmengine - INFO - Epoch(train) [18][ 50/102]  base_lr: 6.5032e-04 lr: 6.5032e-05  eta: 0:56:40  time: 1.0289  data_time: 0.0129  memory: 29456  grad_norm: 42.1208  loss: 23.6853  decode.loss_cls: 0.2462  decode.loss_mask: 0.9034  decode.loss_dice: 1.2097  decode.d0.loss_cls: 0.3806  decode.d0.loss_mask: 0.9132  decode.d0.loss_dice: 1.2426  decode.d1.loss_cls: 0.2453  decode.d1.loss_mask: 0.8972  decode.d1.loss_dice: 1.2066  decode.d2.loss_cls: 0.2345  decode.d2.loss_mask: 0.9000  decode.d2.loss_dice: 1.2056  decode.d3.loss_cls: 0.2251  decode.d3.loss_mask: 0.8996  decode.d3.loss_dice: 1.2143  decode.d4.loss_cls: 0.2219  decode.d4.loss_mask: 0.9002  decode.d4.loss_dice: 1.2205  decode.d5.loss_cls: 0.2359  decode.d5.loss_mask: 0.9063  decode.d5.loss_dice: 1.2184  decode.d6.loss_cls: 0.2166  decode.d6.loss_mask: 0.9064  decode.d6.loss_dice: 1.2176  decode.d7.loss_cls: 0.2366  decode.d7.loss_mask: 0.9116  decode.d7.loss_dice: 1.2157  decode.d8.loss_cls: 0.2379  decode.d8.loss_mask: 0.9009  decode.d8.loss_dice: 1.2148
2026/08/04 17:06:05 - mmengine - INFO - Epoch(train) [18][100/102]  base_lr: 6.4052e-04 lr: 6.4052e-05  eta: 0:55:47  time: 1.0065  data_time: 0.0131  memory: 29426  grad_norm: 51.0273  loss: 21.6854  decode.loss_cls: 0.2033  decode.loss_mask: 0.7784  decode.loss_dice: 1.1714  decode.d0.loss_cls: 0.3539  decode.d0.loss_mask: 0.7878  decode.d0.loss_dice: 1.2071  decode.d1.loss_cls: 0.2486  decode.d1.loss_mask: 0.7713  decode.d1.loss_dice: 1.1552  decode.d2.loss_cls: 0.2066  decode.d2.loss_mask: 0.7791  decode.d2.loss_dice: 1.1452  decode.d3.loss_cls: 0.2098  decode.d3.loss_mask: 0.7658  decode.d3.loss_dice: 1.1518  decode.d4.loss_cls: 0.2099  decode.d4.loss_mask: 0.7619  decode.d4.loss_dice: 1.1467  decode.d5.loss_cls: 0.2044  decode.d5.loss_mask: 0.7594  decode.d5.loss_dice: 1.1572  decode.d6.loss_cls: 0.2580  decode.d6.loss_mask: 0.7587  decode.d6.loss_dice: 1.1436  decode.d7.loss_cls: 0.2251  decode.d7.loss_mask: 0.7647  decode.d7.loss_dice: 1.1724  decode.d8.loss_cls: 0.2574  decode.d8.loss_mask: 0.7727  decode.d8.loss_dice: 1.1579
2026/08/04 17:06:07 - mmengine - INFO - Exp name: ningbo2m_new_dinov3_m2f_tune18_50e_512x512_20260804_162413
2026/08/04 17:06:07 - mmengine - INFO - Saving checkpoint at 18 epochs
2026/08/04 17:06:29 - mmengine - INFO - per class results:
2026/08/04 17:06:29 - mmengine - INFO - 
+-------------+-------+-------+--------+-----------+--------+
|    Class    |  IoU  |  Acc  | Fscore | Precision | Recall |
+-------------+-------+-------+--------+-----------+--------+
|  background | 49.45 | 59.21 | 66.18  |    75.0   | 59.21  |
|  grassland  | 53.61 |  68.1 |  69.8  |    71.6   |  68.1  |
|   bareland  | 58.47 | 74.87 | 73.79  |   72.74   | 74.87  |
|     road    | 72.32 | 85.83 | 83.94  |   82.13   | 85.83  |
|    forest   | 88.25 | 94.28 | 93.76  |   93.24   | 94.28  |
|    river    | 82.18 | 91.12 | 90.22  |   89.33   | 91.12  |
|   cropland  | 83.92 | 90.07 | 91.26  |   92.48   | 90.07  |
| residential | 81.95 | 91.34 | 90.08  |   88.84   | 91.34  |
+-------------+-------+-------+--------+-----------+--------+
2026/08/04 17:06:29 - mmengine - INFO - Epoch(val) [18][27/27]    aAcc: 88.3700  mIoU: 71.2700  mAcc: 81.8500  mFscore: 82.3800  mPrecision: 83.1700  mRecall: 81.8500  data_time: 0.0325  time: 0.2721
2026/08/04 17:06:29 - mmengine - INFO - The previous best checkpoint /mnt/htzzb2/EO_test/wj1/qh2_work_dirs/ningbo2m_new_dinov3_m2f_tune18_50e_512x512/best_mIoU_epoch_16.pth is removed
2026/08/04 17:06:34 - mmengine - INFO - The best checkpoint with 71.2700 mIoU at 18 epoch is saved to best_mIoU_epoch_18.pth.
2026/08/04 17:07:38 - mmengine - INFO - Epoch(train) [19][ 50/102]  base_lr: 6.3032e-04 lr: 6.3032e-05  eta: 0:54:53  time: 1.0051  data_time: 0.0134  memory: 29419  grad_norm: 49.0167  loss: 21.7453  decode.loss_cls: 0.1735  decode.loss_mask: 0.8369  decode.loss_dice: 1.1383  decode.d0.loss_cls: 0.3016  decode.d0.loss_mask: 0.8550  decode.d0.loss_dice: 1.1556  decode.d1.loss_cls: 0.1733  decode.d1.loss_mask: 0.8339  decode.d1.loss_dice: 1.1487  decode.d2.loss_cls: 0.1749  decode.d2.loss_mask: 0.8316  decode.d2.loss_dice: 1.1407  decode.d3.loss_cls: 0.1819  decode.d3.loss_mask: 0.8360  decode.d3.loss_dice: 1.1416  decode.d4.loss_cls: 0.1815  decode.d4.loss_mask: 0.8335  decode.d4.loss_dice: 1.1428  decode.d5.loss_cls: 0.1532  decode.d5.loss_mask: 0.8448  decode.d5.loss_dice: 1.1340  decode.d6.loss_cls: 0.2004  decode.d6.loss_mask: 0.8419  decode.d6.loss_dice: 1.1346  decode.d7.loss_cls: 0.2134  decode.d7.loss_mask: 0.8370  decode.d7.loss_dice: 1.1374  decode.d8.loss_cls: 0.1858  decode.d8.loss_mask: 0.8425  decode.d8.loss_dice: 1.1390
2026/08/04 17:08:29 - mmengine - INFO - Epoch(train) [19][100/102]  base_lr: 6.2051e-04 lr: 6.2051e-05  eta: 0:54:01  time: 1.0038  data_time: 0.0136  memory: 29455  grad_norm: 46.7449  loss: 20.1677  decode.loss_cls: 0.2036  decode.loss_mask: 0.7731  decode.loss_dice: 1.0295  decode.d0.loss_cls: 0.4056  decode.d0.loss_mask: 0.7795  decode.d0.loss_dice: 1.0351  decode.d1.loss_cls: 0.2341  decode.d1.loss_mask: 0.7748  decode.d1.loss_dice: 1.0271  decode.d2.loss_cls: 0.1859  decode.d2.loss_mask: 0.7760  decode.d2.loss_dice: 1.0054  decode.d3.loss_cls: 0.1894  decode.d3.loss_mask: 0.7744  decode.d3.loss_dice: 1.0057  decode.d4.loss_cls: 0.2080  decode.d4.loss_mask: 0.7647  decode.d4.loss_dice: 1.0149  decode.d5.loss_cls: 0.2034  decode.d5.loss_mask: 0.7572  decode.d5.loss_dice: 1.0217  decode.d6.loss_cls: 0.2182  decode.d6.loss_mask: 0.7615  decode.d6.loss_dice: 1.0147  decode.d7.loss_cls: 0.2261  decode.d7.loss_mask: 0.7536  decode.d7.loss_dice: 1.0282  decode.d8.loss_cls: 0.2025  decode.d8.loss_mask: 0.7647  decode.d8.loss_dice: 1.0291
2026/08/04 17:08:31 - mmengine - INFO - Exp name: ningbo2m_new_dinov3_m2f_tune18_50e_512x512_20260804_162413
2026/08/04 17:08:31 - mmengine - INFO - Saving checkpoint at 19 epochs
2026/08/04 17:08:54 - mmengine - INFO - per class results:
2026/08/04 17:08:54 - mmengine - INFO - 
+-------------+-------+-------+--------+-----------+--------+
|    Class    |  IoU  |  Acc  | Fscore | Precision | Recall |
+-------------+-------+-------+--------+-----------+--------+
|  background | 48.58 | 57.03 | 65.39  |   76.62   | 57.03  |
|  grassland  | 53.38 | 67.03 | 69.61  |   72.39   | 67.03  |
|   bareland  | 58.13 |  72.7 | 73.52  |   74.36   |  72.7  |
|     road    | 72.79 | 83.29 | 84.25  |   85.24   | 83.29  |
|    forest   | 87.96 | 95.02 | 93.59  |   92.21   | 95.02  |
|    river    | 81.01 | 92.19 | 89.51  |   86.98   | 92.19  |
|   cropland  | 83.65 |  88.6 |  91.1  |   93.74   |  88.6  |
| residential |  82.3 | 92.07 | 90.29  |   88.58   | 92.07  |
+-------------+-------+-------+--------+-----------+--------+
2026/08/04 17:08:54 - mmengine - INFO - Epoch(val) [19][27/27]    aAcc: 88.2400  mIoU: 70.9700  mAcc: 80.9900  mFscore: 82.1600  mPrecision: 83.7700  mRecall: 80.9900  data_time: 0.0297  time: 0.2688
2026/08/04 17:09:45 - mmengine - INFO - Epoch(train) [20][ 50/102]  base_lr: 6.1032e-04 lr: 6.1032e-05  eta: 0:53:07  time: 1.0163  data_time: 0.0120  memory: 29449  grad_norm: 46.8378  loss: 19.2836  decode.loss_cls: 0.1656  decode.loss_mask: 0.7194  decode.loss_dice: 1.0069  decode.d0.loss_cls: 0.3277  decode.d0.loss_mask: 0.7341  decode.d0.loss_dice: 1.0328  decode.d1.loss_cls: 0.1813  decode.d1.loss_mask: 0.7182  decode.d1.loss_dice: 1.0303  decode.d2.loss_cls: 0.1686  decode.d2.loss_mask: 0.7163  decode.d2.loss_dice: 1.0212  decode.d3.loss_cls: 0.1575  decode.d3.loss_mask: 0.7151  decode.d3.loss_dice: 1.0207  decode.d4.loss_cls: 0.1692  decode.d4.loss_mask: 0.7147  decode.d4.loss_dice: 1.0231  decode.d5.loss_cls: 0.2004  decode.d5.loss_mask: 0.7173  decode.d5.loss_dice: 1.0193  decode.d6.loss_cls: 0.1803  decode.d6.loss_mask: 0.7215  decode.d6.loss_dice: 1.0200  decode.d7.loss_cls: 0.1546  decode.d7.loss_mask: 0.7331  decode.d7.loss_dice: 1.0117  decode.d8.loss_cls: 0.1722  decode.d8.loss_mask: 0.7149  decode.d8.loss_dice: 1.0157
2026/08/04 17:09:57 - mmengine - INFO - Exp name: ningbo2m_new_dinov3_m2f_tune18_50e_512x512_20260804_162413
2026/08/04 17:10:36 - mmengine - INFO - Epoch(train) [20][100/102]  base_lr: 6.0051e-04 lr: 6.0051e-05  eta: 0:52:16  time: 0.9997  data_time: 0.0138  memory: 29436  grad_norm: 43.1824  loss: 20.0596  decode.loss_cls: 0.1656  decode.loss_mask: 0.7589  decode.loss_dice: 1.0624  decode.d0.loss_cls: 0.3637  decode.d0.loss_mask: 0.7727  decode.d0.loss_dice: 1.0585  decode.d1.loss_cls: 0.1773  decode.d1.loss_mask: 0.7526  decode.d1.loss_dice: 1.0743  decode.d2.loss_cls: 0.1596  decode.d2.loss_mask: 0.7538  decode.d2.loss_dice: 1.0633  decode.d3.loss_cls: 0.1693  decode.d3.loss_mask: 0.7522  decode.d3.loss_dice: 1.0536  decode.d4.loss_cls: 0.1483  decode.d4.loss_mask: 0.7512  decode.d4.loss_dice: 1.0672  decode.d5.loss_cls: 0.1812  decode.d5.loss_mask: 0.7425  decode.d5.loss_dice: 1.0550  decode.d6.loss_cls: 0.1861  decode.d6.loss_mask: 0.7419  decode.d6.loss_dice: 1.0618  decode.d7.loss_cls: 0.1568  decode.d7.loss_mask: 0.7486  decode.d7.loss_dice: 1.0717  decode.d8.loss_cls: 0.2065  decode.d8.loss_mask: 0.7494  decode.d8.loss_dice: 1.0535
2026/08/04 17:10:38 - mmengine - INFO - Exp name: ningbo2m_new_dinov3_m2f_tune18_50e_512x512_20260804_162413
2026/08/04 17:10:38 - mmengine - INFO - Saving checkpoint at 20 epochs
2026/08/04 17:11:00 - mmengine - INFO - per class results:
2026/08/04 17:11:00 - mmengine - INFO - 
+-------------+-------+-------+--------+-----------+--------+
|    Class    |  IoU  |  Acc  | Fscore | Precision | Recall |
+-------------+-------+-------+--------+-----------+--------+
|  background | 50.87 | 62.95 | 67.44  |    72.6   | 62.95  |
|  grassland  | 53.32 | 72.46 | 69.56  |   66.88   | 72.46  |
|   bareland  | 58.89 | 78.46 | 74.13  |   70.25   | 78.46  |
|     road    | 73.64 | 84.54 | 84.82  |    85.1   | 84.54  |
|    forest   | 86.42 | 91.06 | 92.72  |   94.44   | 91.06  |
|    river    | 79.68 | 92.32 | 88.69  |   85.33   | 92.32  |
|   cropland  | 83.99 | 89.44 |  91.3  |   93.23   | 89.44  |
| residential | 81.53 | 89.07 | 89.83  |    90.6   | 89.07  |
+-------------+-------+-------+--------+-----------+--------+
2026/08/04 17:11:00 - mmengine - INFO - Epoch(val) [20][27/27]    aAcc: 87.6000  mIoU: 71.0400  mAcc: 82.5400  mFscore: 82.3100  mPrecision: 82.3000  mRecall: 82.5400  data_time: 0.0313  time: 0.2693
2026/08/04 17:11:52 - mmengine - INFO - Epoch(train) [21][ 50/102]  base_lr: 5.9031e-04 lr: 5.9031e-05  eta: 0:51:23  time: 1.0080  data_time: 0.0137  memory: 29477  grad_norm: 43.5654  loss: 21.0362  decode.loss_cls: 0.1493  decode.loss_mask: 0.8161  decode.loss_dice: 1.1222  decode.d0.loss_cls: 0.3487  decode.d0.loss_mask: 0.8195  decode.d0.loss_dice: 1.1497  decode.d1.loss_cls: 0.1852  decode.d1.loss_mask: 0.8177  decode.d1.loss_dice: 1.1076  decode.d2.loss_cls: 0.1586  decode.d2.loss_mask: 0.8232  decode.d2.loss_dice: 1.0998  decode.d3.loss_cls: 0.1376  decode.d3.loss_mask: 0.8143  decode.d3.loss_dice: 1.1128  decode.d4.loss_cls: 0.1281  decode.d4.loss_mask: 0.8276  decode.d4.loss_dice: 1.1071  decode.d5.loss_cls: 0.1295  decode.d5.loss_mask: 0.8223  decode.d5.loss_dice: 1.1062  decode.d6.loss_cls: 0.1406  decode.d6.loss_mask: 0.8167  decode.d6.loss_dice: 1.1160  decode.d7.loss_cls: 0.1530  decode.d7.loss_mask: 0.8215  decode.d7.loss_dice: 1.1084  decode.d8.loss_cls: 0.1622  decode.d8.loss_mask: 0.8175  decode.d8.loss_dice: 1.1171
2026/08/04 17:12:42 - mmengine - INFO - Epoch(train) [21][100/102]  base_lr: 5.8051e-04 lr: 5.8051e-05  eta: 0:50:30  time: 1.0063  data_time: 0.0136  memory: 29426  grad_norm: 43.0528  loss: 20.8544  decode.loss_cls: 0.1806  decode.loss_mask: 0.8099  decode.loss_dice: 1.0682  decode.d0.loss_cls: 0.3334  decode.d0.loss_mask: 0.8230  decode.d0.loss_dice: 1.1295  decode.d1.loss_cls: 0.2029  decode.d1.loss_mask: 0.8002  decode.d1.loss_dice: 1.0904  decode.d2.loss_cls: 0.1849  decode.d2.loss_mask: 0.8077  decode.d2.loss_dice: 1.0744  decode.d3.loss_cls: 0.1773  decode.d3.loss_mask: 0.8178  decode.d3.loss_dice: 1.0682  decode.d4.loss_cls: 0.1766  decode.d4.loss_mask: 0.8104  decode.d4.loss_dice: 1.0744  decode.d5.loss_cls: 0.1788  decode.d5.loss_mask: 0.8194  decode.d5.loss_dice: 1.0672  decode.d6.loss_cls: 0.1701  decode.d6.loss_mask: 0.8119  decode.d6.loss_dice: 1.0680  decode.d7.loss_cls: 0.1779  decode.d7.loss_mask: 0.8041  decode.d7.loss_dice: 1.0864  decode.d8.loss_cls: 0.1635  decode.d8.loss_mask: 0.8032  decode.d8.loss_dice: 1.0743
2026/08/04 17:12:44 - mmengine - INFO - Exp name: ningbo2m_new_dinov3_m2f_tune18_50e_512x512_20260804_162413
2026/08/04 17:12:45 - mmengine - INFO - Saving checkpoint at 21 epochs
2026/08/04 17:13:07 - mmengine - INFO - per class results:
2026/08/04 17:13:07 - mmengine - INFO - 
+-------------+-------+-------+--------+-----------+--------+
|    Class    |  IoU  |  Acc  | Fscore | Precision | Recall |
+-------------+-------+-------+--------+-----------+--------+
|  background | 50.46 | 60.46 | 67.08  |   75.31   | 60.46  |
|  grassland  | 51.97 | 64.56 |  68.4  |   72.73   | 64.56  |
|   bareland  | 58.25 | 73.33 | 73.61  |    73.9   | 73.33  |
|     road    | 73.79 | 84.01 | 84.92  |   85.85   | 84.01  |
|    forest   | 87.84 | 95.03 | 93.53  |   92.07   | 95.03  |
|    river    |  81.8 | 92.32 | 89.99  |   87.77   | 92.32  |
|   cropland  | 84.05 | 90.19 | 91.33  |    92.5   | 90.19  |
| residential | 82.57 | 90.67 | 90.45  |   90.24   | 90.67  |
+-------------+-------+-------+--------+-----------+--------+
2026/08/04 17:13:07 - mmengine - INFO - Epoch(val) [21][27/27]    aAcc: 88.3100  mIoU: 71.3400  mAcc: 81.3200  mFscore: 82.4100  mPrecision: 83.8000  mRecall: 81.3200  data_time: 0.0347  time: 0.2741
2026/08/04 17:13:07 - mmengine - INFO - The previous best checkpoint /mnt/htzzb2/EO_test/wj1/qh2_work_dirs/ningbo2m_new_dinov3_m2f_tune18_50e_512x512/best_mIoU_epoch_18.pth is removed
2026/08/04 17:13:12 - mmengine - INFO - The best checkpoint with 71.3400 mIoU at 21 epoch is saved to best_mIoU_epoch_21.pth.
2026/08/04 17:14:17 - mmengine - INFO - Epoch(train) [22][ 50/102]  base_lr: 5.7031e-04 lr: 5.7031e-05  eta: 0:49:37  time: 1.0052  data_time: 0.0133  memory: 29458  grad_norm: 40.8975  loss: 18.6315  decode.loss_cls: 0.2128  decode.loss_mask: 0.6948  decode.loss_dice: 0.9435  decode.d0.loss_cls: 0.4006  decode.d0.loss_mask: 0.6989  decode.d0.loss_dice: 0.9557  decode.d1.loss_cls: 0.2201  decode.d1.loss_mask: 0.6950  decode.d1.loss_dice: 0.9504  decode.d2.loss_cls: 0.2158  decode.d2.loss_mask: 0.6962  decode.d2.loss_dice: 0.9302  decode.d3.loss_cls: 0.2019  decode.d3.loss_mask: 0.6879  decode.d3.loss_dice: 0.9380  decode.d4.loss_cls: 0.2118  decode.d4.loss_mask: 0.6816  decode.d4.loss_dice: 0.9360  decode.d5.loss_cls: 0.1981  decode.d5.loss_mask: 0.6914  decode.d5.loss_dice: 0.9265  decode.d6.loss_cls: 0.2143  decode.d6.loss_mask: 0.7026  decode.d6.loss_dice: 0.9291  decode.d7.loss_cls: 0.2036  decode.d7.loss_mask: 0.6871  decode.d7.loss_dice: 0.9363  decode.d8.loss_cls: 0.2163  decode.d8.loss_mask: 0.7094  decode.d8.loss_dice: 0.9454
2026/08/04 17:15:07 - mmengine - INFO - Epoch(train) [22][100/102]  base_lr: 5.6050e-04 lr: 5.6050e-05  eta: 0:48:45  time: 1.0023  data_time: 0.0132  memory: 29419  grad_norm: 44.0196  loss: 18.5526  decode.loss_cls: 0.1623  decode.loss_mask: 0.6970  decode.loss_dice: 0.9696  decode.d0.loss_cls: 0.3041  decode.d0.loss_mask: 0.7018  decode.d0.loss_dice: 0.9887  decode.d1.loss_cls: 0.1584  decode.d1.loss_mask: 0.6921  decode.d1.loss_dice: 0.9860  decode.d2.loss_cls: 0.1694  decode.d2.loss_mask: 0.7022  decode.d2.loss_dice: 0.9789  decode.d3.loss_cls: 0.1922  decode.d3.loss_mask: 0.6887  decode.d3.loss_dice: 0.9554  decode.d4.loss_cls: 0.1819  decode.d4.loss_mask: 0.6992  decode.d4.loss_dice: 0.9699  decode.d5.loss_cls: 0.1743  decode.d5.loss_mask: 0.6913  decode.d5.loss_dice: 0.9678  decode.d6.loss_cls: 0.1667  decode.d6.loss_mask: 0.6929  decode.d6.loss_dice: 0.9653  decode.d7.loss_cls: 0.1561  decode.d7.loss_mask: 0.7005  decode.d7.loss_dice: 0.9844  decode.d8.loss_cls: 0.1744  decode.d8.loss_mask: 0.6916  decode.d8.loss_dice: 0.9895
2026/08/04 17:15:09 - mmengine - INFO - Exp name: ningbo2m_new_dinov3_m2f_tune18_50e_512x512_20260804_162413
2026/08/04 17:15:09 - mmengine - INFO - Saving checkpoint at 22 epochs
2026/08/04 17:15:31 - mmengine - INFO - per class results:
2026/08/04 17:15:31 - mmengine - INFO - 
+-------------+-------+-------+--------+-----------+--------+
|    Class    |  IoU  |  Acc  | Fscore | Precision | Recall |
+-------------+-------+-------+--------+-----------+--------+
|  background | 51.22 | 67.12 | 67.75  |   68.38   | 67.12  |
|  grassland  | 52.34 |  66.8 | 68.71  |   70.74   |  66.8  |
|   bareland  | 58.73 | 73.85 |  74.0  |   74.15   | 73.85  |
|     road    | 73.87 | 82.89 | 84.97  |   87.16   | 82.89  |
|    forest   |  87.7 | 94.43 | 93.45  |   92.49   | 94.43  |
|    river    | 80.61 | 92.01 | 89.27  |   86.68   | 92.01  |
|   cropland  | 84.35 | 90.41 | 91.51  |   92.64   | 90.41  |
| residential | 81.96 | 88.32 | 90.09  |   91.93   | 88.32  |
+-------------+-------+-------+--------+-----------+--------+
2026/08/04 17:15:31 - mmengine - INFO - Epoch(val) [22][27/27]    aAcc: 88.1400  mIoU: 71.3500  mAcc: 81.9800  mFscore: 82.4700  mPrecision: 83.0200  mRecall: 81.9800  data_time: 0.0320  time: 0.2710
2026/08/04 17:15:32 - mmengine - INFO - The previous best checkpoint /mnt/htzzb2/EO_test/wj1/qh2_work_dirs/ningbo2m_new_dinov3_m2f_tune18_50e_512x512/best_mIoU_epoch_21.pth is removed
2026/08/04 17:15:36 - mmengine - INFO - The best checkpoint with 71.3500 mIoU at 22 epoch is saved to best_mIoU_epoch_22.pth.
2026/08/04 17:16:41 - mmengine - INFO - Epoch(train) [23][ 50/102]  base_lr: 5.5030e-04 lr: 5.5030e-05  eta: 0:47:52  time: 1.0073  data_time: 0.0142  memory: 29411  grad_norm: 44.9481  loss: 18.6971  decode.loss_cls: 0.1477  decode.loss_mask: 0.6994  decode.loss_dice: 0.9916  decode.d0.loss_cls: 0.3465  decode.d0.loss_mask: 0.7132  decode.d0.loss_dice: 0.9677  decode.d1.loss_cls: 0.2180  decode.d1.loss_mask: 0.6944  decode.d1.loss_dice: 0.9629  decode.d2.loss_cls: 0.1929  decode.d2.loss_mask: 0.6859  decode.d2.loss_dice: 0.9783  decode.d3.loss_cls: 0.1972  decode.d3.loss_mask: 0.6925  decode.d3.loss_dice: 0.9643  decode.d4.loss_cls: 0.2007  decode.d4.loss_mask: 0.6854  decode.d4.loss_dice: 0.9541  decode.d5.loss_cls: 0.1973  decode.d5.loss_mask: 0.6963  decode.d5.loss_dice: 0.9783  decode.d6.loss_cls: 0.2027  decode.d6.loss_mask: 0.7004  decode.d6.loss_dice: 0.9667  decode.d7.loss_cls: 0.1828  decode.d7.loss_mask: 0.6941  decode.d7.loss_dice: 0.9767  decode.d8.loss_cls: 0.1306  decode.d8.loss_mask: 0.6934  decode.d8.loss_dice: 0.9850
2026/08/04 17:17:31 - mmengine - INFO - Epoch(train) [23][100/102]  base_lr: 5.4050e-04 lr: 5.4050e-05  eta: 0:46:59  time: 1.0003  data_time: 0.0135  memory: 29429  grad_norm: 39.3003  loss: 16.7832  decode.loss_cls: 0.1451  decode.loss_mask: 0.6158  decode.loss_dice: 0.8958  decode.d0.loss_cls: 0.3191  decode.d0.loss_mask: 0.6284  decode.d0.loss_dice: 0.9197  decode.d1.loss_cls: 0.1674  decode.d1.loss_mask: 0.6120  decode.d1.loss_dice: 0.9030  decode.d2.loss_cls: 0.1342  decode.d2.loss_mask: 0.6117  decode.d2.loss_dice: 0.8874  decode.d3.loss_cls: 0.1553  decode.d3.loss_mask: 0.6150  decode.d3.loss_dice: 0.8903  decode.d4.loss_cls: 0.1559  decode.d4.loss_mask: 0.6141  decode.d4.loss_dice: 0.8985  decode.d5.loss_cls: 0.1359  decode.d5.loss_mask: 0.6141  decode.d5.loss_dice: 0.8984  decode.d6.loss_cls: 0.1338  decode.d6.loss_mask: 0.6169  decode.d6.loss_dice: 0.8982  decode.d7.loss_cls: 0.1359  decode.d7.loss_mask: 0.6122  decode.d7.loss_dice: 0.8999  decode.d8.loss_cls: 0.1527  decode.d8.loss_mask: 0.6199  decode.d8.loss_dice: 0.8966
2026/08/04 17:17:33 - mmengine - INFO - Exp name: ningbo2m_new_dinov3_m2f_tune18_50e_512x512_20260804_162413
2026/08/04 17:17:33 - mmengine - INFO - Saving checkpoint at 23 epochs
2026/08/04 17:17:56 - mmengine - INFO - per class results:
2026/08/04 17:17:56 - mmengine - INFO - 
+-------------+-------+-------+--------+-----------+--------+
|    Class    |  IoU  |  Acc  | Fscore | Precision | Recall |
+-------------+-------+-------+--------+-----------+--------+
|  background | 49.65 | 61.66 | 66.35  |   71.81   | 61.66  |
|  grassland  | 53.85 | 67.98 |  70.0  |   72.15   | 67.98  |
|   bareland  | 58.68 |  71.1 | 73.96  |   77.05   |  71.1  |
|     road    | 73.23 | 88.21 | 84.55  |   81.18   | 88.21  |
|    forest   | 88.03 |  94.6 | 93.63  |   92.69   |  94.6  |
|    river    | 82.01 | 92.31 | 90.12  |   88.03   | 92.31  |
|   cropland  | 83.78 | 90.14 | 91.18  |   92.23   | 90.14  |
| residential | 82.39 | 90.42 | 90.35  |   90.27   | 90.42  |
+-------------+-------+-------+--------+-----------+--------+
2026/08/04 17:17:56 - mmengine - INFO - Epoch(val) [23][27/27]    aAcc: 88.4200  mIoU: 71.4500  mAcc: 82.0500  mFscore: 82.5200  mPrecision: 83.1800  mRecall: 82.0500  data_time: 0.0307  time: 0.2688
2026/08/04 17:17:56 - mmengine - INFO - The previous best checkpoint /mnt/htzzb2/EO_test/wj1/qh2_work_dirs/ningbo2m_new_dinov3_m2f_tune18_50e_512x512/best_mIoU_epoch_22.pth is removed
2026/08/04 17:18:01 - mmengine - INFO - The best checkpoint with 71.4500 mIoU at 23 epoch is saved to best_mIoU_epoch_23.pth.
2026/08/04 17:19:05 - mmengine - INFO - Epoch(train) [24][ 50/102]  base_lr: 5.3030e-04 lr: 5.3030e-05  eta: 0:46:06  time: 1.0022  data_time: 0.0137  memory: 29437  grad_norm: 37.4083  loss: 17.3829  decode.loss_cls: 0.1422  decode.loss_mask: 0.6617  decode.loss_dice: 0.9053  decode.d0.loss_cls: 0.3061  decode.d0.loss_mask: 0.6697  decode.d0.loss_dice: 0.9251  decode.d1.loss_cls: 0.1779  decode.d1.loss_mask: 0.6610  decode.d1.loss_dice: 0.9134  decode.d2.loss_cls: 0.1484  decode.d2.loss_mask: 0.6622  decode.d2.loss_dice: 0.9117  decode.d3.loss_cls: 0.1654  decode.d3.loss_mask: 0.6610  decode.d3.loss_dice: 0.9025  decode.d4.loss_cls: 0.1445  decode.d4.loss_mask: 0.6577  decode.d4.loss_dice: 0.8987  decode.d5.loss_cls: 0.1505  decode.d5.loss_mask: 0.6560  decode.d5.loss_dice: 0.9189  decode.d6.loss_cls: 0.1475  decode.d6.loss_mask: 0.6537  decode.d6.loss_dice: 0.9109  decode.d7.loss_cls: 0.1539  decode.d7.loss_mask: 0.6535  decode.d7.loss_dice: 0.9074  decode.d8.loss_cls: 0.1470  decode.d8.loss_mask: 0.6594  decode.d8.loss_dice: 0.9096
2026/08/04 17:19:56 - mmengine - INFO - Epoch(train) [24][100/102]  base_lr: 5.2049e-04 lr: 5.2049e-05  eta: 0:45:15  time: 1.0247  data_time: 0.0138  memory: 29467  grad_norm: 44.7702  loss: 16.6641  decode.loss_cls: 0.1906  decode.loss_mask: 0.6171  decode.loss_dice: 0.8736  decode.d0.loss_cls: 0.3203  decode.d0.loss_mask: 0.6313  decode.d0.loss_dice: 0.8738  decode.d1.loss_cls: 0.1426  decode.d1.loss_mask: 0.6161  decode.d1.loss_dice: 0.8777  decode.d2.loss_cls: 0.1690  decode.d2.loss_mask: 0.6134  decode.d2.loss_dice: 0.8576  decode.d3.loss_cls: 0.1590  decode.d3.loss_mask: 0.6122  decode.d3.loss_dice: 0.8551  decode.d4.loss_cls: 0.1755  decode.d4.loss_mask: 0.6126  decode.d4.loss_dice: 0.8642  decode.d5.loss_cls: 0.1634  decode.d5.loss_mask: 0.6223  decode.d5.loss_dice: 0.8636  decode.d6.loss_cls: 0.1775  decode.d6.loss_mask: 0.6173  decode.d6.loss_dice: 0.8667  decode.d7.loss_cls: 0.1785  decode.d7.loss_mask: 0.6163  decode.d7.loss_dice: 0.8531  decode.d8.loss_cls: 0.1763  decode.d8.loss_mask: 0.6142  decode.d8.loss_dice: 0.8530
2026/08/04 17:19:58 - mmengine - INFO - Exp name: ningbo2m_new_dinov3_m2f_tune18_50e_512x512_20260804_162413
2026/08/04 17:19:58 - mmengine - INFO - Saving checkpoint at 24 epochs
2026/08/04 17:20:20 - mmengine - INFO - per class results:
2026/08/04 17:20:20 - mmengine - INFO - 
+-------------+-------+-------+--------+-----------+--------+
|    Class    |  IoU  |  Acc  | Fscore | Precision | Recall |
+-------------+-------+-------+--------+-----------+--------+
|  background | 51.52 | 65.62 |  68.0  |   70.56   | 65.62  |
|  grassland  | 54.03 | 71.82 | 70.15  |   68.56   | 71.82  |
|   bareland  | 58.86 | 73.94 |  74.1  |   74.26   | 73.94  |
|     road    | 74.09 | 84.09 | 85.12  |   86.17   | 84.09  |
|    forest   | 87.92 | 93.81 | 93.57  |   93.33   | 93.81  |
|    river    | 82.13 | 90.14 | 90.19  |   90.24   | 90.14  |
|   cropland  | 84.28 | 90.27 | 91.47  |    92.7   | 90.27  |
| residential | 82.53 | 90.91 | 90.43  |   89.95   | 90.91  |
+-------------+-------+-------+--------+-----------+--------+
2026/08/04 17:20:20 - mmengine - INFO - Epoch(val) [24][27/27]    aAcc: 88.3900  mIoU: 71.9200  mAcc: 82.5700  mFscore: 82.8800  mPrecision: 83.2200  mRecall: 82.5700  data_time: 0.0323  time: 0.2714
2026/08/04 17:20:20 - mmengine - INFO - The previous best checkpoint /mnt/htzzb2/EO_test/wj1/qh2_work_dirs/ningbo2m_new_dinov3_m2f_tune18_50e_512x512/best_mIoU_epoch_23.pth is removed
2026/08/04 17:20:24 - mmengine - INFO - The best checkpoint with 71.9200 mIoU at 24 epoch is saved to best_mIoU_epoch_24.pth.
2026/08/04 17:21:29 - mmengine - INFO - Epoch(train) [25][ 50/102]  base_lr: 5.1030e-04 lr: 5.1030e-05  eta: 0:44:21  time: 1.0034  data_time: 0.0120  memory: 29426  grad_norm: 40.8128  loss: 16.9234  decode.loss_cls: 0.1300  decode.loss_mask: 0.6458  decode.loss_dice: 0.8930  decode.d0.loss_cls: 0.2755  decode.d0.loss_mask: 0.6619  decode.d0.loss_dice: 0.9167  decode.d1.loss_cls: 0.1359  decode.d1.loss_mask: 0.6474  decode.d1.loss_dice: 0.8954  decode.d2.loss_cls: 0.1450  decode.d2.loss_mask: 0.6469  decode.d2.loss_dice: 0.8952  decode.d3.loss_cls: 0.1469  decode.d3.loss_mask: 0.6525  decode.d3.loss_dice: 0.8820  decode.d4.loss_cls: 0.1381  decode.d4.loss_mask: 0.6487  decode.d4.loss_dice: 0.8774  decode.d5.loss_cls: 0.1402  decode.d5.loss_mask: 0.6441  decode.d5.loss_dice: 0.8802  decode.d6.loss_cls: 0.1400  decode.d6.loss_mask: 0.6445  decode.d6.loss_dice: 0.8947  decode.d7.loss_cls: 0.1410  decode.d7.loss_mask: 0.6480  decode.d7.loss_dice: 0.8990  decode.d8.loss_cls: 0.1237  decode.d8.loss_mask: 0.6452  decode.d8.loss_dice: 0.8886
2026/08/04 17:22:19 - mmengine - INFO - Epoch(train) [25][100/102]  base_lr: 5.0049e-04 lr: 5.0049e-05  eta: 0:43:30  time: 1.0284  data_time: 0.0143  memory: 29427  grad_norm: 39.6494  loss: 18.0251  decode.loss_cls: 0.1602  decode.loss_mask: 0.6827  decode.loss_dice: 0.9572  decode.d0.loss_cls: 0.2576  decode.d0.loss_mask: 0.6887  decode.d0.loss_dice: 0.9717  decode.d1.loss_cls: 0.1473  decode.d1.loss_mask: 0.6843  decode.d1.loss_dice: 0.9631  decode.d2.loss_cls: 0.1577  decode.d2.loss_mask: 0.6835  decode.d2.loss_dice: 0.9483  decode.d3.loss_cls: 0.1699  decode.d3.loss_mask: 0.6907  decode.d3.loss_dice: 0.9380  decode.d4.loss_cls: 0.1298  decode.d4.loss_mask: 0.6882  decode.d4.loss_dice: 0.9411  decode.d5.loss_cls: 0.1733  decode.d5.loss_mask: 0.6849  decode.d5.loss_dice: 0.9460  decode.d6.loss_cls: 0.1892  decode.d6.loss_mask: 0.6828  decode.d6.loss_dice: 0.9419  decode.d7.loss_cls: 0.1451  decode.d7.loss_mask: 0.6877  decode.d7.loss_dice: 0.9424  decode.d8.loss_cls: 0.1543  decode.d8.loss_mask: 0.6804  decode.d8.loss_dice: 0.9370
2026/08/04 17:22:21 - mmengine - INFO - Exp name: ningbo2m_new_dinov3_m2f_tune18_50e_512x512_20260804_162413
2026/08/04 17:22:22 - mmengine - INFO - Saving checkpoint at 25 epochs
2026/08/04 17:22:43 - mmengine - INFO - per class results:
2026/08/04 17:22:43 - mmengine - INFO - 
+-------------+-------+-------+--------+-----------+--------+
|    Class    |  IoU  |  Acc  | Fscore | Precision | Recall |
+-------------+-------+-------+--------+-----------+--------+
|  background | 47.45 | 59.96 | 64.36  |   69.45   | 59.96  |
|  grassland  | 52.39 | 65.36 | 68.76  |   72.53   | 65.36  |
|   bareland  | 60.03 | 73.76 | 75.02  |   76.33   | 73.76  |
|     road    | 73.91 | 85.93 |  85.0  |   84.09   | 85.93  |
|    forest   | 88.12 |  95.4 | 93.69  |   92.03   |  95.4  |
|    river    | 81.54 | 88.42 | 89.83  |   91.29   | 88.42  |
|   cropland  | 83.96 | 92.01 | 91.28  |   90.56   | 92.01  |
| residential | 82.86 | 90.65 | 90.63  |    90.6   | 90.65  |
+-------------+-------+-------+--------+-----------+--------+
2026/08/04 17:22:43 - mmengine - INFO - Epoch(val) [25][27/27]    aAcc: 88.4300  mIoU: 71.2800  mAcc: 81.4400  mFscore: 82.3200  mPrecision: 83.3600  mRecall: 81.4400  data_time: 0.0323  time: 0.2722
2026/08/04 17:23:35 - mmengine - INFO - Epoch(train) [26][ 50/102]  base_lr: 4.9029e-04 lr: 4.9029e-05  eta: 0:42:37  time: 1.0067  data_time: 0.0137  memory: 29427  grad_norm: 36.7208  loss: 17.4522  decode.loss_cls: 0.1616  decode.loss_mask: 0.6391  decode.loss_dice: 0.9114  decode.d0.loss_cls: 0.3360  decode.d0.loss_mask: 0.6560  decode.d0.loss_dice: 0.9200  decode.d1.loss_cls: 0.1880  decode.d1.loss_mask: 0.6539  decode.d1.loss_dice: 0.9275  decode.d2.loss_cls: 0.1606  decode.d2.loss_mask: 0.6490  decode.d2.loss_dice: 0.9165  decode.d3.loss_cls: 0.1371  decode.d3.loss_mask: 0.6500  decode.d3.loss_dice: 0.9129  decode.d4.loss_cls: 0.1424  decode.d4.loss_mask: 0.6471  decode.d4.loss_dice: 0.9185  decode.d5.loss_cls: 0.1493  decode.d5.loss_mask: 0.6466  decode.d5.loss_dice: 0.9222  decode.d6.loss_cls: 0.1560  decode.d6.loss_mask: 0.6479  decode.d6.loss_dice: 0.9273  decode.d7.loss_cls: 0.1571  decode.d7.loss_mask: 0.6513  decode.d7.loss_dice: 0.9273  decode.d8.loss_cls: 0.1686  decode.d8.loss_mask: 0.6437  decode.d8.loss_dice: 0.9271
2026/08/04 17:24:25 - mmengine - INFO - Epoch(train) [26][100/102]  base_lr: 4.8049e-04 lr: 4.8049e-05  eta: 0:41:45  time: 1.0271  data_time: 0.0140  memory: 29419  grad_norm: 41.3408  loss: 16.4235  decode.loss_cls: 0.1241  decode.loss_mask: 0.6139  decode.loss_dice: 0.8948  decode.d0.loss_cls: 0.3060  decode.d0.loss_mask: 0.6231  decode.d0.loss_dice: 0.8947  decode.d1.loss_cls: 0.1022  decode.d1.loss_mask: 0.6186  decode.d1.loss_dice: 0.9063  decode.d2.loss_cls: 0.0936  decode.d2.loss_mask: 0.6200  decode.d2.loss_dice: 0.9073  decode.d3.loss_cls: 0.1143  decode.d3.loss_mask: 0.6205  decode.d3.loss_dice: 0.8871  decode.d4.loss_cls: 0.1076  decode.d4.loss_mask: 0.6187  decode.d4.loss_dice: 0.9003  decode.d5.loss_cls: 0.1013  decode.d5.loss_mask: 0.6187  decode.d5.loss_dice: 0.8929  decode.d6.loss_cls: 0.1045  decode.d6.loss_mask: 0.6184  decode.d6.loss_dice: 0.8913  decode.d7.loss_cls: 0.1048  decode.d7.loss_mask: 0.6142  decode.d7.loss_dice: 0.8993  decode.d8.loss_cls: 0.1061  decode.d8.loss_mask: 0.6151  decode.d8.loss_dice: 0.9038
2026/08/04 17:24:27 - mmengine - INFO - Exp name: ningbo2m_new_dinov3_m2f_tune18_50e_512x512_20260804_162413
2026/08/04 17:24:28 - mmengine - INFO - Saving checkpoint at 26 epochs
2026/08/04 17:24:51 - mmengine - INFO - per class results:
2026/08/04 17:24:51 - mmengine - INFO - 
+-------------+-------+-------+--------+-----------+--------+
|    Class    |  IoU  |  Acc  | Fscore | Precision | Recall |
+-------------+-------+-------+--------+-----------+--------+
|  background | 52.05 | 64.42 | 68.46  |   73.05   | 64.42  |
|  grassland  | 54.02 | 69.24 | 70.15  |   71.08   | 69.24  |
|   bareland  | 60.14 | 75.24 | 75.11  |   74.99   | 75.24  |
|     road    | 73.91 | 86.33 |  85.0  |    83.7   | 86.33  |
|    forest   |  88.6 | 95.75 | 93.96  |   92.23   | 95.75  |
|    river    | 81.98 | 87.18 |  90.1  |   93.23   | 87.18  |
|   cropland  | 83.29 | 88.97 | 90.89  |   92.89   | 88.97  |
| residential | 82.92 | 92.93 | 90.66  |    88.5   | 92.93  |
+-------------+-------+-------+--------+-----------+--------+
2026/08/04 17:24:51 - mmengine - INFO - Epoch(val) [26][27/27]    aAcc: 88.5900  mIoU: 72.1100  mAcc: 82.5100  mFscore: 83.0400  mPrecision: 83.7100  mRecall: 82.5100  data_time: 0.0322  time: 0.2710
2026/08/04 17:24:51 - mmengine - INFO - The previous best checkpoint /mnt/htzzb2/EO_test/wj1/qh2_work_dirs/ningbo2m_new_dinov3_m2f_tune18_50e_512x512/best_mIoU_epoch_24.pth is removed
2026/08/04 17:24:56 - mmengine - INFO - The best checkpoint with 72.1100 mIoU at 26 epoch is saved to best_mIoU_epoch_26.pth.
2026/08/04 17:25:59 - mmengine - INFO - Epoch(train) [27][ 50/102]  base_lr: 4.7029e-04 lr: 4.7029e-05  eta: 0:40:52  time: 1.0104  data_time: 0.0146  memory: 29420  grad_norm: 37.1013  loss: 17.6805  decode.loss_cls: 0.1415  decode.loss_mask: 0.6565  decode.loss_dice: 0.9449  decode.d0.loss_cls: 0.2835  decode.d0.loss_mask: 0.6628  decode.d0.loss_dice: 0.9461  decode.d1.loss_cls: 0.1644  decode.d1.loss_mask: 0.6577  decode.d1.loss_dice: 0.9446  decode.d2.loss_cls: 0.1723  decode.d2.loss_mask: 0.6639  decode.d2.loss_dice: 0.9306  decode.d3.loss_cls: 0.1667  decode.d3.loss_mask: 0.6588  decode.d3.loss_dice: 0.9209  decode.d4.loss_cls: 0.1708  decode.d4.loss_mask: 0.6637  decode.d4.loss_dice: 0.9397  decode.d5.loss_cls: 0.1602  decode.d5.loss_mask: 0.6600  decode.d5.loss_dice: 0.9237  decode.d6.loss_cls: 0.1456  decode.d6.loss_mask: 0.6571  decode.d6.loss_dice: 0.9383  decode.d7.loss_cls: 0.1565  decode.d7.loss_mask: 0.6566  decode.d7.loss_dice: 0.9325  decode.d8.loss_cls: 0.1661  decode.d8.loss_mask: 0.6602  decode.d8.loss_dice: 0.9343
2026/08/04 17:26:49 - mmengine - INFO - Epoch(train) [27][100/102]  base_lr: 4.6048e-04 lr: 4.6048e-05  eta: 0:40:00  time: 1.0041  data_time: 0.0137  memory: 29436  grad_norm: 39.1916  loss: 15.8278  decode.loss_cls: 0.1068  decode.loss_mask: 0.6152  decode.loss_dice: 0.8354  decode.d0.loss_cls: 0.2848  decode.d0.loss_mask: 0.6376  decode.d0.loss_dice: 0.8214  decode.d1.loss_cls: 0.1401  decode.d1.loss_mask: 0.6160  decode.d1.loss_dice: 0.8413  decode.d2.loss_cls: 0.1196  decode.d2.loss_mask: 0.6181  decode.d2.loss_dice: 0.8323  decode.d3.loss_cls: 0.1084  decode.d3.loss_mask: 0.6145  decode.d3.loss_dice: 0.8228  decode.d4.loss_cls: 0.1334  decode.d4.loss_mask: 0.6153  decode.d4.loss_dice: 0.8240  decode.d5.loss_cls: 0.1148  decode.d5.loss_mask: 0.6157  decode.d5.loss_dice: 0.8301  decode.d6.loss_cls: 0.0864  decode.d6.loss_mask: 0.6188  decode.d6.loss_dice: 0.8331  decode.d7.loss_cls: 0.1222  decode.d7.loss_mask: 0.6150  decode.d7.loss_dice: 0.8315  decode.d8.loss_cls: 0.1118  decode.d8.loss_mask: 0.6166  decode.d8.loss_dice: 0.8447
2026/08/04 17:26:52 - mmengine - INFO - Exp name: ningbo2m_new_dinov3_m2f_tune18_50e_512x512_20260804_162413
2026/08/04 17:26:52 - mmengine - INFO - Saving checkpoint at 27 epochs
2026/08/04 17:27:14 - mmengine - INFO - per class results:
2026/08/04 17:27:14 - mmengine - INFO - 
+-------------+-------+-------+--------+-----------+--------+
|    Class    |  IoU  |  Acc  | Fscore | Precision | Recall |
+-------------+-------+-------+--------+-----------+--------+
|  background | 52.58 | 63.45 | 68.93  |   75.43   | 63.45  |
|  grassland  | 54.78 | 72.65 | 70.78  |   69.01   | 72.65  |
|   bareland  | 59.11 | 71.71 |  74.3  |   77.08   | 71.71  |
|     road    | 74.26 | 83.38 | 85.23  |   87.16   | 83.38  |
|    forest   | 87.78 | 93.12 |  93.5  |   93.87   | 93.12  |
|    river    | 82.22 | 91.83 | 90.24  |   88.71   | 91.83  |
|   cropland  | 84.43 | 91.74 | 91.56  |   91.38   | 91.74  |
| residential | 82.62 | 90.96 | 90.48  |   90.01   | 90.96  |
+-------------+-------+-------+--------+-----------+--------+
2026/08/04 17:27:14 - mmengine - INFO - Epoch(val) [27][27/27]    aAcc: 88.5200  mIoU: 72.2200  mAcc: 82.3600  mFscore: 83.1300  mPrecision: 84.0800  mRecall: 82.3600  data_time: 0.0321  time: 0.2707
2026/08/04 17:27:14 - mmengine - INFO - The previous best checkpoint /mnt/htzzb2/EO_test/wj1/qh2_work_dirs/ningbo2m_new_dinov3_m2f_tune18_50e_512x512/best_mIoU_epoch_26.pth is removed
2026/08/04 17:27:19 - mmengine - INFO - The best checkpoint with 72.2200 mIoU at 27 epoch is saved to best_mIoU_epoch_27.pth.
2026/08/04 17:28:23 - mmengine - INFO - Epoch(train) [28][ 50/102]  base_lr: 4.5028e-04 lr: 4.5028e-05  eta: 0:39:07  time: 1.0005  data_time: 0.0137  memory: 29418  grad_norm: 36.5825  loss: 17.2711  decode.loss_cls: 0.1579  decode.loss_mask: 0.6811  decode.loss_dice: 0.8833  decode.d0.loss_cls: 0.3318  decode.d0.loss_mask: 0.6905  decode.d0.loss_dice: 0.8636  decode.d1.loss_cls: 0.1597  decode.d1.loss_mask: 0.6744  decode.d1.loss_dice: 0.8573  decode.d2.loss_cls: 0.1774  decode.d2.loss_mask: 0.6723  decode.d2.loss_dice: 0.8852  decode.d3.loss_cls: 0.1462  decode.d3.loss_mask: 0.6740  decode.d3.loss_dice: 0.8688  decode.d4.loss_cls: 0.1518  decode.d4.loss_mask: 0.6761  decode.d4.loss_dice: 0.8797  decode.d5.loss_cls: 0.1561  decode.d5.loss_mask: 0.6728  decode.d5.loss_dice: 0.8782  decode.d6.loss_cls: 0.1662  decode.d6.loss_mask: 0.6722  decode.d6.loss_dice: 0.8797  decode.d7.loss_cls: 0.1543  decode.d7.loss_mask: 0.6720  decode.d7.loss_dice: 0.8773  decode.d8.loss_cls: 0.1489  decode.d8.loss_mask: 0.6797  decode.d8.loss_dice: 0.8826
2026/08/04 17:29:13 - mmengine - INFO - Epoch(train) [28][100/102]  base_lr: 4.4048e-04 lr: 4.4048e-05  eta: 0:38:15  time: 1.0001  data_time: 0.0130  memory: 29447  grad_norm: 34.1113  loss: 17.8002  decode.loss_cls: 0.1295  decode.loss_mask: 0.6842  decode.loss_dice: 0.9459  decode.d0.loss_cls: 0.3051  decode.d0.loss_mask: 0.7041  decode.d0.loss_dice: 0.9273  decode.d1.loss_cls: 0.1388  decode.d1.loss_mask: 0.6884  decode.d1.loss_dice: 0.9573  decode.d2.loss_cls: 0.1329  decode.d2.loss_mask: 0.6816  decode.d2.loss_dice: 0.9376  decode.d3.loss_cls: 0.1192  decode.d3.loss_mask: 0.6855  decode.d3.loss_dice: 0.9465  decode.d4.loss_cls: 0.1308  decode.d4.loss_mask: 0.6824  decode.d4.loss_dice: 0.9451  decode.d5.loss_cls: 0.1373  decode.d5.loss_mask: 0.6875  decode.d5.loss_dice: 0.9432  decode.d6.loss_cls: 0.1476  decode.d6.loss_mask: 0.6856  decode.d6.loss_dice: 0.9430  decode.d7.loss_cls: 0.1309  decode.d7.loss_mask: 0.6821  decode.d7.loss_dice: 0.9410  decode.d8.loss_cls: 0.1340  decode.d8.loss_mask: 0.6825  decode.d8.loss_dice: 0.9433
2026/08/04 17:29:15 - mmengine - INFO - Exp name: ningbo2m_new_dinov3_m2f_tune18_50e_512x512_20260804_162413
2026/08/04 17:29:16 - mmengine - INFO - Saving checkpoint at 28 epochs
2026/08/04 17:29:37 - mmengine - INFO - per class results:
2026/08/04 17:29:37 - mmengine - INFO - 
+-------------+-------+-------+--------+-----------+--------+
|    Class    |  IoU  |  Acc  | Fscore | Precision | Recall |
+-------------+-------+-------+--------+-----------+--------+
|  background | 52.34 | 65.22 | 68.72  |   72.61   | 65.22  |
|  grassland  | 54.76 | 70.72 | 70.77  |   70.81   | 70.72  |
|   bareland  |  59.1 | 73.24 |  74.3  |   75.38   | 73.24  |
|     road    | 74.51 | 85.62 | 85.39  |   85.17   | 85.62  |
|    forest   | 88.28 | 94.21 | 93.78  |   93.35   | 94.21  |
|    river    |  82.4 | 91.93 | 90.35  |   88.83   | 91.93  |
|   cropland  | 84.27 | 90.43 | 91.47  |   92.53   | 90.43  |
| residential | 82.91 | 90.56 | 90.66  |   90.76   | 90.56  |
+-------------+-------+-------+--------+-----------+--------+
2026/08/04 17:29:37 - mmengine - INFO - Epoch(val) [28][27/27]    aAcc: 88.6600  mIoU: 72.3200  mAcc: 82.7400  mFscore: 83.1800  mPrecision: 83.6800  mRecall: 82.7400  data_time: 0.0318  time: 0.2702
2026/08/04 17:29:37 - mmengine - INFO - The previous best checkpoint /mnt/htzzb2/EO_test/wj1/qh2_work_dirs/ningbo2m_new_dinov3_m2f_tune18_50e_512x512/best_mIoU_epoch_27.pth is removed
2026/08/04 17:29:42 - mmengine - INFO - The best checkpoint with 72.3200 mIoU at 28 epoch is saved to best_mIoU_epoch_28.pth.
2026/08/04 17:30:47 - mmengine - INFO - Epoch(train) [29][ 50/102]  base_lr: 4.3028e-04 lr: 4.3028e-05  eta: 0:37:22  time: 1.0042  data_time: 0.0129  memory: 29436  grad_norm: 36.9300  loss: 16.8633  decode.loss_cls: 0.0944  decode.loss_mask: 0.6604  decode.loss_dice: 0.9050  decode.d0.loss_cls: 0.2427  decode.d0.loss_mask: 0.6750  decode.d0.loss_dice: 0.9214  decode.d1.loss_cls: 0.0963  decode.d1.loss_mask: 0.6528  decode.d1.loss_dice: 0.9103  decode.d2.loss_cls: 0.1126  decode.d2.loss_mask: 0.6556  decode.d2.loss_dice: 0.9140  decode.d3.loss_cls: 0.1059  decode.d3.loss_mask: 0.6556  decode.d3.loss_dice: 0.9146  decode.d4.loss_cls: 0.1140  decode.d4.loss_mask: 0.6579  decode.d4.loss_dice: 0.8987  decode.d5.loss_cls: 0.1187  decode.d5.loss_mask: 0.6563  decode.d5.loss_dice: 0.9130  decode.d6.loss_cls: 0.1097  decode.d6.loss_mask: 0.6576  decode.d6.loss_dice: 0.8915  decode.d7.loss_cls: 0.0905  decode.d7.loss_mask: 0.6598  decode.d7.loss_dice: 0.9009  decode.d8.loss_cls: 0.1118  decode.d8.loss_mask: 0.6566  decode.d8.loss_dice: 0.9098
2026/08/04 17:31:38 - mmengine - INFO - Epoch(train) [29][100/102]  base_lr: 4.2047e-04 lr: 4.2047e-05  eta: 0:36:31  time: 1.0038  data_time: 0.0137  memory: 29435  grad_norm: 34.0591  loss: 15.4810  decode.loss_cls: 0.0919  decode.loss_mask: 0.6051  decode.loss_dice: 0.8259  decode.d0.loss_cls: 0.2430  decode.d0.loss_mask: 0.6279  decode.d0.loss_dice: 0.8374  decode.d1.loss_cls: 0.0998  decode.d1.loss_mask: 0.6068  decode.d1.loss_dice: 0.8307  decode.d2.loss_cls: 0.0926  decode.d2.loss_mask: 0.6081  decode.d2.loss_dice: 0.8315  decode.d3.loss_cls: 0.0954  decode.d3.loss_mask: 0.6091  decode.d3.loss_dice: 0.8350  decode.d4.loss_cls: 0.0980  decode.d4.loss_mask: 0.6056  decode.d4.loss_dice: 0.8438  decode.d5.loss_cls: 0.0713  decode.d5.loss_mask: 0.6055  decode.d5.loss_dice: 0.8350  decode.d6.loss_cls: 0.0955  decode.d6.loss_mask: 0.6069  decode.d6.loss_dice: 0.8370  decode.d7.loss_cls: 0.0727  decode.d7.loss_mask: 0.6080  decode.d7.loss_dice: 0.8398  decode.d8.loss_cls: 0.0871  decode.d8.loss_mask: 0.6075  decode.d8.loss_dice: 0.8272
2026/08/04 17:31:40 - mmengine - INFO - Exp name: ningbo2m_new_dinov3_m2f_tune18_50e_512x512_20260804_162413
2026/08/04 17:31:40 - mmengine - INFO - Saving checkpoint at 29 epochs
2026/08/04 17:32:03 - mmengine - INFO - per class results:
2026/08/04 17:32:03 - mmengine - INFO - 
+-------------+-------+-------+--------+-----------+--------+
|    Class    |  IoU  |  Acc  | Fscore | Precision | Recall |
+-------------+-------+-------+--------+-----------+--------+
|  background | 49.18 | 64.17 | 65.93  |   67.79   | 64.17  |
|  grassland  | 54.66 |  71.0 | 70.69  |   70.37   |  71.0  |
|   bareland  | 58.71 | 70.67 | 73.98  |   77.63   | 70.67  |
|     road    | 74.31 | 85.29 | 85.26  |   85.23   | 85.29  |
|    forest   | 88.16 | 94.42 | 93.71  |   93.01   | 94.42  |
|    river    | 81.64 | 89.59 | 89.89  |    90.2   | 89.59  |
|   cropland  | 84.62 | 91.04 | 91.67  |   92.31   | 91.04  |
| residential | 83.29 | 92.32 | 90.88  |   89.49   | 92.32  |
+-------------+-------+-------+--------+-----------+--------+
2026/08/04 17:32:03 - mmengine - INFO - Epoch(val) [29][27/27]    aAcc: 88.5800  mIoU: 71.8200  mAcc: 82.3100  mFscore: 82.7500  mPrecision: 83.2500  mRecall: 82.3100  data_time: 0.0334  time: 0.2723
2026/08/04 17:32:47 - mmengine - INFO - Exp name: ningbo2m_new_dinov3_m2f_tune18_50e_512x512_20260804_162413
2026/08/04 17:32:55 - mmengine - INFO - Epoch(train) [30][ 50/102]  base_lr: 4.1028e-04 lr: 4.1028e-05  eta: 0:35:38  time: 1.0114  data_time: 0.0138  memory: 29438  grad_norm: 35.8243  loss: 14.4429  decode.loss_cls: 0.0987  decode.loss_mask: 0.5711  decode.loss_dice: 0.7438  decode.d0.loss_cls: 0.3126  decode.d0.loss_mask: 0.5871  decode.d0.loss_dice: 0.7451  decode.d1.loss_cls: 0.0996  decode.d1.loss_mask: 0.5712  decode.d1.loss_dice: 0.7618  decode.d2.loss_cls: 0.1158  decode.d2.loss_mask: 0.5733  decode.d2.loss_dice: 0.7439  decode.d3.loss_cls: 0.1004  decode.d3.loss_mask: 0.5718  decode.d3.loss_dice: 0.7646  decode.d4.loss_cls: 0.0971  decode.d4.loss_mask: 0.5739  decode.d4.loss_dice: 0.7489  decode.d5.loss_cls: 0.1175  decode.d5.loss_mask: 0.5715  decode.d5.loss_dice: 0.7473  decode.d6.loss_cls: 0.0945  decode.d6.loss_mask: 0.5651  decode.d6.loss_dice: 0.7412  decode.d7.loss_cls: 0.1028  decode.d7.loss_mask: 0.5701  decode.d7.loss_dice: 0.7456  decode.d8.loss_cls: 0.0786  decode.d8.loss_mask: 0.5716  decode.d8.loss_dice: 0.7563
2026/08/04 17:33:45 - mmengine - INFO - Epoch(train) [30][100/102]  base_lr: 4.0047e-04 lr: 4.0047e-05  eta: 0:34:46  time: 1.0020  data_time: 0.0145  memory: 29419  grad_norm: 36.2988  loss: 15.3862  decode.loss_cls: 0.1608  decode.loss_mask: 0.5841  decode.loss_dice: 0.7691  decode.d0.loss_cls: 0.3180  decode.d0.loss_mask: 0.5875  decode.d0.loss_dice: 0.7719  decode.d1.loss_cls: 0.1749  decode.d1.loss_mask: 0.5944  decode.d1.loss_dice: 0.7719  decode.d2.loss_cls: 0.1613  decode.d2.loss_mask: 0.5923  decode.d2.loss_dice: 0.7626  decode.d3.loss_cls: 0.1576  decode.d3.loss_mask: 0.5892  decode.d3.loss_dice: 0.7653  decode.d4.loss_cls: 0.2034  decode.d4.loss_mask: 0.5797  decode.d4.loss_dice: 0.7701  decode.d5.loss_cls: 0.1515  decode.d5.loss_mask: 0.5804  decode.d5.loss_dice: 0.7550  decode.d6.loss_cls: 0.1780  decode.d6.loss_mask: 0.5758  decode.d6.loss_dice: 0.7433  decode.d7.loss_cls: 0.1608  decode.d7.loss_mask: 0.6252  decode.d7.loss_dice: 0.7597  decode.d8.loss_cls: 0.1638  decode.d8.loss_mask: 0.6087  decode.d8.loss_dice: 0.7699
2026/08/04 17:33:47 - mmengine - INFO - Exp name: ningbo2m_new_dinov3_m2f_tune18_50e_512x512_20260804_162413
2026/08/04 17:33:47 - mmengine - INFO - Saving checkpoint at 30 epochs
2026/08/04 17:34:09 - mmengine - INFO - per class results:
2026/08/04 17:34:09 - mmengine - INFO - 
+-------------+-------+-------+--------+-----------+--------+
|    Class    |  IoU  |  Acc  | Fscore | Precision | Recall |
+-------------+-------+-------+--------+-----------+--------+
|  background | 50.02 |  62.2 | 66.69  |   71.87   |  62.2  |
|  grassland  | 53.16 | 65.13 | 69.42  |    74.3   | 65.13  |
|   bareland  | 59.59 | 73.22 | 74.68  |    76.2   | 73.22  |
|     road    | 74.42 |  86.7 | 85.33  |   84.01   |  86.7  |
|    forest   |  88.6 | 95.95 | 93.96  |   92.04   | 95.95  |
|    river    | 82.65 | 90.11 |  90.5  |    90.9   | 90.11  |
|   cropland  | 84.39 | 91.81 | 91.53  |   91.26   | 91.81  |
| residential | 82.87 |  90.2 | 90.63  |   91.07   |  90.2  |
+-------------+-------+-------+--------+-----------+--------+
2026/08/04 17:34:09 - mmengine - INFO - Epoch(val) [30][27/27]    aAcc: 88.7800  mIoU: 71.9600  mAcc: 81.9200  mFscore: 82.8400  mPrecision: 83.9600  mRecall: 81.9200  data_time: 0.0291  time: 0.2677
2026/08/04 17:35:00 - mmengine - INFO - Epoch(train) [31][ 50/102]  base_lr: 3.9027e-04 lr: 3.9027e-05  eta: 0:33:53  time: 1.0326  data_time: 0.0132  memory: 29458  grad_norm: 32.8899  loss: 14.5886  decode.loss_cls: 0.0766  decode.loss_mask: 0.5832  decode.loss_dice: 0.7843  decode.d0.loss_cls: 0.2135  decode.d0.loss_mask: 0.5958  decode.d0.loss_dice: 0.7648  decode.d1.loss_cls: 0.1015  decode.d1.loss_mask: 0.5794  decode.d1.loss_dice: 0.7582  decode.d2.loss_cls: 0.1008  decode.d2.loss_mask: 0.5802  decode.d2.loss_dice: 0.7643  decode.d3.loss_cls: 0.0870  decode.d3.loss_mask: 0.5797  decode.d3.loss_dice: 0.7671  decode.d4.loss_cls: 0.0883  decode.d4.loss_mask: 0.5835  decode.d4.loss_dice: 0.7719  decode.d5.loss_cls: 0.0877  decode.d5.loss_mask: 0.5808  decode.d5.loss_dice: 0.7740  decode.d6.loss_cls: 0.0836  decode.d6.loss_mask: 0.5789  decode.d6.loss_dice: 0.7816  decode.d7.loss_cls: 0.1058  decode.d7.loss_mask: 0.5838  decode.d7.loss_dice: 0.7859  decode.d8.loss_cls: 0.0942  decode.d8.loss_mask: 0.5826  decode.d8.loss_dice: 0.7697
2026/08/04 17:35:51 - mmengine - INFO - Epoch(train) [31][100/102]  base_lr: 3.8047e-04 lr: 3.8047e-05  eta: 0:33:02  time: 1.0087  data_time: 0.0140  memory: 29425  grad_norm: 35.4088  loss: 14.8480  decode.loss_cls: 0.0440  decode.loss_mask: 0.5897  decode.loss_dice: 0.8242  decode.d0.loss_cls: 0.2288  decode.d0.loss_mask: 0.5989  decode.d0.loss_dice: 0.8387  decode.d1.loss_cls: 0.0504  decode.d1.loss_mask: 0.5941  decode.d1.loss_dice: 0.8357  decode.d2.loss_cls: 0.0513  decode.d2.loss_mask: 0.5916  decode.d2.loss_dice: 0.8296  decode.d3.loss_cls: 0.0486  decode.d3.loss_mask: 0.5915  decode.d3.loss_dice: 0.8200  decode.d4.loss_cls: 0.0546  decode.d4.loss_mask: 0.5913  decode.d4.loss_dice: 0.8179  decode.d5.loss_cls: 0.0503  decode.d5.loss_mask: 0.5900  decode.d5.loss_dice: 0.8231  decode.d6.loss_cls: 0.0486  decode.d6.loss_mask: 0.5915  decode.d6.loss_dice: 0.8115  decode.d7.loss_cls: 0.0466  decode.d7.loss_mask: 0.5911  decode.d7.loss_dice: 0.8378  decode.d8.loss_cls: 0.0615  decode.d8.loss_mask: 0.5843  decode.d8.loss_dice: 0.8108
2026/08/04 17:35:53 - mmengine - INFO - Exp name: ningbo2m_new_dinov3_m2f_tune18_50e_512x512_20260804_162413
2026/08/04 17:35:53 - mmengine - INFO - Saving checkpoint at 31 epochs
2026/08/04 17:36:16 - mmengine - INFO - per class results:
2026/08/04 17:36:16 - mmengine - INFO - 
+-------------+-------+-------+--------+-----------+--------+
|    Class    |  IoU  |  Acc  | Fscore | Precision | Recall |
+-------------+-------+-------+--------+-----------+--------+
|  background |  51.2 | 60.31 | 67.73  |   77.22   | 60.31  |
|  grassland  | 54.45 | 69.06 | 70.51  |   72.02   | 69.06  |
|   bareland  | 59.88 | 74.86 | 74.91  |   74.95   | 74.86  |
|     road    | 74.61 | 85.71 | 85.46  |   85.21   | 85.71  |
|    forest   | 88.53 | 95.03 | 93.92  |   92.83   | 95.03  |
|    river    | 82.92 | 89.29 | 90.66  |   92.08   | 89.29  |
|   cropland  | 84.58 | 91.67 | 91.65  |   91.63   | 91.67  |
| residential | 83.12 | 91.75 | 90.78  |   89.83   | 91.75  |
+-------------+-------+-------+--------+-----------+--------+
2026/08/04 17:36:16 - mmengine - INFO - Epoch(val) [31][27/27]    aAcc: 88.8600  mIoU: 72.4100  mAcc: 82.2100  mFscore: 83.2000  mPrecision: 84.4700  mRecall: 82.2100  data_time: 0.0308  time: 0.2699
2026/08/04 17:36:16 - mmengine - INFO - The previous best checkpoint /mnt/htzzb2/EO_test/wj1/qh2_work_dirs/ningbo2m_new_dinov3_m2f_tune18_50e_512x512/best_mIoU_epoch_28.pth is removed
2026/08/04 17:36:20 - mmengine - INFO - The best checkpoint with 72.4100 mIoU at 31 epoch is saved to best_mIoU_epoch_31.pth.
2026/08/04 17:37:23 - mmengine - INFO - Epoch(train) [32][ 50/102]  base_lr: 3.7027e-04 lr: 3.7027e-05  eta: 0:32:08  time: 1.0041  data_time: 0.0124  memory: 29418  grad_norm: 35.4683  loss: 15.3598  decode.loss_cls: 0.1236  decode.loss_mask: 0.5757  decode.loss_dice: 0.8113  decode.d0.loss_cls: 0.2868  decode.d0.loss_mask: 0.5778  decode.d0.loss_dice: 0.8230  decode.d1.loss_cls: 0.1481  decode.d1.loss_mask: 0.5657  decode.d1.loss_dice: 0.8231  decode.d2.loss_cls: 0.1016  decode.d2.loss_mask: 0.5810  decode.d2.loss_dice: 0.8284  decode.d3.loss_cls: 0.0917  decode.d3.loss_mask: 0.5798  decode.d3.loss_dice: 0.8370  decode.d4.loss_cls: 0.1087  decode.d4.loss_mask: 0.5785  decode.d4.loss_dice: 0.8132  decode.d5.loss_cls: 0.1071  decode.d5.loss_mask: 0.5791  decode.d5.loss_dice: 0.8306  decode.d6.loss_cls: 0.1139  decode.d6.loss_mask: 0.5770  decode.d6.loss_dice: 0.8207  decode.d7.loss_cls: 0.1251  decode.d7.loss_mask: 0.5784  decode.d7.loss_dice: 0.8256  decode.d8.loss_cls: 0.1546  decode.d8.loss_mask: 0.5747  decode.d8.loss_dice: 0.8181
2026/08/04 17:38:14 - mmengine - INFO - Epoch(train) [32][100/102]  base_lr: 3.6046e-04 lr: 3.6046e-05  eta: 0:31:17  time: 1.0011  data_time: 0.0132  memory: 29420  grad_norm: 32.8937  loss: 14.9976  decode.loss_cls: 0.1007  decode.loss_mask: 0.5871  decode.loss_dice: 0.7751  decode.d0.loss_cls: 0.3208  decode.d0.loss_mask: 0.5996  decode.d0.loss_dice: 0.7702  decode.d1.loss_cls: 0.1047  decode.d1.loss_mask: 0.5821  decode.d1.loss_dice: 0.7796  decode.d2.loss_cls: 0.1227  decode.d2.loss_mask: 0.5790  decode.d2.loss_dice: 0.7889  decode.d3.loss_cls: 0.1073  decode.d3.loss_mask: 0.5861  decode.d3.loss_dice: 0.7804  decode.d4.loss_cls: 0.1279  decode.d4.loss_mask: 0.5855  decode.d4.loss_dice: 0.7725  decode.d5.loss_cls: 0.1236  decode.d5.loss_mask: 0.5801  decode.d5.loss_dice: 0.7632  decode.d6.loss_cls: 0.1200  decode.d6.loss_mask: 0.5923  decode.d6.loss_dice: 0.7695  decode.d7.loss_cls: 0.1201  decode.d7.loss_mask: 0.5878  decode.d7.loss_dice: 0.7792  decode.d8.loss_cls: 0.1251  decode.d8.loss_mask: 0.5908  decode.d8.loss_dice: 0.7755
2026/08/04 17:38:16 - mmengine - INFO - Exp name: ningbo2m_new_dinov3_m2f_tune18_50e_512x512_20260804_162413
2026/08/04 17:38:16 - mmengine - INFO - Saving checkpoint at 32 epochs
2026/08/04 17:38:38 - mmengine - INFO - per class results:
2026/08/04 17:38:38 - mmengine - INFO - 
+-------------+-------+-------+--------+-----------+--------+
|    Class    |  IoU  |  Acc  | Fscore | Precision | Recall |
+-------------+-------+-------+--------+-----------+--------+
|  background | 51.47 | 65.03 | 67.96  |   71.17   | 65.03  |
|  grassland  | 54.47 | 69.24 | 70.52  |   71.85   | 69.24  |
|   bareland  | 59.53 | 73.45 | 74.63  |   75.85   | 73.45  |
|     road    | 74.46 | 86.63 | 85.36  |   84.13   | 86.63  |
|    forest   | 87.96 | 94.06 | 93.59  |   93.13   | 94.06  |
|    river    | 81.46 | 91.48 | 89.78  |   88.15   | 91.48  |
|   cropland  | 84.63 |  91.1 | 91.67  |   92.25   |  91.1  |
| residential | 83.01 | 90.53 | 90.72  |   90.91   | 90.53  |
+-------------+-------+-------+--------+-----------+--------+
2026/08/04 17:38:38 - mmengine - INFO - Epoch(val) [32][27/27]    aAcc: 88.5800  mIoU: 72.1200  mAcc: 82.6900  mFscore: 83.0300  mPrecision: 83.4300  mRecall: 82.6900  data_time: 0.0314  time: 0.2695
2026/08/04 17:39:30 - mmengine - INFO - Epoch(train) [33][ 50/102]  base_lr: 3.5026e-04 lr: 3.5026e-05  eta: 0:30:24  time: 1.0322  data_time: 0.0133  memory: 29411  grad_norm: 32.5771  loss: 13.7620  decode.loss_cls: 0.1133  decode.loss_mask: 0.4912  decode.loss_dice: 0.7499  decode.d0.loss_cls: 0.2659  decode.d0.loss_mask: 0.5033  decode.d0.loss_dice: 0.7488  decode.d1.loss_cls: 0.1628  decode.d1.loss_mask: 0.4960  decode.d1.loss_dice: 0.7367  decode.d2.loss_cls: 0.1131  decode.d2.loss_mask: 0.4934  decode.d2.loss_dice: 0.7400  decode.d3.loss_cls: 0.1113  decode.d3.loss_mask: 0.4922  decode.d3.loss_dice: 0.7496  decode.d4.loss_cls: 0.1194  decode.d4.loss_mask: 0.4928  decode.d4.loss_dice: 0.7587  decode.d5.loss_cls: 0.1319  decode.d5.loss_mask: 0.4902  decode.d5.loss_dice: 0.7514  decode.d6.loss_cls: 0.1312  decode.d6.loss_mask: 0.4893  decode.d6.loss_dice: 0.7405  decode.d7.loss_cls: 0.0979  decode.d7.loss_mask: 0.4921  decode.d7.loss_dice: 0.7486  decode.d8.loss_cls: 0.1084  decode.d8.loss_mask: 0.4938  decode.d8.loss_dice: 0.7481
2026/08/04 17:40:20 - mmengine - INFO - Epoch(train) [33][100/102]  base_lr: 3.4046e-04 lr: 3.4046e-05  eta: 0:29:32  time: 1.0032  data_time: 0.0142  memory: 29436  grad_norm: 32.4146  loss: 14.1240  decode.loss_cls: 0.0974  decode.loss_mask: 0.5281  decode.loss_dice: 0.7556  decode.d0.loss_cls: 0.3053  decode.d0.loss_mask: 0.5493  decode.d0.loss_dice: 0.7497  decode.d1.loss_cls: 0.1109  decode.d1.loss_mask: 0.5319  decode.d1.loss_dice: 0.7726  decode.d2.loss_cls: 0.1154  decode.d2.loss_mask: 0.5266  decode.d2.loss_dice: 0.7547  decode.d3.loss_cls: 0.1054  decode.d3.loss_mask: 0.5293  decode.d3.loss_dice: 0.7638  decode.d4.loss_cls: 0.0984  decode.d4.loss_mask: 0.5300  decode.d4.loss_dice: 0.7591  decode.d5.loss_cls: 0.0931  decode.d5.loss_mask: 0.5318  decode.d5.loss_dice: 0.7608  decode.d6.loss_cls: 0.0957  decode.d6.loss_mask: 0.5287  decode.d6.loss_dice: 0.7482  decode.d7.loss_cls: 0.0958  decode.d7.loss_mask: 0.5312  decode.d7.loss_dice: 0.7562  decode.d8.loss_cls: 0.1071  decode.d8.loss_mask: 0.5322  decode.d8.loss_dice: 0.7598
2026/08/04 17:40:22 - mmengine - INFO - Exp name: ningbo2m_new_dinov3_m2f_tune18_50e_512x512_20260804_162413
2026/08/04 17:40:22 - mmengine - INFO - Saving checkpoint at 33 epochs
2026/08/04 17:40:45 - mmengine - INFO - per class results:
2026/08/04 17:40:45 - mmengine - INFO - 
+-------------+-------+-------+--------+-----------+--------+
|    Class    |  IoU  |  Acc  | Fscore | Precision | Recall |
+-------------+-------+-------+--------+-----------+--------+
|  background | 53.49 |  66.6 |  69.7  |    73.1   |  66.6  |
|  grassland  | 54.09 | 69.79 |  70.2  |   70.62   | 69.79  |
|   bareland  | 59.29 | 72.06 | 74.44  |   76.98   | 72.06  |
|     road    | 74.77 | 86.03 | 85.57  |    85.1   | 86.03  |
|    forest   | 88.64 | 94.86 | 93.98  |    93.1   | 94.86  |
|    river    | 83.42 | 92.22 | 90.96  |   89.73   | 92.22  |
|   cropland  | 84.78 | 90.93 | 91.77  |   92.61   | 90.93  |
| residential | 83.06 | 90.33 | 90.74  |   91.16   | 90.33  |
+-------------+-------+-------+--------+-----------+--------+
2026/08/04 17:40:45 - mmengine - INFO - Epoch(val) [33][27/27]    aAcc: 88.8900  mIoU: 72.6900  mAcc: 82.8500  mFscore: 83.4200  mPrecision: 84.0500  mRecall: 82.8500  data_time: 0.0331  time: 0.2720
2026/08/04 17:40:45 - mmengine - INFO - The previous best checkpoint /mnt/htzzb2/EO_test/wj1/qh2_work_dirs/ningbo2m_new_dinov3_m2f_tune18_50e_512x512/best_mIoU_epoch_31.pth is removed
2026/08/04 17:40:50 - mmengine - INFO - The best checkpoint with 72.6900 mIoU at 33 epoch is saved to best_mIoU_epoch_33.pth.
2026/08/04 17:41:54 - mmengine - INFO - Epoch(train) [34][ 50/102]  base_lr: 3.3026e-04 lr: 3.3026e-05  eta: 0:28:39  time: 1.0051  data_time: 0.0136  memory: 29405  grad_norm: 31.3471  loss: 14.5213  decode.loss_cls: 0.0627  decode.loss_mask: 0.5568  decode.loss_dice: 0.7807  decode.d0.loss_cls: 0.3006  decode.d0.loss_mask: 0.5699  decode.d0.loss_dice: 0.7673  decode.d1.loss_cls: 0.1262  decode.d1.loss_mask: 0.5566  decode.d1.loss_dice: 0.7836  decode.d2.loss_cls: 0.1198  decode.d2.loss_mask: 0.5532  decode.d2.loss_dice: 0.7685  decode.d3.loss_cls: 0.1162  decode.d3.loss_mask: 0.5552  decode.d3.loss_dice: 0.7861  decode.d4.loss_cls: 0.1082  decode.d4.loss_mask: 0.5543  decode.d4.loss_dice: 0.7765  decode.d5.loss_cls: 0.0851  decode.d5.loss_mask: 0.5569  decode.d5.loss_dice: 0.7835  decode.d6.loss_cls: 0.0733  decode.d6.loss_mask: 0.5590  decode.d6.loss_dice: 0.7772  decode.d7.loss_cls: 0.0665  decode.d7.loss_mask: 0.5620  decode.d7.loss_dice: 0.7881  decode.d8.loss_cls: 0.0771  decode.d8.loss_mask: 0.5605  decode.d8.loss_dice: 0.7898
2026/08/04 17:42:44 - mmengine - INFO - Epoch(train) [34][100/102]  base_lr: 3.2045e-04 lr: 3.2045e-05  eta: 0:27:48  time: 1.0021  data_time: 0.0140  memory: 29448  grad_norm: 34.0049  loss: 13.2458  decode.loss_cls: 0.1848  decode.loss_mask: 0.4402  decode.loss_dice: 0.6892  decode.d0.loss_cls: 0.3645  decode.d0.loss_mask: 0.4460  decode.d0.loss_dice: 0.7057  decode.d1.loss_cls: 0.1544  decode.d1.loss_mask: 0.4426  decode.d1.loss_dice: 0.6960  decode.d2.loss_cls: 0.1658  decode.d2.loss_mask: 0.4427  decode.d2.loss_dice: 0.6942  decode.d3.loss_cls: 0.1561  decode.d3.loss_mask: 0.4414  decode.d3.loss_dice: 0.6925  decode.d4.loss_cls: 0.1702  decode.d4.loss_mask: 0.4423  decode.d4.loss_dice: 0.6954  decode.d5.loss_cls: 0.1718  decode.d5.loss_mask: 0.4386  decode.d5.loss_dice: 0.6928  decode.d6.loss_cls: 0.1618  decode.d6.loss_mask: 0.4406  decode.d6.loss_dice: 0.7002  decode.d7.loss_cls: 0.1834  decode.d7.loss_mask: 0.4413  decode.d7.loss_dice: 0.6936  decode.d8.loss_cls: 0.1705  decode.d8.loss_mask: 0.4434  decode.d8.loss_dice: 0.6837
2026/08/04 17:42:46 - mmengine - INFO - Exp name: ningbo2m_new_dinov3_m2f_tune18_50e_512x512_20260804_162413
2026/08/04 17:42:47 - mmengine - INFO - Saving checkpoint at 34 epochs
2026/08/04 17:43:09 - mmengine - INFO - per class results:
2026/08/04 17:43:09 - mmengine - INFO - 
+-------------+-------+-------+--------+-----------+--------+
|    Class    |  IoU  |  Acc  | Fscore | Precision | Recall |
+-------------+-------+-------+--------+-----------+--------+
|  background | 52.76 | 65.88 | 69.07  |   72.59   | 65.88  |
|  grassland  | 53.47 | 66.61 | 69.68  |   73.05   | 66.61  |
|   bareland  | 59.63 | 71.57 | 74.71  |   78.14   | 71.57  |
|     road    | 73.91 | 87.51 |  85.0  |   82.63   | 87.51  |
|    forest   | 88.31 | 95.33 | 93.79  |    92.3   | 95.33  |
|    river    |  82.9 | 90.99 | 90.65  |   90.31   | 90.99  |
|   cropland  | 84.39 | 90.41 | 91.53  |   92.69   | 90.41  |
| residential | 83.22 | 92.69 | 90.84  |   89.07   | 92.69  |
+-------------+-------+-------+--------+-----------+--------+
2026/08/04 17:43:09 - mmengine - INFO - Epoch(val) [34][27/27]    aAcc: 88.7800  mIoU: 72.3200  mAcc: 82.6200  mFscore: 83.1600  mPrecision: 83.8500  mRecall: 82.6200  data_time: 0.0276  time: 0.2661
2026/08/04 17:44:00 - mmengine - INFO - Epoch(train) [35][ 50/102]  base_lr: 3.1026e-04 lr: 3.1026e-05  eta: 0:26:55  time: 1.0031  data_time: 0.0127  memory: 29412  grad_norm: 30.3018  loss: 12.8798  decode.loss_cls: 0.0832  decode.loss_mask: 0.5000  decode.loss_dice: 0.6832  decode.d0.loss_cls: 0.2865  decode.d0.loss_mask: 0.5138  decode.d0.loss_dice: 0.6701  decode.d1.loss_cls: 0.1141  decode.d1.loss_mask: 0.5045  decode.d1.loss_dice: 0.6842  decode.d2.loss_cls: 0.0901  decode.d2.loss_mask: 0.5018  decode.d2.loss_dice: 0.6899  decode.d3.loss_cls: 0.0757  decode.d3.loss_mask: 0.5011  decode.d3.loss_dice: 0.6748  decode.d4.loss_cls: 0.0749  decode.d4.loss_mask: 0.4983  decode.d4.loss_dice: 0.6746  decode.d5.loss_cls: 0.0739  decode.d5.loss_mask: 0.4980  decode.d5.loss_dice: 0.6945  decode.d6.loss_cls: 0.0801  decode.d6.loss_mask: 0.4992  decode.d6.loss_dice: 0.6854  decode.d7.loss_cls: 0.0773  decode.d7.loss_mask: 0.4988  decode.d7.loss_dice: 0.6869  decode.d8.loss_cls: 0.0788  decode.d8.loss_mask: 0.4998  decode.d8.loss_dice: 0.6864
2026/08/04 17:44:51 - mmengine - INFO - Epoch(train) [35][100/102]  base_lr: 3.0045e-04 lr: 3.0045e-05  eta: 0:26:04  time: 1.0061  data_time: 0.0139  memory: 29436  grad_norm: 28.1227  loss: 13.9218  decode.loss_cls: 0.0621  decode.loss_mask: 0.5656  decode.loss_dice: 0.7508  decode.d0.loss_cls: 0.2701  decode.d0.loss_mask: 0.5817  decode.d0.loss_dice: 0.7188  decode.d1.loss_cls: 0.0692  decode.d1.loss_mask: 0.5683  decode.d1.loss_dice: 0.7453  decode.d2.loss_cls: 0.0503  decode.d2.loss_mask: 0.5688  decode.d2.loss_dice: 0.7489  decode.d3.loss_cls: 0.0542  decode.d3.loss_mask: 0.5679  decode.d3.loss_dice: 0.7509  decode.d4.loss_cls: 0.0451  decode.d4.loss_mask: 0.5678  decode.d4.loss_dice: 0.7445  decode.d5.loss_cls: 0.0489  decode.d5.loss_mask: 0.5714  decode.d5.loss_dice: 0.7474  decode.d6.loss_cls: 0.0553  decode.d6.loss_mask: 0.5718  decode.d6.loss_dice: 0.7517  decode.d7.loss_cls: 0.0750  decode.d7.loss_mask: 0.5660  decode.d7.loss_dice: 0.7473  decode.d8.loss_cls: 0.0536  decode.d8.loss_mask: 0.5629  decode.d8.loss_dice: 0.7401
2026/08/04 17:44:53 - mmengine - INFO - Exp name: ningbo2m_new_dinov3_m2f_tune18_50e_512x512_20260804_162413
2026/08/04 17:44:53 - mmengine - INFO - Saving checkpoint at 35 epochs
2026/08/04 17:45:15 - mmengine - INFO - per class results:
2026/08/04 17:45:15 - mmengine - INFO - 
+-------------+-------+-------+--------+-----------+--------+
|    Class    |  IoU  |  Acc  | Fscore | Precision | Recall |
+-------------+-------+-------+--------+-----------+--------+
|  background | 51.53 |  59.9 | 68.01  |   78.68   |  59.9  |
|  grassland  | 54.16 | 69.03 | 70.27  |   71.55   | 69.03  |
|   bareland  | 59.58 | 71.48 | 74.67  |   78.17   | 71.48  |
|     road    | 74.92 | 85.38 | 85.67  |   85.95   | 85.38  |
|    forest   | 88.53 | 95.11 | 93.92  |   92.75   | 95.11  |
|    river    |  82.8 | 91.68 | 90.59  |   89.53   | 91.68  |
|   cropland  | 84.51 | 90.92 |  91.6  |    92.3   | 90.92  |
| residential | 83.41 | 92.16 | 90.95  |   89.78   | 92.16  |
+-------------+-------+-------+--------+-----------+--------+
2026/08/04 17:45:15 - mmengine - INFO - Epoch(val) [35][27/27]    aAcc: 88.8800  mIoU: 72.4300  mAcc: 81.9600  mFscore: 83.2100  mPrecision: 84.8400  mRecall: 81.9600  data_time: 0.0286  time: 0.2675
2026/08/04 17:46:06 - mmengine - INFO - Epoch(train) [36][ 50/102]  base_lr: 2.9025e-04 lr: 2.9025e-05  eta: 0:25:10  time: 1.0128  data_time: 0.0137  memory: 29430  grad_norm: 28.7364  loss: 12.8167  decode.loss_cls: 0.0878  decode.loss_mask: 0.4614  decode.loss_dice: 0.7150  decode.d0.loss_cls: 0.2849  decode.d0.loss_mask: 0.4647  decode.d0.loss_dice: 0.7175  decode.d1.loss_cls: 0.1100  decode.d1.loss_mask: 0.4652  decode.d1.loss_dice: 0.6999  decode.d2.loss_cls: 0.0867  decode.d2.loss_mask: 0.4589  decode.d2.loss_dice: 0.7035  decode.d3.loss_cls: 0.0857  decode.d3.loss_mask: 0.4590  decode.d3.loss_dice: 0.7124  decode.d4.loss_cls: 0.0819  decode.d4.loss_mask: 0.4551  decode.d4.loss_dice: 0.7007  decode.d5.loss_cls: 0.0823  decode.d5.loss_mask: 0.4600  decode.d5.loss_dice: 0.7241  decode.d6.loss_cls: 0.0965  decode.d6.loss_mask: 0.4630  decode.d6.loss_dice: 0.7128  decode.d7.loss_cls: 0.0984  decode.d7.loss_mask: 0.4621  decode.d7.loss_dice: 0.7068  decode.d8.loss_cls: 0.0893  decode.d8.loss_mask: 0.4622  decode.d8.loss_dice: 0.7089
2026/08/04 17:46:56 - mmengine - INFO - Epoch(train) [36][100/102]  base_lr: 2.8045e-04 lr: 2.8045e-05  eta: 0:24:19  time: 1.0038  data_time: 0.0133  memory: 29439  grad_norm: 27.9315  loss: 14.1787  decode.loss_cls: 0.0659  decode.loss_mask: 0.5741  decode.loss_dice: 0.7374  decode.d0.loss_cls: 0.2630  decode.d0.loss_mask: 0.5892  decode.d0.loss_dice: 0.7273  decode.d1.loss_cls: 0.1138  decode.d1.loss_mask: 0.5840  decode.d1.loss_dice: 0.7373  decode.d2.loss_cls: 0.0678  decode.d2.loss_mask: 0.5772  decode.d2.loss_dice: 0.7503  decode.d3.loss_cls: 0.0738  decode.d3.loss_mask: 0.5852  decode.d3.loss_dice: 0.7378  decode.d4.loss_cls: 0.0718  decode.d4.loss_mask: 0.5748  decode.d4.loss_dice: 0.7521  decode.d5.loss_cls: 0.0822  decode.d5.loss_mask: 0.5783  decode.d5.loss_dice: 0.7436  decode.d6.loss_cls: 0.0864  decode.d6.loss_mask: 0.5746  decode.d6.loss_dice: 0.7425  decode.d7.loss_cls: 0.0760  decode.d7.loss_mask: 0.5803  decode.d7.loss_dice: 0.7438  decode.d8.loss_cls: 0.0694  decode.d8.loss_mask: 0.5775  decode.d8.loss_dice: 0.7412
2026/08/04 17:46:58 - mmengine - INFO - Exp name: ningbo2m_new_dinov3_m2f_tune18_50e_512x512_20260804_162413
2026/08/04 17:46:58 - mmengine - INFO - Saving checkpoint at 36 epochs
2026/08/04 17:47:20 - mmengine - INFO - per class results:
2026/08/04 17:47:20 - mmengine - INFO - 
+-------------+-------+-------+--------+-----------+--------+
|    Class    |  IoU  |  Acc  | Fscore | Precision | Recall |
+-------------+-------+-------+--------+-----------+--------+
|  background | 50.76 | 62.56 | 67.34  |   72.92   | 62.56  |
|  grassland  | 53.37 | 67.11 |  69.6  |   72.27   | 67.11  |
|   bareland  | 58.12 | 70.73 | 73.52  |   76.53   | 70.73  |
|     road    | 74.96 | 85.32 | 85.69  |   86.06   | 85.32  |
|    forest   | 88.39 | 95.58 | 93.84  |   92.15   | 95.58  |
|    river    | 81.13 | 87.17 | 89.58  |   92.12   | 87.17  |
|   cropland  | 84.16 | 92.11 |  91.4  |   90.69   | 92.11  |
| residential | 83.14 |  92.4 | 90.79  |   89.24   |  92.4  |
+-------------+-------+-------+--------+-----------+--------+
2026/08/04 17:47:20 - mmengine - INFO - Epoch(val) [36][27/27]    aAcc: 88.5400  mIoU: 71.7500  mAcc: 81.6200  mFscore: 82.7200  mPrecision: 84.0000  mRecall: 81.6200  data_time: 0.0327  time: 0.2711
2026/08/04 17:48:12 - mmengine - INFO - Epoch(train) [37][ 50/102]  base_lr: 2.7025e-04 lr: 2.7025e-05  eta: 0:23:26  time: 1.0054  data_time: 0.0135  memory: 29428  grad_norm: 28.6632  loss: 13.3327  decode.loss_cls: 0.0779  decode.loss_mask: 0.5367  decode.loss_dice: 0.7075  decode.d0.loss_cls: 0.3122  decode.d0.loss_mask: 0.5413  decode.d0.loss_dice: 0.6989  decode.d1.loss_cls: 0.0810  decode.d1.loss_mask: 0.5343  decode.d1.loss_dice: 0.7021  decode.d2.loss_cls: 0.0628  decode.d2.loss_mask: 0.5347  decode.d2.loss_dice: 0.7064  decode.d3.loss_cls: 0.0662  decode.d3.loss_mask: 0.5412  decode.d3.loss_dice: 0.7018  decode.d4.loss_cls: 0.0574  decode.d4.loss_mask: 0.5373  decode.d4.loss_dice: 0.6991  decode.d5.loss_cls: 0.0861  decode.d5.loss_mask: 0.5380  decode.d5.loss_dice: 0.6898  decode.d6.loss_cls: 0.0586  decode.d6.loss_mask: 0.5383  decode.d6.loss_dice: 0.6987  decode.d7.loss_cls: 0.0693  decode.d7.loss_mask: 0.5366  decode.d7.loss_dice: 0.7085  decode.d8.loss_cls: 0.0682  decode.d8.loss_mask: 0.5332  decode.d8.loss_dice: 0.7087
2026/08/04 17:49:02 - mmengine - INFO - Epoch(train) [37][100/102]  base_lr: 2.6044e-04 lr: 2.6044e-05  eta: 0:22:35  time: 1.0283  data_time: 0.0133  memory: 29466  grad_norm: 28.8158  loss: 13.4967  decode.loss_cls: 0.0690  decode.loss_mask: 0.5074  decode.loss_dice: 0.7563  decode.d0.loss_cls: 0.2025  decode.d0.loss_mask: 0.5172  decode.d0.loss_dice: 0.7587  decode.d1.loss_cls: 0.0714  decode.d1.loss_mask: 0.5090  decode.d1.loss_dice: 0.7556  decode.d2.loss_cls: 0.0926  decode.d2.loss_mask: 0.5059  decode.d2.loss_dice: 0.7575  decode.d3.loss_cls: 0.0661  decode.d3.loss_mask: 0.5091  decode.d3.loss_dice: 0.7569  decode.d4.loss_cls: 0.0675  decode.d4.loss_mask: 0.5090  decode.d4.loss_dice: 0.7501  decode.d5.loss_cls: 0.0647  decode.d5.loss_mask: 0.5085  decode.d5.loss_dice: 0.7644  decode.d6.loss_cls: 0.0485  decode.d6.loss_mask: 0.5091  decode.d6.loss_dice: 0.7612  decode.d7.loss_cls: 0.0636  decode.d7.loss_mask: 0.5075  decode.d7.loss_dice: 0.7660  decode.d8.loss_cls: 0.0678  decode.d8.loss_mask: 0.5042  decode.d8.loss_dice: 0.7695
2026/08/04 17:49:04 - mmengine - INFO - Exp name: ningbo2m_new_dinov3_m2f_tune18_50e_512x512_20260804_162413
2026/08/04 17:49:05 - mmengine - INFO - Saving checkpoint at 37 epochs
2026/08/04 17:49:27 - mmengine - INFO - per class results:
2026/08/04 17:49:27 - mmengine - INFO - 
+-------------+-------+-------+--------+-----------+--------+
|    Class    |  IoU  |  Acc  | Fscore | Precision | Recall |
+-------------+-------+-------+--------+-----------+--------+
|  background | 50.85 | 60.18 | 67.42  |   76.63   | 60.18  |
|  grassland  | 53.18 | 65.45 | 69.43  |   73.93   | 65.45  |
|   bareland  | 60.03 | 73.16 | 75.02  |   76.98   | 73.16  |
|     road    |  74.9 |  84.5 | 85.65  |   86.83   |  84.5  |
|    forest   | 88.57 | 95.96 | 93.94  |    92.0   | 95.96  |
|    river    | 83.04 | 89.63 | 90.73  |   91.87   | 89.63  |
|   cropland  |  84.5 |  92.2 |  91.6  |    91.0   |  92.2  |
| residential | 83.34 | 91.89 | 90.91  |   89.95   | 91.89  |
+-------------+-------+-------+--------+-----------+--------+
2026/08/04 17:49:27 - mmengine - INFO - Epoch(val) [37][27/27]    aAcc: 88.9000  mIoU: 72.3000  mAcc: 81.6200  mFscore: 83.0900  mPrecision: 84.9000  mRecall: 81.6200  data_time: 0.0312  time: 0.2696
2026/08/04 17:50:18 - mmengine - INFO - Epoch(train) [38][ 50/102]  base_lr: 2.5025e-04 lr: 2.5025e-05  eta: 0:21:42  time: 1.0344  data_time: 0.0135  memory: 29411  grad_norm: 30.7046  loss: 11.6333  decode.loss_cls: 0.0377  decode.loss_mask: 0.4592  decode.loss_dice: 0.6429  decode.d0.loss_cls: 0.2420  decode.d0.loss_mask: 0.4745  decode.d0.loss_dice: 0.6303  decode.d1.loss_cls: 0.0548  decode.d1.loss_mask: 0.4613  decode.d1.loss_dice: 0.6345  decode.d2.loss_cls: 0.0426  decode.d2.loss_mask: 0.4604  decode.d2.loss_dice: 0.6393  decode.d3.loss_cls: 0.0401  decode.d3.loss_mask: 0.4603  decode.d3.loss_dice: 0.6276  decode.d4.loss_cls: 0.0395  decode.d4.loss_mask: 0.4620  decode.d4.loss_dice: 0.6367  decode.d5.loss_cls: 0.0368  decode.d5.loss_mask: 0.4621  decode.d5.loss_dice: 0.6347  decode.d6.loss_cls: 0.0360  decode.d6.loss_mask: 0.4616  decode.d6.loss_dice: 0.6306  decode.d7.loss_cls: 0.0574  decode.d7.loss_mask: 0.4605  decode.d7.loss_dice: 0.6447  decode.d8.loss_cls: 0.0627  decode.d8.loss_mask: 0.4595  decode.d8.loss_dice: 0.6412
2026/08/04 17:51:09 - mmengine - INFO - Epoch(train) [38][100/102]  base_lr: 2.4044e-04 lr: 2.4044e-05  eta: 0:20:51  time: 1.0051  data_time: 0.0140  memory: 29429  grad_norm: 28.1994  loss: 11.8173  decode.loss_cls: 0.0784  decode.loss_mask: 0.4336  decode.loss_dice: 0.6744  decode.d0.loss_cls: 0.2690  decode.d0.loss_mask: 0.4389  decode.d0.loss_dice: 0.6439  decode.d1.loss_cls: 0.0702  decode.d1.loss_mask: 0.4345  decode.d1.loss_dice: 0.6750  decode.d2.loss_cls: 0.0568  decode.d2.loss_mask: 0.4301  decode.d2.loss_dice: 0.6831  decode.d3.loss_cls: 0.0549  decode.d3.loss_mask: 0.4328  decode.d3.loss_dice: 0.6659  decode.d4.loss_cls: 0.0501  decode.d4.loss_mask: 0.4304  decode.d4.loss_dice: 0.6863  decode.d5.loss_cls: 0.0488  decode.d5.loss_mask: 0.4312  decode.d5.loss_dice: 0.6680  decode.d6.loss_cls: 0.0698  decode.d6.loss_mask: 0.4326  decode.d6.loss_dice: 0.6563  decode.d7.loss_cls: 0.0525  decode.d7.loss_mask: 0.4330  decode.d7.loss_dice: 0.6678  decode.d8.loss_cls: 0.0481  decode.d8.loss_mask: 0.4291  decode.d8.loss_dice: 0.6718
2026/08/04 17:51:11 - mmengine - INFO - Exp name: ningbo2m_new_dinov3_m2f_tune18_50e_512x512_20260804_162413
2026/08/04 17:51:11 - mmengine - INFO - Saving checkpoint at 38 epochs
2026/08/04 17:51:33 - mmengine - INFO - per class results:
2026/08/04 17:51:33 - mmengine - INFO - 
+-------------+-------+-------+--------+-----------+--------+
|    Class    |  IoU  |  Acc  | Fscore | Precision | Recall |
+-------------+-------+-------+--------+-----------+--------+
|  background | 52.23 | 62.89 | 68.62  |    75.5   | 62.89  |
|  grassland  | 53.64 | 67.53 | 69.82  |   72.27   | 67.53  |
|   bareland  | 60.13 | 76.23 |  75.1  |   74.01   | 76.23  |
|     road    | 74.95 | 84.53 | 85.68  |   86.87   | 84.53  |
|    forest   | 88.51 | 95.63 |  93.9  |   92.24   | 95.63  |
|    river    |  82.9 | 89.78 | 90.65  |   91.54   | 89.78  |
|   cropland  | 84.68 | 91.43 | 91.71  |   91.99   | 91.43  |
| residential | 82.99 | 89.73 | 90.71  |    91.7   | 89.73  |
+-------------+-------+-------+--------+-----------+--------+
2026/08/04 17:51:33 - mmengine - INFO - Epoch(val) [38][27/27]    aAcc: 88.8400  mIoU: 72.5000  mAcc: 82.2200  mFscore: 83.2700  mPrecision: 84.5200  mRecall: 82.2200  data_time: 0.0274  time: 0.2662
2026/08/04 17:52:24 - mmengine - INFO - Epoch(train) [39][ 50/102]  base_lr: 2.3024e-04 lr: 2.3024e-05  eta: 0:19:58  time: 1.0086  data_time: 0.0134  memory: 29436  grad_norm: 26.2310  loss: 12.6969  decode.loss_cls: 0.0958  decode.loss_mask: 0.4382  decode.loss_dice: 0.7155  decode.d0.loss_cls: 0.3034  decode.d0.loss_mask: 0.4483  decode.d0.loss_dice: 0.7258  decode.d1.loss_cls: 0.0798  decode.d1.loss_mask: 0.4433  decode.d1.loss_dice: 0.7416  decode.d2.loss_cls: 0.0837  decode.d2.loss_mask: 0.4400  decode.d2.loss_dice: 0.7221  decode.d3.loss_cls: 0.0872  decode.d3.loss_mask: 0.4428  decode.d3.loss_dice: 0.7203  decode.d4.loss_cls: 0.0729  decode.d4.loss_mask: 0.4425  decode.d4.loss_dice: 0.7248  decode.d5.loss_cls: 0.0794  decode.d5.loss_mask: 0.4418  decode.d5.loss_dice: 0.7270  decode.d6.loss_cls: 0.0801  decode.d6.loss_mask: 0.4417  decode.d6.loss_dice: 0.7325  decode.d7.loss_cls: 0.0739  decode.d7.loss_mask: 0.4416  decode.d7.loss_dice: 0.7260  decode.d8.loss_cls: 0.0698  decode.d8.loss_mask: 0.4408  decode.d8.loss_dice: 0.7142
2026/08/04 17:53:14 - mmengine - INFO - Epoch(train) [39][100/102]  base_lr: 2.2044e-04 lr: 2.2044e-05  eta: 0:19:07  time: 1.0016  data_time: 0.0139  memory: 29457  grad_norm: 26.6099  loss: 11.2475  decode.loss_cls: 0.0565  decode.loss_mask: 0.4268  decode.loss_dice: 0.6272  decode.d0.loss_cls: 0.2541  decode.d0.loss_mask: 0.4355  decode.d0.loss_dice: 0.6161  decode.d1.loss_cls: 0.0612  decode.d1.loss_mask: 0.4275  decode.d1.loss_dice: 0.6197  decode.d2.loss_cls: 0.0547  decode.d2.loss_mask: 0.4282  decode.d2.loss_dice: 0.6281  decode.d3.loss_cls: 0.0565  decode.d3.loss_mask: 0.4267  decode.d3.loss_dice: 0.6106  decode.d4.loss_cls: 0.0489  decode.d4.loss_mask: 0.4263  decode.d4.loss_dice: 0.6172  decode.d5.loss_cls: 0.0580  decode.d5.loss_mask: 0.4269  decode.d5.loss_dice: 0.6188  decode.d6.loss_cls: 0.0564  decode.d6.loss_mask: 0.4268  decode.d6.loss_dice: 0.6231  decode.d7.loss_cls: 0.0643  decode.d7.loss_mask: 0.4280  decode.d7.loss_dice: 0.6187  decode.d8.loss_cls: 0.0542  decode.d8.loss_mask: 0.4269  decode.d8.loss_dice: 0.6238
2026/08/04 17:53:16 - mmengine - INFO - Exp name: ningbo2m_new_dinov3_m2f_tune18_50e_512x512_20260804_162413
2026/08/04 17:53:17 - mmengine - INFO - Saving checkpoint at 39 epochs
2026/08/04 17:53:38 - mmengine - INFO - per class results:
2026/08/04 17:53:38 - mmengine - INFO - 
+-------------+-------+-------+--------+-----------+--------+
|    Class    |  IoU  |  Acc  | Fscore | Precision | Recall |
+-------------+-------+-------+--------+-----------+--------+
|  background | 53.64 | 66.91 | 69.82  |    73.0   | 66.91  |
|  grassland  | 53.16 | 66.25 | 69.42  |   72.91   | 66.25  |
|   bareland  | 59.98 | 73.33 | 74.98  |   76.71   | 73.33  |
|     road    | 75.08 | 84.88 | 85.77  |   86.67   | 84.88  |
|    forest   | 88.56 | 96.49 | 93.93  |   91.51   | 96.49  |
|    river    | 81.94 | 87.77 | 90.08  |    92.5   | 87.77  |
|   cropland  | 83.87 | 89.88 | 91.23  |   92.61   | 89.88  |
| residential | 83.04 | 92.77 | 90.73  |   88.79   | 92.77  |
+-------------+-------+-------+--------+-----------+--------+
2026/08/04 17:53:38 - mmengine - INFO - Epoch(val) [39][27/27]    aAcc: 88.7200  mIoU: 72.4100  mAcc: 82.2800  mFscore: 83.2400  mPrecision: 84.3400  mRecall: 82.2800  data_time: 0.0272  time: 0.2662
2026/08/04 17:54:01 - mmengine - INFO - Exp name: ningbo2m_new_dinov3_m2f_tune18_50e_512x512_20260804_162413
2026/08/04 17:54:29 - mmengine - INFO - Epoch(train) [40][ 50/102]  base_lr: 2.1024e-04 lr: 2.1024e-05  eta: 0:18:13  time: 1.0058  data_time: 0.0136  memory: 29438  grad_norm: 26.6108  loss: 10.6500  decode.loss_cls: 0.0664  decode.loss_mask: 0.4181  decode.loss_dice: 0.5743  decode.d0.loss_cls: 0.2418  decode.d0.loss_mask: 0.4258  decode.d0.loss_dice: 0.5717  decode.d1.loss_cls: 0.0994  decode.d1.loss_mask: 0.4178  decode.d1.loss_dice: 0.5726  decode.d2.loss_cls: 0.0517  decode.d2.loss_mask: 0.4179  decode.d2.loss_dice: 0.5682  decode.d3.loss_cls: 0.0406  decode.d3.loss_mask: 0.4201  decode.d3.loss_dice: 0.5664  decode.d4.loss_cls: 0.0644  decode.d4.loss_mask: 0.4198  decode.d4.loss_dice: 0.5713  decode.d5.loss_cls: 0.0442  decode.d5.loss_mask: 0.4188  decode.d5.loss_dice: 0.5721  decode.d6.loss_cls: 0.0424  decode.d6.loss_mask: 0.4204  decode.d6.loss_dice: 0.5587  decode.d7.loss_cls: 0.0503  decode.d7.loss_mask: 0.4192  decode.d7.loss_dice: 0.5675  decode.d8.loss_cls: 0.0514  decode.d8.loss_mask: 0.4179  decode.d8.loss_dice: 0.5788
2026/08/04 17:55:20 - mmengine - INFO - Epoch(train) [40][100/102]  base_lr: 2.0043e-04 lr: 2.0043e-05  eta: 0:17:22  time: 1.0125  data_time: 0.0146  memory: 29437  grad_norm: 24.8529  loss: 12.2786  decode.loss_cls: 0.0874  decode.loss_mask: 0.4434  decode.loss_dice: 0.6822  decode.d0.loss_cls: 0.2584  decode.d0.loss_mask: 0.4515  decode.d0.loss_dice: 0.6876  decode.d1.loss_cls: 0.1072  decode.d1.loss_mask: 0.4451  decode.d1.loss_dice: 0.6832  decode.d2.loss_cls: 0.0878  decode.d2.loss_mask: 0.4434  decode.d2.loss_dice: 0.6878  decode.d3.loss_cls: 0.1142  decode.d3.loss_mask: 0.4446  decode.d3.loss_dice: 0.6658  decode.d4.loss_cls: 0.0639  decode.d4.loss_mask: 0.4462  decode.d4.loss_dice: 0.6910  decode.d5.loss_cls: 0.0733  decode.d5.loss_mask: 0.4441  decode.d5.loss_dice: 0.6787  decode.d6.loss_cls: 0.1058  decode.d6.loss_mask: 0.4430  decode.d6.loss_dice: 0.6643  decode.d7.loss_cls: 0.0703  decode.d7.loss_mask: 0.4398  decode.d7.loss_dice: 0.6729  decode.d8.loss_cls: 0.0641  decode.d8.loss_mask: 0.4451  decode.d8.loss_dice: 0.6865
2026/08/04 17:55:22 - mmengine - INFO - Exp name: ningbo2m_new_dinov3_m2f_tune18_50e_512x512_20260804_162413
2026/08/04 17:55:22 - mmengine - INFO - Saving checkpoint at 40 epochs
2026/08/04 17:55:45 - mmengine - INFO - per class results:
2026/08/04 17:55:45 - mmengine - INFO - 
+-------------+-------+-------+--------+-----------+--------+
|    Class    |  IoU  |  Acc  | Fscore | Precision | Recall |
+-------------+-------+-------+--------+-----------+--------+
|  background | 52.56 | 63.61 |  68.9  |   75.15   | 63.61  |
|  grassland  | 53.07 | 67.54 | 69.34  |   71.25   | 67.54  |
|   bareland  | 59.76 | 75.17 | 74.81  |   74.45   | 75.17  |
|     road    | 75.16 | 85.15 | 85.82  |   86.49   | 85.15  |
|    forest   | 88.23 | 95.53 | 93.75  |   92.03   | 95.53  |
|    river    | 82.97 | 89.78 | 90.69  |   91.62   | 89.78  |
|   cropland  |  84.8 | 90.91 | 91.77  |   92.66   | 90.91  |
| residential | 83.03 | 90.41 | 90.73  |   91.05   | 90.41  |
+-------------+-------+-------+--------+-----------+--------+
2026/08/04 17:55:45 - mmengine - INFO - Epoch(val) [40][27/27]    aAcc: 88.7400  mIoU: 72.4500  mAcc: 82.2600  mFscore: 83.2300  mPrecision: 84.3400  mRecall: 82.2600  data_time: 0.0325  time: 0.2718
2026/08/04 17:56:36 - mmengine - INFO - Epoch(train) [41][ 50/102]  base_lr: 1.9023e-04 lr: 1.9023e-05  eta: 0:16:29  time: 1.0173  data_time: 0.0132  memory: 29394  grad_norm: 25.7149  loss: 11.6497  decode.loss_cls: 0.0508  decode.loss_mask: 0.4508  decode.loss_dice: 0.6429  decode.d0.loss_cls: 0.2099  decode.d0.loss_mask: 0.4633  decode.d0.loss_dice: 0.6452  decode.d1.loss_cls: 0.0673  decode.d1.loss_mask: 0.4517  decode.d1.loss_dice: 0.6427  decode.d2.loss_cls: 0.0413  decode.d2.loss_mask: 0.4488  decode.d2.loss_dice: 0.6422  decode.d3.loss_cls: 0.0395  decode.d3.loss_mask: 0.4501  decode.d3.loss_dice: 0.6411  decode.d4.loss_cls: 0.0478  decode.d4.loss_mask: 0.4494  decode.d4.loss_dice: 0.6439  decode.d5.loss_cls: 0.0411  decode.d5.loss_mask: 0.4497  decode.d5.loss_dice: 0.6573  decode.d6.loss_cls: 0.0634  decode.d6.loss_mask: 0.4516  decode.d6.loss_dice: 0.6324  decode.d7.loss_cls: 0.0694  decode.d7.loss_mask: 0.4533  decode.d7.loss_dice: 0.6518  decode.d8.loss_cls: 0.0531  decode.d8.loss_mask: 0.4531  decode.d8.loss_dice: 0.6448
2026/08/04 17:57:27 - mmengine - INFO - Epoch(train) [41][100/102]  base_lr: 1.8043e-04 lr: 1.8043e-05  eta: 0:15:38  time: 1.0031  data_time: 0.0139  memory: 29466  grad_norm: 25.8275  loss: 11.7445  decode.loss_cls: 0.0313  decode.loss_mask: 0.4587  decode.loss_dice: 0.6487  decode.d0.loss_cls: 0.2356  decode.d0.loss_mask: 0.4666  decode.d0.loss_dice: 0.6487  decode.d1.loss_cls: 0.0549  decode.d1.loss_mask: 0.4558  decode.d1.loss_dice: 0.6637  decode.d2.loss_cls: 0.0550  decode.d2.loss_mask: 0.4578  decode.d2.loss_dice: 0.6573  decode.d3.loss_cls: 0.0445  decode.d3.loss_mask: 0.4603  decode.d3.loss_dice: 0.6487  decode.d4.loss_cls: 0.0332  decode.d4.loss_mask: 0.4573  decode.d4.loss_dice: 0.6544  decode.d5.loss_cls: 0.0481  decode.d5.loss_mask: 0.4549  decode.d5.loss_dice: 0.6603  decode.d6.loss_cls: 0.0529  decode.d6.loss_mask: 0.4551  decode.d6.loss_dice: 0.6550  decode.d7.loss_cls: 0.0340  decode.d7.loss_mask: 0.4557  decode.d7.loss_dice: 0.6500  decode.d8.loss_cls: 0.0391  decode.d8.loss_mask: 0.4553  decode.d8.loss_dice: 0.6517
2026/08/04 17:57:29 - mmengine - INFO - Exp name: ningbo2m_new_dinov3_m2f_tune18_50e_512x512_20260804_162413
2026/08/04 17:57:29 - mmengine - INFO - Saving checkpoint at 41 epochs
2026/08/04 17:57:51 - mmengine - INFO - per class results:
2026/08/04 17:57:51 - mmengine - INFO - 
+-------------+-------+-------+--------+-----------+--------+
|    Class    |  IoU  |  Acc  | Fscore | Precision | Recall |
+-------------+-------+-------+--------+-----------+--------+
|  background | 52.85 | 65.76 | 69.16  |   72.93   | 65.76  |
|  grassland  | 53.85 | 67.82 | 70.01  |   72.34   | 67.82  |
|   bareland  | 60.28 |  73.3 | 75.22  |   77.23   |  73.3  |
|     road    | 75.16 | 85.97 | 85.82  |   85.67   | 85.97  |
|    forest   | 88.65 | 95.38 | 93.98  |   92.62   | 95.38  |
|    river    | 83.62 | 90.69 | 91.08  |   91.46   | 90.69  |
|   cropland  | 84.79 | 91.29 | 91.77  |   92.26   | 91.29  |
| residential | 83.35 | 91.88 | 90.92  |   89.98   | 91.88  |
+-------------+-------+-------+--------+-----------+--------+
2026/08/04 17:57:51 - mmengine - INFO - Epoch(val) [41][27/27]    aAcc: 89.0100  mIoU: 72.8200  mAcc: 82.7600  mFscore: 83.4900  mPrecision: 84.3100  mRecall: 82.7600  data_time: 0.0269  time: 0.2655
2026/08/04 17:57:51 - mmengine - INFO - The previous best checkpoint /mnt/htzzb2/EO_test/wj1/qh2_work_dirs/ningbo2m_new_dinov3_m2f_tune18_50e_512x512/best_mIoU_epoch_33.pth is removed
2026/08/04 17:57:55 - mmengine - INFO - The best checkpoint with 72.8200 mIoU at 41 epoch is saved to best_mIoU_epoch_41.pth.
2026/08/04 17:59:00 - mmengine - INFO - Epoch(train) [42][ 50/102]  base_lr: 1.7023e-04 lr: 1.7023e-05  eta: 0:14:45  time: 1.0036  data_time: 0.0135  memory: 29460  grad_norm: 23.2144  loss: 13.0847  decode.loss_cls: 0.0205  decode.loss_mask: 0.5292  decode.loss_dice: 0.7278  decode.d0.loss_cls: 0.1882  decode.d0.loss_mask: 0.5454  decode.d0.loss_dice: 0.7028  decode.d1.loss_cls: 0.0509  decode.d1.loss_mask: 0.5298  decode.d1.loss_dice: 0.7447  decode.d2.loss_cls: 0.0253  decode.d2.loss_mask: 0.5290  decode.d2.loss_dice: 0.7350  decode.d3.loss_cls: 0.0236  decode.d3.loss_mask: 0.5279  decode.d3.loss_dice: 0.7364  decode.d4.loss_cls: 0.0235  decode.d4.loss_mask: 0.5300  decode.d4.loss_dice: 0.7272  decode.d5.loss_cls: 0.0474  decode.d5.loss_mask: 0.5293  decode.d5.loss_dice: 0.7237  decode.d6.loss_cls: 0.0489  decode.d6.loss_mask: 0.5267  decode.d6.loss_dice: 0.7384  decode.d7.loss_cls: 0.0234  decode.d7.loss_mask: 0.5300  decode.d7.loss_dice: 0.7345  decode.d8.loss_cls: 0.0268  decode.d8.loss_mask: 0.5313  decode.d8.loss_dice: 0.7272
2026/08/04 17:59:51 - mmengine - INFO - Epoch(train) [42][100/102]  base_lr: 1.6042e-04 lr: 1.6042e-05  eta: 0:13:54  time: 1.0353  data_time: 0.0136  memory: 29458  grad_norm: 24.9622  loss: 11.7892  decode.loss_cls: 0.0573  decode.loss_mask: 0.4690  decode.loss_dice: 0.6452  decode.d0.loss_cls: 0.2422  decode.d0.loss_mask: 0.4834  decode.d0.loss_dice: 0.6317  decode.d1.loss_cls: 0.0686  decode.d1.loss_mask: 0.4646  decode.d1.loss_dice: 0.6474  decode.d2.loss_cls: 0.0445  decode.d2.loss_mask: 0.4651  decode.d2.loss_dice: 0.6431  decode.d3.loss_cls: 0.0398  decode.d3.loss_mask: 0.4659  decode.d3.loss_dice: 0.6431  decode.d4.loss_cls: 0.0369  decode.d4.loss_mask: 0.4720  decode.d4.loss_dice: 0.6394  decode.d5.loss_cls: 0.0371  decode.d5.loss_mask: 0.4733  decode.d5.loss_dice: 0.6466  decode.d6.loss_cls: 0.0420  decode.d6.loss_mask: 0.4690  decode.d6.loss_dice: 0.6478  decode.d7.loss_cls: 0.0420  decode.d7.loss_mask: 0.4726  decode.d7.loss_dice: 0.6467  decode.d8.loss_cls: 0.0361  decode.d8.loss_mask: 0.4723  decode.d8.loss_dice: 0.6442
2026/08/04 17:59:53 - mmengine - INFO - Exp name: ningbo2m_new_dinov3_m2f_tune18_50e_512x512_20260804_162413
2026/08/04 17:59:53 - mmengine - INFO - Saving checkpoint at 42 epochs
2026/08/04 18:00:16 - mmengine - INFO - per class results:
2026/08/04 18:00:16 - mmengine - INFO - 
+-------------+-------+-------+--------+-----------+--------+
|    Class    |  IoU  |  Acc  | Fscore | Precision | Recall |
+-------------+-------+-------+--------+-----------+--------+
|  background | 51.89 | 63.28 | 68.33  |   74.25   | 63.28  |
|  grassland  | 53.08 | 65.24 | 69.35  |   74.02   | 65.24  |
|   bareland  |  60.2 |  73.3 | 75.16  |   77.11   |  73.3  |
|     road    | 74.94 | 85.29 | 85.68  |   86.07   | 85.29  |
|    forest   | 88.64 | 96.28 | 93.98  |   91.78   | 96.28  |
|    river    | 83.59 | 90.18 | 91.06  |   91.96   | 90.18  |
|   cropland  | 84.67 | 91.12 |  91.7  |   92.28   | 91.12  |
| residential | 83.34 | 92.19 | 90.91  |   89.67   | 92.19  |
+-------------+-------+-------+--------+-----------+--------+
2026/08/04 18:00:16 - mmengine - INFO - Epoch(val) [42][27/27]    aAcc: 88.9900  mIoU: 72.5400  mAcc: 82.1100  mFscore: 83.2700  mPrecision: 84.6400  mRecall: 82.1100  data_time: 0.0328  time: 0.2722
2026/08/04 18:01:07 - mmengine - INFO - Epoch(train) [43][ 50/102]  base_lr: 1.5023e-04 lr: 1.5023e-05  eta: 0:13:01  time: 1.0335  data_time: 0.0162  memory: 29418  grad_norm: 23.4869  loss: 11.0499  decode.loss_cls: 0.0291  decode.loss_mask: 0.4382  decode.loss_dice: 0.6154  decode.d0.loss_cls: 0.2334  decode.d0.loss_mask: 0.4452  decode.d0.loss_dice: 0.6033  decode.d1.loss_cls: 0.0808  decode.d1.loss_mask: 0.4335  decode.d1.loss_dice: 0.6175  decode.d2.loss_cls: 0.0291  decode.d2.loss_mask: 0.4366  decode.d2.loss_dice: 0.6202  decode.d3.loss_cls: 0.0305  decode.d3.loss_mask: 0.4368  decode.d3.loss_dice: 0.6215  decode.d4.loss_cls: 0.0270  decode.d4.loss_mask: 0.4359  decode.d4.loss_dice: 0.6072  decode.d5.loss_cls: 0.0289  decode.d5.loss_mask: 0.4357  decode.d5.loss_dice: 0.6092  decode.d6.loss_cls: 0.0280  decode.d6.loss_mask: 0.4365  decode.d6.loss_dice: 0.6048  decode.d7.loss_cls: 0.0302  decode.d7.loss_mask: 0.4363  decode.d7.loss_dice: 0.6181  decode.d8.loss_cls: 0.0299  decode.d8.loss_mask: 0.4367  decode.d8.loss_dice: 0.6143
2026/08/04 18:01:58 - mmengine - INFO - Epoch(train) [43][100/102]  base_lr: 1.4042e-04 lr: 1.4042e-05  eta: 0:12:10  time: 1.0028  data_time: 0.0154  memory: 29419  grad_norm: 26.1298  loss: 11.8459  decode.loss_cls: 0.0209  decode.loss_mask: 0.4793  decode.loss_dice: 0.6626  decode.d0.loss_cls: 0.2099  decode.d0.loss_mask: 0.4910  decode.d0.loss_dice: 0.6366  decode.d1.loss_cls: 0.0251  decode.d1.loss_mask: 0.4828  decode.d1.loss_dice: 0.6613  decode.d2.loss_cls: 0.0381  decode.d2.loss_mask: 0.4812  decode.d2.loss_dice: 0.6433  decode.d3.loss_cls: 0.0277  decode.d3.loss_mask: 0.4779  decode.d3.loss_dice: 0.6567  decode.d4.loss_cls: 0.0210  decode.d4.loss_mask: 0.4791  decode.d4.loss_dice: 0.6560  decode.d5.loss_cls: 0.0191  decode.d5.loss_mask: 0.4803  decode.d5.loss_dice: 0.6566  decode.d6.loss_cls: 0.0237  decode.d6.loss_mask: 0.4790  decode.d6.loss_dice: 0.6727  decode.d7.loss_cls: 0.0151  decode.d7.loss_mask: 0.4795  decode.d7.loss_dice: 0.6646  decode.d8.loss_cls: 0.0621  decode.d8.loss_mask: 0.4805  decode.d8.loss_dice: 0.6621
2026/08/04 18:02:00 - mmengine - INFO - Exp name: ningbo2m_new_dinov3_m2f_tune18_50e_512x512_20260804_162413
2026/08/04 18:02:00 - mmengine - INFO - Saving checkpoint at 43 epochs
2026/08/04 18:02:22 - mmengine - INFO - per class results:
2026/08/04 18:02:22 - mmengine - INFO - 
+-------------+-------+-------+--------+-----------+--------+
|    Class    |  IoU  |  Acc  | Fscore | Precision | Recall |
+-------------+-------+-------+--------+-----------+--------+
|  background | 52.56 |  63.6 |  68.9  |   75.17   |  63.6  |
|  grassland  | 53.91 | 68.52 | 70.05  |   71.65   | 68.52  |
|   bareland  | 60.31 | 74.07 | 75.24  |   76.46   | 74.07  |
|     road    | 75.39 | 85.59 | 85.97  |   86.34   | 85.59  |
|    forest   | 88.53 | 95.39 | 93.92  |   92.49   | 95.39  |
|    river    | 83.47 | 90.76 | 90.99  |   91.22   | 90.76  |
|   cropland  | 84.66 | 91.27 | 91.69  |   92.12   | 91.27  |
| residential | 83.16 | 90.59 | 90.81  |   91.02   | 90.59  |
+-------------+-------+-------+--------+-----------+--------+
2026/08/04 18:02:22 - mmengine - INFO - Epoch(val) [43][27/27]    aAcc: 88.9400  mIoU: 72.7500  mAcc: 82.4700  mFscore: 83.4500  mPrecision: 84.5600  mRecall: 82.4700  data_time: 0.0285  time: 0.2671
2026/08/04 18:03:13 - mmengine - INFO - Epoch(train) [44][ 50/102]  base_lr: 1.3022e-04 lr: 1.3022e-05  eta: 0:11:17  time: 1.0055  data_time: 0.0143  memory: 29456  grad_norm: 21.6265  loss: 11.9757  decode.loss_cls: 0.0201  decode.loss_mask: 0.4943  decode.loss_dice: 0.6661  decode.d0.loss_cls: 0.1830  decode.d0.loss_mask: 0.5079  decode.d0.loss_dice: 0.6332  decode.d1.loss_cls: 0.0242  decode.d1.loss_mask: 0.4997  decode.d1.loss_dice: 0.6697  decode.d2.loss_cls: 0.0208  decode.d2.loss_mask: 0.4984  decode.d2.loss_dice: 0.6681  decode.d3.loss_cls: 0.0217  decode.d3.loss_mask: 0.4973  decode.d3.loss_dice: 0.6536  decode.d4.loss_cls: 0.0246  decode.d4.loss_mask: 0.4953  decode.d4.loss_dice: 0.6626  decode.d5.loss_cls: 0.0207  decode.d5.loss_mask: 0.4958  decode.d5.loss_dice: 0.6601  decode.d6.loss_cls: 0.0220  decode.d6.loss_mask: 0.4947  decode.d6.loss_dice: 0.6745  decode.d7.loss_cls: 0.0230  decode.d7.loss_mask: 0.4950  decode.d7.loss_dice: 0.6644  decode.d8.loss_cls: 0.0172  decode.d8.loss_mask: 0.4974  decode.d8.loss_dice: 0.6704
2026/08/04 18:04:03 - mmengine - INFO - Epoch(train) [44][100/102]  base_lr: 1.2042e-04 lr: 1.2042e-05  eta: 0:10:26  time: 1.0041  data_time: 0.0140  memory: 29455  grad_norm: 22.5645  loss: 12.0155  decode.loss_cls: 0.0238  decode.loss_mask: 0.4520  decode.loss_dice: 0.7010  decode.d0.loss_cls: 0.1887  decode.d0.loss_mask: 0.4598  decode.d0.loss_dice: 0.6917  decode.d1.loss_cls: 0.0641  decode.d1.loss_mask: 0.4529  decode.d1.loss_dice: 0.7116  decode.d2.loss_cls: 0.0431  decode.d2.loss_mask: 0.4522  decode.d2.loss_dice: 0.6821  decode.d3.loss_cls: 0.0257  decode.d3.loss_mask: 0.4508  decode.d3.loss_dice: 0.6989  decode.d4.loss_cls: 0.0625  decode.d4.loss_mask: 0.4514  decode.d4.loss_dice: 0.6914  decode.d5.loss_cls: 0.0447  decode.d5.loss_mask: 0.4536  decode.d5.loss_dice: 0.6987  decode.d6.loss_cls: 0.0393  decode.d6.loss_mask: 0.4517  decode.d6.loss_dice: 0.6938  decode.d7.loss_cls: 0.0272  decode.d7.loss_mask: 0.4508  decode.d7.loss_dice: 0.6838  decode.d8.loss_cls: 0.0236  decode.d8.loss_mask: 0.4508  decode.d8.loss_dice: 0.6937
2026/08/04 18:04:05 - mmengine - INFO - Exp name: ningbo2m_new_dinov3_m2f_tune18_50e_512x512_20260804_162413
2026/08/04 18:04:05 - mmengine - INFO - Saving checkpoint at 44 epochs
2026/08/04 18:04:27 - mmengine - INFO - per class results:
2026/08/04 18:04:27 - mmengine - INFO - 
+-------------+-------+-------+--------+-----------+--------+
|    Class    |  IoU  |  Acc  | Fscore | Precision | Recall |
+-------------+-------+-------+--------+-----------+--------+
|  background |  52.3 | 63.98 | 68.68  |   74.12   | 63.98  |
|  grassland  | 53.15 | 65.88 | 69.41  |   73.35   | 65.88  |
|   bareland  | 60.21 | 73.56 | 75.16  |   76.83   | 73.56  |
|     road    | 75.28 | 85.92 |  85.9  |   85.87   | 85.92  |
|    forest   | 88.45 | 95.73 | 93.87  |   92.09   | 95.73  |
|    river    | 82.04 | 89.17 | 90.14  |   91.12   | 89.17  |
|   cropland  | 84.31 | 91.63 | 91.48  |   91.34   | 91.63  |
| residential |  83.4 | 91.58 | 90.95  |   90.33   | 91.58  |
+-------------+-------+-------+--------+-----------+--------+
2026/08/04 18:04:27 - mmengine - INFO - Epoch(val) [44][27/27]    aAcc: 88.7800  mIoU: 72.3900  mAcc: 82.1800  mFscore: 83.2000  mPrecision: 84.3800  mRecall: 82.1800  data_time: 0.0288  time: 0.2668
2026/08/04 18:05:19 - mmengine - INFO - Epoch(train) [45][ 50/102]  base_lr: 1.1022e-04 lr: 1.1022e-05  eta: 0:09:33  time: 1.0073  data_time: 0.0142  memory: 29442  grad_norm: 21.6942  loss: 10.7771  decode.loss_cls: 0.0199  decode.loss_mask: 0.3942  decode.loss_dice: 0.6412  decode.d0.loss_cls: 0.2464  decode.d0.loss_mask: 0.4002  decode.d0.loss_dice: 0.6276  decode.d1.loss_cls: 0.0502  decode.d1.loss_mask: 0.3950  decode.d1.loss_dice: 0.6437  decode.d2.loss_cls: 0.0235  decode.d2.loss_mask: 0.3952  decode.d2.loss_dice: 0.6363  decode.d3.loss_cls: 0.0185  decode.d3.loss_mask: 0.3923  decode.d3.loss_dice: 0.6304  decode.d4.loss_cls: 0.0211  decode.d4.loss_mask: 0.3947  decode.d4.loss_dice: 0.6440  decode.d5.loss_cls: 0.0197  decode.d5.loss_mask: 0.3932  decode.d5.loss_dice: 0.6334  decode.d6.loss_cls: 0.0226  decode.d6.loss_mask: 0.3958  decode.d6.loss_dice: 0.6418  decode.d7.loss_cls: 0.0215  decode.d7.loss_mask: 0.3931  decode.d7.loss_dice: 0.6357  decode.d8.loss_cls: 0.0174  decode.d8.loss_mask: 0.3926  decode.d8.loss_dice: 0.6358
2026/08/04 18:06:09 - mmengine - INFO - Epoch(train) [45][100/102]  base_lr: 1.0041e-04 lr: 1.0041e-05  eta: 0:08:42  time: 0.9996  data_time: 0.0140  memory: 29449  grad_norm: 23.0877  loss: 12.2910  decode.loss_cls: 0.0226  decode.loss_mask: 0.4987  decode.loss_dice: 0.6861  decode.d0.loss_cls: 0.2026  decode.d0.loss_mask: 0.5106  decode.d0.loss_dice: 0.6665  decode.d1.loss_cls: 0.0426  decode.d1.loss_mask: 0.4993  decode.d1.loss_dice: 0.6788  decode.d2.loss_cls: 0.0234  decode.d2.loss_mask: 0.4980  decode.d2.loss_dice: 0.6892  decode.d3.loss_cls: 0.0284  decode.d3.loss_mask: 0.4976  decode.d3.loss_dice: 0.6887  decode.d4.loss_cls: 0.0259  decode.d4.loss_mask: 0.4985  decode.d4.loss_dice: 0.6864  decode.d5.loss_cls: 0.0217  decode.d5.loss_mask: 0.5002  decode.d5.loss_dice: 0.6896  decode.d6.loss_cls: 0.0324  decode.d6.loss_mask: 0.5001  decode.d6.loss_dice: 0.6862  decode.d7.loss_cls: 0.0209  decode.d7.loss_mask: 0.5010  decode.d7.loss_dice: 0.6893  decode.d8.loss_cls: 0.0218  decode.d8.loss_mask: 0.4991  decode.d8.loss_dice: 0.6849
2026/08/04 18:06:11 - mmengine - INFO - Exp name: ningbo2m_new_dinov3_m2f_tune18_50e_512x512_20260804_162413
2026/08/04 18:06:11 - mmengine - INFO - Saving checkpoint at 45 epochs
2026/08/04 18:06:33 - mmengine - INFO - per class results:
2026/08/04 18:06:33 - mmengine - INFO - 
+-------------+-------+-------+--------+-----------+--------+
|    Class    |  IoU  |  Acc  | Fscore | Precision | Recall |
+-------------+-------+-------+--------+-----------+--------+
|  background | 53.45 | 65.04 | 69.66  |    75.0   | 65.04  |
|  grassland  | 53.73 | 66.53 |  69.9  |   73.63   | 66.53  |
|   bareland  | 60.11 | 74.08 | 75.09  |   76.12   | 74.08  |
|     road    | 75.31 | 86.75 | 85.92  |    85.1   | 86.75  |
|    forest   | 88.72 | 95.92 | 94.02  |    92.2   | 95.92  |
|    river    | 82.78 | 89.13 | 90.58  |   92.09   | 89.13  |
|   cropland  | 84.09 | 90.84 | 91.36  |   91.88   | 90.84  |
| residential |  83.2 | 92.19 | 90.83  |   89.51   | 92.19  |
+-------------+-------+-------+--------+-----------+--------+
2026/08/04 18:06:33 - mmengine - INFO - Epoch(val) [45][27/27]    aAcc: 88.9000  mIoU: 72.6700  mAcc: 82.5600  mFscore: 83.4200  mPrecision: 84.4400  mRecall: 82.5600  data_time: 0.0318  time: 0.2704
2026/08/04 18:07:24 - mmengine - INFO - Epoch(train) [46][ 50/102]  base_lr: 9.0214e-05 lr: 9.0214e-06  eta: 0:07:49  time: 1.0142  data_time: 0.0127  memory: 29428  grad_norm: 24.0024  loss: 10.1438  decode.loss_cls: 0.0677  decode.loss_mask: 0.3993  decode.loss_dice: 0.5605  decode.d0.loss_cls: 0.3063  decode.d0.loss_mask: 0.4080  decode.d0.loss_dice: 0.5439  decode.d1.loss_cls: 0.0466  decode.d1.loss_mask: 0.3984  decode.d1.loss_dice: 0.5561  decode.d2.loss_cls: 0.0186  decode.d2.loss_mask: 0.3981  decode.d2.loss_dice: 0.5564  decode.d3.loss_cls: 0.0182  decode.d3.loss_mask: 0.3968  decode.d3.loss_dice: 0.5677  decode.d4.loss_cls: 0.0319  decode.d4.loss_mask: 0.3967  decode.d4.loss_dice: 0.5537  decode.d5.loss_cls: 0.0153  decode.d5.loss_mask: 0.4009  decode.d5.loss_dice: 0.5596  decode.d6.loss_cls: 0.0336  decode.d6.loss_mask: 0.3967  decode.d6.loss_dice: 0.5571  decode.d7.loss_cls: 0.0302  decode.d7.loss_mask: 0.3957  decode.d7.loss_dice: 0.5565  decode.d8.loss_cls: 0.0170  decode.d8.loss_mask: 0.3975  decode.d8.loss_dice: 0.5588
2026/08/04 18:08:15 - mmengine - INFO - Epoch(train) [46][100/102]  base_lr: 8.0408e-05 lr: 8.0408e-06  eta: 0:06:58  time: 1.0005  data_time: 0.0136  memory: 29436  grad_norm: 21.8084  loss: 11.7034  decode.loss_cls: 0.0578  decode.loss_mask: 0.4375  decode.loss_dice: 0.6604  decode.d0.loss_cls: 0.2271  decode.d0.loss_mask: 0.4441  decode.d0.loss_dice: 0.6461  decode.d1.loss_cls: 0.0612  decode.d1.loss_mask: 0.4377  decode.d1.loss_dice: 0.6715  decode.d2.loss_cls: 0.0665  decode.d2.loss_mask: 0.4343  decode.d2.loss_dice: 0.6630  decode.d3.loss_cls: 0.0572  decode.d3.loss_mask: 0.4391  decode.d3.loss_dice: 0.6663  decode.d4.loss_cls: 0.0472  decode.d4.loss_mask: 0.4359  decode.d4.loss_dice: 0.6603  decode.d5.loss_cls: 0.0459  decode.d5.loss_mask: 0.4366  decode.d5.loss_dice: 0.6701  decode.d6.loss_cls: 0.0619  decode.d6.loss_mask: 0.4382  decode.d6.loss_dice: 0.6582  decode.d7.loss_cls: 0.0436  decode.d7.loss_mask: 0.4379  decode.d7.loss_dice: 0.6634  decode.d8.loss_cls: 0.0509  decode.d8.loss_mask: 0.4363  decode.d8.loss_dice: 0.6469
2026/08/04 18:08:17 - mmengine - INFO - Exp name: ningbo2m_new_dinov3_m2f_tune18_50e_512x512_20260804_162413
2026/08/04 18:08:17 - mmengine - INFO - Saving checkpoint at 46 epochs
2026/08/04 18:08:38 - mmengine - INFO - per class results:
2026/08/04 18:08:38 - mmengine - INFO - 
+-------------+-------+-------+--------+-----------+--------+
|    Class    |  IoU  |  Acc  | Fscore | Precision | Recall |
+-------------+-------+-------+--------+-----------+--------+
|  background | 53.69 | 66.12 | 69.87  |   74.06   | 66.12  |
|  grassland  | 53.84 | 67.13 | 69.99  |   73.11   | 67.13  |
|   bareland  | 60.33 |  74.4 | 75.26  |   76.14   |  74.4  |
|     road    | 75.44 | 85.64 |  86.0  |   86.37   | 85.64  |
|    forest   | 88.78 | 95.79 | 94.06  |   92.39   | 95.79  |
|    river    | 82.52 | 89.11 | 90.42  |   91.78   | 89.11  |
|   cropland  | 84.02 | 90.84 | 91.32  |    91.8   | 90.84  |
| residential |  83.4 | 92.14 | 90.95  |   89.79   | 92.14  |
+-------------+-------+-------+--------+-----------+--------+
2026/08/04 18:08:38 - mmengine - INFO - Epoch(val) [46][27/27]    aAcc: 88.9000  mIoU: 72.7500  mAcc: 82.6500  mFscore: 83.4800  mPrecision: 84.4300  mRecall: 82.6500  data_time: 0.0287  time: 0.2676
2026/08/04 18:09:30 - mmengine - INFO - Epoch(train) [47][ 50/102]  base_lr: 7.0210e-05 lr: 7.0210e-06  eta: 0:06:05  time: 1.0356  data_time: 0.0125  memory: 29418  grad_norm: 20.7046  loss: 9.5068  decode.loss_cls: 0.0128  decode.loss_mask: 0.3536  decode.loss_dice: 0.5485  decode.d0.loss_cls: 0.2240  decode.d0.loss_mask: 0.3584  decode.d0.loss_dice: 0.5388  decode.d1.loss_cls: 0.0625  decode.d1.loss_mask: 0.3542  decode.d1.loss_dice: 0.5531  decode.d2.loss_cls: 0.0406  decode.d2.loss_mask: 0.3550  decode.d2.loss_dice: 0.5485  decode.d3.loss_cls: 0.0473  decode.d3.loss_mask: 0.3536  decode.d3.loss_dice: 0.5477  decode.d4.loss_cls: 0.0335  decode.d4.loss_mask: 0.3549  decode.d4.loss_dice: 0.5419  decode.d5.loss_cls: 0.0320  decode.d5.loss_mask: 0.3516  decode.d5.loss_dice: 0.5402  decode.d6.loss_cls: 0.0132  decode.d6.loss_mask: 0.3520  decode.d6.loss_dice: 0.5485  decode.d7.loss_cls: 0.0134  decode.d7.loss_mask: 0.3539  decode.d7.loss_dice: 0.5551  decode.d8.loss_cls: 0.0134  decode.d8.loss_mask: 0.3526  decode.d8.loss_dice: 0.5520
2026/08/04 18:10:20 - mmengine - INFO - Epoch(train) [47][100/102]  base_lr: 6.0404e-05 lr: 6.0404e-06  eta: 0:05:14  time: 1.0023  data_time: 0.0136  memory: 29437  grad_norm: 20.6873  loss: 11.0104  decode.loss_cls: 0.0279  decode.loss_mask: 0.4107  decode.loss_dice: 0.6483  decode.d0.loss_cls: 0.2221  decode.d0.loss_mask: 0.4262  decode.d0.loss_dice: 0.6296  decode.d1.loss_cls: 0.0419  decode.d1.loss_mask: 0.4129  decode.d1.loss_dice: 0.6225  decode.d2.loss_cls: 0.0379  decode.d2.loss_mask: 0.4119  decode.d2.loss_dice: 0.6421  decode.d3.loss_cls: 0.0379  decode.d3.loss_mask: 0.4125  decode.d3.loss_dice: 0.6411  decode.d4.loss_cls: 0.0297  decode.d4.loss_mask: 0.4116  decode.d4.loss_dice: 0.6259  decode.d5.loss_cls: 0.0492  decode.d5.loss_mask: 0.4133  decode.d5.loss_dice: 0.6423  decode.d6.loss_cls: 0.0401  decode.d6.loss_mask: 0.4110  decode.d6.loss_dice: 0.6128  decode.d7.loss_cls: 0.0350  decode.d7.loss_mask: 0.4115  decode.d7.loss_dice: 0.6305  decode.d8.loss_cls: 0.0270  decode.d8.loss_mask: 0.4121  decode.d8.loss_dice: 0.6330
2026/08/04 18:10:22 - mmengine - INFO - Exp name: ningbo2m_new_dinov3_m2f_tune18_50e_512x512_20260804_162413
2026/08/04 18:10:22 - mmengine - INFO - Saving checkpoint at 47 epochs
2026/08/04 18:10:43 - mmengine - INFO - per class results:
2026/08/04 18:10:43 - mmengine - INFO - 
+-------------+-------+-------+--------+-----------+--------+
|    Class    |  IoU  |  Acc  | Fscore | Precision | Recall |
+-------------+-------+-------+--------+-----------+--------+
|  background | 53.46 | 65.71 | 69.67  |   74.15   | 65.71  |
|  grassland  | 53.86 | 67.66 | 70.01  |   72.54   | 67.66  |
|   bareland  | 60.17 | 72.91 | 75.14  |   77.51   | 72.91  |
|     road    | 75.46 | 85.93 | 86.02  |    86.1   | 85.93  |
|    forest   | 88.62 | 95.57 | 93.97  |   92.42   | 95.57  |
|    river    | 82.61 | 89.56 | 90.48  |   91.41   | 89.56  |
|   cropland  | 84.23 |  91.4 | 91.44  |   91.48   |  91.4  |
| residential |  83.4 |  91.7 | 90.95  |   90.22   |  91.7  |
+-------------+-------+-------+--------+-----------+--------+
2026/08/04 18:10:44 - mmengine - INFO - Epoch(val) [47][27/27]    aAcc: 88.8900  mIoU: 72.7300  mAcc: 82.5500  mFscore: 83.4600  mPrecision: 84.4800  mRecall: 82.5500  data_time: 0.0292  time: 0.2682
2026/08/04 18:11:34 - mmengine - INFO - Epoch(train) [48][ 50/102]  base_lr: 5.0206e-05 lr: 5.0206e-06  eta: 0:04:21  time: 1.0025  data_time: 0.0136  memory: 29450  grad_norm: 20.5403  loss: 11.0134  decode.loss_cls: 0.0238  decode.loss_mask: 0.4465  decode.loss_dice: 0.6096  decode.d0.loss_cls: 0.1965  decode.d0.loss_mask: 0.4547  decode.d0.loss_dice: 0.5904  decode.d1.loss_cls: 0.0174  decode.d1.loss_mask: 0.4461  decode.d1.loss_dice: 0.6098  decode.d2.loss_cls: 0.0558  decode.d2.loss_mask: 0.4463  decode.d2.loss_dice: 0.6137  decode.d3.loss_cls: 0.0276  decode.d3.loss_mask: 0.4452  decode.d3.loss_dice: 0.6183  decode.d4.loss_cls: 0.0455  decode.d4.loss_mask: 0.4444  decode.d4.loss_dice: 0.5989  decode.d5.loss_cls: 0.0268  decode.d5.loss_mask: 0.4455  decode.d5.loss_dice: 0.6200  decode.d6.loss_cls: 0.0084  decode.d6.loss_mask: 0.4457  decode.d6.loss_dice: 0.6126  decode.d7.loss_cls: 0.0085  decode.d7.loss_mask: 0.4478  decode.d7.loss_dice: 0.6205  decode.d8.loss_cls: 0.0274  decode.d8.loss_mask: 0.4452  decode.d8.loss_dice: 0.6144
2026/08/04 18:12:25 - mmengine - INFO - Epoch(train) [48][100/102]  base_lr: 4.0400e-05 lr: 4.0400e-06  eta: 0:03:30  time: 1.0301  data_time: 0.0132  memory: 29448  grad_norm: 20.8402  loss: 11.7135  decode.loss_cls: 0.0210  decode.loss_mask: 0.4753  decode.loss_dice: 0.6590  decode.d0.loss_cls: 0.2170  decode.d0.loss_mask: 0.4872  decode.d0.loss_dice: 0.6267  decode.d1.loss_cls: 0.0685  decode.d1.loss_mask: 0.4754  decode.d1.loss_dice: 0.6500  decode.d2.loss_cls: 0.0202  decode.d2.loss_mask: 0.4772  decode.d2.loss_dice: 0.6606  decode.d3.loss_cls: 0.0318  decode.d3.loss_mask: 0.4765  decode.d3.loss_dice: 0.6411  decode.d4.loss_cls: 0.0158  decode.d4.loss_mask: 0.4744  decode.d4.loss_dice: 0.6568  decode.d5.loss_cls: 0.0280  decode.d5.loss_mask: 0.4736  decode.d5.loss_dice: 0.6521  decode.d6.loss_cls: 0.0196  decode.d6.loss_mask: 0.4754  decode.d6.loss_dice: 0.6517  decode.d7.loss_cls: 0.0176  decode.d7.loss_mask: 0.4748  decode.d7.loss_dice: 0.6406  decode.d8.loss_cls: 0.0178  decode.d8.loss_mask: 0.4757  decode.d8.loss_dice: 0.6522
2026/08/04 18:12:27 - mmengine - INFO - Exp name: ningbo2m_new_dinov3_m2f_tune18_50e_512x512_20260804_162413
2026/08/04 18:12:28 - mmengine - INFO - Saving checkpoint at 48 epochs
2026/08/04 18:12:49 - mmengine - INFO - per class results:
2026/08/04 18:12:49 - mmengine - INFO - 
+-------------+-------+-------+--------+-----------+--------+
|    Class    |  IoU  |  Acc  | Fscore | Precision | Recall |
+-------------+-------+-------+--------+-----------+--------+
|  background | 52.78 | 63.76 | 69.09  |   75.39   | 63.76  |
|  grassland  | 54.07 | 67.99 | 70.19  |   72.53   | 67.99  |
|   bareland  | 60.27 | 73.55 | 75.21  |   76.96   | 73.55  |
|     road    | 75.39 | 86.02 | 85.97  |   85.91   | 86.02  |
|    forest   | 88.67 | 95.45 |  94.0  |   92.58   | 95.45  |
|    river    | 82.96 | 89.92 | 90.68  |   91.46   | 89.92  |
|   cropland  | 84.43 | 91.69 | 91.56  |   91.42   | 91.69  |
| residential | 83.42 | 91.39 | 90.96  |   90.53   | 91.39  |
+-------------+-------+-------+--------+-----------+--------+
2026/08/04 18:12:49 - mmengine - INFO - Epoch(val) [48][27/27]    aAcc: 88.9500  mIoU: 72.7500  mAcc: 82.4700  mFscore: 83.4600  mPrecision: 84.6000  mRecall: 82.4700  data_time: 0.0283  time: 0.2665
2026/08/04 18:13:40 - mmengine - INFO - Epoch(train) [49][ 50/102]  base_lr: 3.0202e-05 lr: 3.0202e-06  eta: 0:02:37  time: 1.0085  data_time: 0.0137  memory: 29425  grad_norm: 22.9266  loss: 10.3231  decode.loss_cls: 0.0046  decode.loss_mask: 0.4101  decode.loss_dice: 0.5987  decode.d0.loss_cls: 0.1805  decode.d0.loss_mask: 0.4160  decode.d0.loss_dice: 0.5805  decode.d1.loss_cls: 0.0206  decode.d1.loss_mask: 0.4107  decode.d1.loss_dice: 0.5958  decode.d2.loss_cls: 0.0064  decode.d2.loss_mask: 0.4075  decode.d2.loss_dice: 0.6065  decode.d3.loss_cls: 0.0044  decode.d3.loss_mask: 0.4073  decode.d3.loss_dice: 0.6028  decode.d4.loss_cls: 0.0042  decode.d4.loss_mask: 0.4083  decode.d4.loss_dice: 0.6082  decode.d5.loss_cls: 0.0041  decode.d5.loss_mask: 0.4072  decode.d5.loss_dice: 0.6012  decode.d6.loss_cls: 0.0040  decode.d6.loss_mask: 0.4072  decode.d6.loss_dice: 0.6032  decode.d7.loss_cls: 0.0041  decode.d7.loss_mask: 0.4085  decode.d7.loss_dice: 0.5974  decode.d8.loss_cls: 0.0041  decode.d8.loss_mask: 0.4090  decode.d8.loss_dice: 0.5998
2026/08/04 18:14:30 - mmengine - INFO - Epoch(train) [49][100/102]  base_lr: 2.0396e-05 lr: 2.0396e-06  eta: 0:01:46  time: 1.0041  data_time: 0.0144  memory: 29448  grad_norm: 20.4743  loss: 10.9886  decode.loss_cls: 0.0109  decode.loss_mask: 0.4049  decode.loss_dice: 0.6557  decode.d0.loss_cls: 0.2420  decode.d0.loss_mask: 0.4098  decode.d0.loss_dice: 0.6454  decode.d1.loss_cls: 0.0359  decode.d1.loss_mask: 0.4041  decode.d1.loss_dice: 0.6375  decode.d2.loss_cls: 0.0219  decode.d2.loss_mask: 0.4039  decode.d2.loss_dice: 0.6424  decode.d3.loss_cls: 0.0399  decode.d3.loss_mask: 0.4056  decode.d3.loss_dice: 0.6416  decode.d4.loss_cls: 0.0327  decode.d4.loss_mask: 0.4041  decode.d4.loss_dice: 0.6443  decode.d5.loss_cls: 0.0473  decode.d5.loss_mask: 0.4059  decode.d5.loss_dice: 0.6397  decode.d6.loss_cls: 0.0202  decode.d6.loss_mask: 0.4032  decode.d6.loss_dice: 0.6427  decode.d7.loss_cls: 0.0148  decode.d7.loss_mask: 0.4041  decode.d7.loss_dice: 0.6440  decode.d8.loss_cls: 0.0304  decode.d8.loss_mask: 0.4052  decode.d8.loss_dice: 0.6486
2026/08/04 18:14:32 - mmengine - INFO - Exp name: ningbo2m_new_dinov3_m2f_tune18_50e_512x512_20260804_162413
2026/08/04 18:14:32 - mmengine - INFO - Saving checkpoint at 49 epochs
2026/08/04 18:14:54 - mmengine - INFO - per class results:
2026/08/04 18:14:54 - mmengine - INFO - 
+-------------+-------+-------+--------+-----------+--------+
|    Class    |  IoU  |  Acc  | Fscore | Precision | Recall |
+-------------+-------+-------+--------+-----------+--------+
|  background | 53.48 | 65.35 | 69.69  |   74.65   | 65.35  |
|  grassland  | 54.15 | 67.72 | 70.26  |   72.99   | 67.72  |
|   bareland  | 60.22 |  73.2 | 75.17  |   77.26   |  73.2  |
|     road    | 75.49 | 85.55 | 86.03  |   86.53   | 85.55  |
|    forest   | 88.72 | 95.63 | 94.02  |   92.47   | 95.63  |
|    river    | 82.81 | 89.59 |  90.6  |   91.63   | 89.59  |
|   cropland  | 84.36 | 91.47 | 91.52  |   91.57   | 91.47  |
| residential |  83.4 |  92.0 | 90.95  |   89.92   |  92.0  |
+-------------+-------+-------+--------+-----------+--------+
2026/08/04 18:14:54 - mmengine - INFO - Epoch(val) [49][27/27]    aAcc: 88.9700  mIoU: 72.8300  mAcc: 82.5600  mFscore: 83.5300  mPrecision: 84.6300  mRecall: 82.5600  data_time: 0.0327  time: 0.2702
2026/08/04 18:14:54 - mmengine - INFO - The previous best checkpoint /mnt/htzzb2/EO_test/wj1/qh2_work_dirs/ningbo2m_new_dinov3_m2f_tune18_50e_512x512/best_mIoU_epoch_41.pth is removed
2026/08/04 18:14:59 - mmengine - INFO - The best checkpoint with 72.8300 mIoU at 49 epoch is saved to best_mIoU_epoch_49.pth.
2026/08/04 18:15:15 - mmengine - INFO - Exp name: ningbo2m_new_dinov3_m2f_tune18_50e_512x512_20260804_162413
2026/08/04 18:16:03 - mmengine - INFO - Epoch(train) [50][ 50/102]  base_lr: 1.0198e-05 lr: 1.0198e-06  eta: 0:00:53  time: 1.0067  data_time: 0.0143  memory: 29421  grad_norm: 17.7398  loss: 10.1604  decode.loss_cls: 0.0080  decode.loss_mask: 0.4054  decode.loss_dice: 0.5834  decode.d0.loss_cls: 0.2141  decode.d0.loss_mask: 0.4147  decode.d0.loss_dice: 0.5590  decode.d1.loss_cls: 0.0289  decode.d1.loss_mask: 0.4043  decode.d1.loss_dice: 0.5792  decode.d2.loss_cls: 0.0093  decode.d2.loss_mask: 0.4048  decode.d2.loss_dice: 0.5847  decode.d3.loss_cls: 0.0070  decode.d3.loss_mask: 0.4039  decode.d3.loss_dice: 0.5716  decode.d4.loss_cls: 0.0079  decode.d4.loss_mask: 0.4056  decode.d4.loss_dice: 0.5823  decode.d5.loss_cls: 0.0208  decode.d5.loss_mask: 0.4042  decode.d5.loss_dice: 0.5752  decode.d6.loss_cls: 0.0088  decode.d6.loss_mask: 0.4058  decode.d6.loss_dice: 0.5672  decode.d7.loss_cls: 0.0284  decode.d7.loss_mask: 0.4042  decode.d7.loss_dice: 0.5771  decode.d8.loss_cls: 0.0085  decode.d8.loss_mask: 0.4048  decode.d8.loss_dice: 0.5815
2026/08/04 18:16:54 - mmengine - INFO - Epoch(train) [50][100/102]  base_lr: 3.9223e-07 lr: 3.9223e-08  eta: 0:00:02  time: 1.0298  data_time: 0.0138  memory: 29466  grad_norm: 16.7456  loss: 10.0548  decode.loss_cls: 0.0276  decode.loss_mask: 0.3948  decode.loss_dice: 0.5753  decode.d0.loss_cls: 0.2120  decode.d0.loss_mask: 0.4023  decode.d0.loss_dice: 0.5633  decode.d1.loss_cls: 0.0148  decode.d1.loss_mask: 0.3960  decode.d1.loss_dice: 0.5739  decode.d2.loss_cls: 0.0120  decode.d2.loss_mask: 0.3959  decode.d2.loss_dice: 0.5695  decode.d3.loss_cls: 0.0099  decode.d3.loss_mask: 0.3961  decode.d3.loss_dice: 0.5831  decode.d4.loss_cls: 0.0166  decode.d4.loss_mask: 0.3958  decode.d4.loss_dice: 0.5828  decode.d5.loss_cls: 0.0082  decode.d5.loss_mask: 0.3955  decode.d5.loss_dice: 0.5741  decode.d6.loss_cls: 0.0266  decode.d6.loss_mask: 0.3940  decode.d6.loss_dice: 0.5751  decode.d7.loss_cls: 0.0083  decode.d7.loss_mask: 0.3949  decode.d7.loss_dice: 0.5749  decode.d8.loss_cls: 0.0073  decode.d8.loss_mask: 0.3953  decode.d8.loss_dice: 0.5791
2026/08/04 18:16:56 - mmengine - INFO - Exp name: ningbo2m_new_dinov3_m2f_tune18_50e_512x512_20260804_162413
2026/08/04 18:16:56 - mmengine - INFO - Saving checkpoint at 50 epochs
2026/08/04 18:17:17 - mmengine - INFO - per class results:
2026/08/04 18:17:17 - mmengine - INFO - 
+-------------+-------+-------+--------+-----------+--------+
|    Class    |  IoU  |  Acc  | Fscore | Precision | Recall |
+-------------+-------+-------+--------+-----------+--------+
|  background | 53.23 | 64.82 | 69.48  |   74.86   | 64.82  |
|  grassland  | 54.08 | 67.57 |  70.2  |   73.03   | 67.57  |
|   bareland  | 60.29 | 73.25 | 75.23  |   77.32   | 73.25  |
|     road    | 75.51 | 85.65 | 86.05  |   86.44   | 85.65  |
|    forest   | 88.72 | 95.68 | 94.02  |   92.42   | 95.68  |
|    river    | 82.92 | 89.71 | 90.66  |   91.64   | 89.71  |
|   cropland  | 84.42 |  91.4 | 91.55  |    91.7   |  91.4  |
| residential | 83.43 | 92.09 | 90.97  |   89.88   | 92.09  |
+-------------+-------+-------+--------+-----------+--------+
2026/08/04 18:17:17 - mmengine - INFO - Epoch(val) [50][27/27]    aAcc: 88.9900  mIoU: 72.8300  mAcc: 82.5200  mFscore: 83.5200  mPrecision: 84.6600  mRecall: 82.5200  data_time: 0.0296  time: 0.2678
