2026/08/04 02:23:22 - mmengine - INFO - 
------------------------------------------------------------
System environment:
    sys.platform: linux
    Python: 3.12.13 | packaged by conda-forge | (main, Mar  5 2026, 16:50:00) [GCC 14.3.0]
    CUDA available: True
    MUSA available: False
    numpy_random_seed: 0
    GPU 0,1,2,3,4,5,6,7: NVIDIA A100-SXM4-80GB
    CUDA_HOME: /mnt/ht2-nas2/EO_test/miniconda3/envs/abc
    NVCC: Cuda compilation tools, release 12.6, V12.6.85
    GCC: gcc (Ubuntu 9.4.0-1ubuntu1~20.04.2) 9.4.0
    PyTorch: 2.8.0+cu126
    PyTorch compiling details: PyTorch built with:
  - GCC 13.3
  - C++ Version: 201703
  - Intel(R) oneAPI Math Kernel Library Version 2024.2-Product Build 20240605 for Intel(R) 64 architecture applications
  - Intel(R) MKL-DNN v3.7.1 (Git Hash 8d263e693366ef8db40acc569cc7d8edf644556d)
  - OpenMP 201511 (a.k.a. OpenMP 4.5)
  - LAPACK is enabled (usually provided by MKL)
  - NNPACK is enabled
  - CPU capability usage: AVX512
  - CUDA Runtime 12.6
  - NVCC architecture flags: -gencode;arch=compute_50,code=sm_50;-gencode;arch=compute_60,code=sm_60;-gencode;arch=compute_70,code=sm_70;-gencode;arch=compute_75,code=sm_75;-gencode;arch=compute_80,code=sm_80;-gencode;arch=compute_86,code=sm_86;-gencode;arch=compute_90,code=sm_90
  - CuDNN 91.0.2  (built against CUDA 12.9)
  - Magma 2.6.1
  - Build settings: BLAS_INFO=mkl, BUILD_TYPE=Release, COMMIT_SHA=a1cb3cc05d46d198467bebbb6e8fba50a325d4e7, CUDA_VERSION=12.6, CUDNN_VERSION=9.10.2, CXX_COMPILER=/opt/rh/gcc-toolset-13/root/usr/bin/c++, CXX_FLAGS= -fvisibility-inlines-hidden -DUSE_PTHREADPOOL -DNDEBUG -DUSE_KINETO -DLIBKINETO_NOROCTRACER -DLIBKINETO_NOXPUPTI=ON -DUSE_FBGEMM -DUSE_PYTORCH_QNNPACK -DUSE_XNNPACK -DSYMBOLICATE_MOBILE_DEBUG_HANDLE -O2 -fPIC -DC10_NODEPRECATED -Wall -Wextra -Werror=return-type -Werror=non-virtual-dtor -Werror=range-loop-construct -Werror=bool-operation -Wnarrowing -Wno-missing-field-initializers -Wno-unknown-pragmas -Wno-unused-parameter -Wno-strict-overflow -Wno-strict-aliasing -Wno-stringop-overflow -Wsuggest-override -Wno-psabi -Wno-error=old-style-cast -faligned-new -Wno-maybe-uninitialized -fno-math-errno -fno-trapping-math -Werror=format -Wno-dangling-reference -Wno-error=dangling-reference -Wno-stringop-overflow, LAPACK_INFO=mkl, PERF_WITH_AVX=1, PERF_WITH_AVX2=1, TORCH_VERSION=2.8.0, USE_CUDA=ON, USE_CUDNN=ON, USE_CUSPARSELT=1, USE_GFLAGS=OFF, USE_GLOG=OFF, USE_GLOO=ON, USE_MKL=ON, USE_MKLDNN=ON, USE_MPI=OFF, USE_NCCL=1, USE_NNPACK=ON, USE_OPENMP=ON, USE_ROCM=OFF, USE_ROCM_KERNEL_ASSERT=OFF, USE_XCCL=OFF, USE_XPU=OFF, 

    TorchVision: 0.23.0+cu126
    OpenCV: 4.13.0
    MMEngine: 0.10.7

Runtime environment:
    cudnn_benchmark: True
    mp_cfg: {'mp_start_method': 'fork', 'opencv_num_threads': 0}
    dist_cfg: {'backend': 'nccl'}
    deterministic: False
    seed: 0
    Distributed launcher: pytorch
    Distributed training: True
    GPU number: 8
------------------------------------------------------------

2026/08/04 02:23:22 - mmengine - INFO - Config:
DATA_ROOT = '/mnt/htzzb2/EO_test/datasets/Ningbo-2m_new'
DINO_CKPT = '/mnt/htzzb2/EO_test/weights_form_model_group/stage2+stage3-zhejiang/9999.pth'
base_learning_rate = 0.001
crop_size = (
    512,
    512,
)
custom_hooks = []
custom_imports = dict(
    allow_failed_imports=False,
    imports=[
        'custom_models.dinov3_backbone',
        'custom_datasets.ningbo2m_new',
        'custom_datasets.customPotsdam',
    ])
data_preprocessor = dict(
    bgr_to_rgb=False,
    mean=[
        73.95853051,
        82.62911514,
        80.51181812,
    ],
    pad_val=0,
    seg_pad_val=255,
    size=(
        512,
        512,
    ),
    std=[
        51.25007138,
        41.23240959,
        38.55216712,
    ],
    test_cfg=dict(size_divisor=32),
    type='SegDataPreProcessor')
data_root = 'data/ade/ADEChallengeData2016'
dataset_type = 'ADE20KDataset'
default_hooks = dict(
    checkpoint=dict(
        by_epoch=True,
        interval=1,
        max_keep_ckpts=3,
        rule='greater',
        save_best='mIoU',
        type='CheckpointHook'),
    logger=dict(interval=50, log_metric_by_epoch=True, type='LoggerHook'),
    param_scheduler=dict(type='ParamSchedulerHook'),
    sampler_seed=dict(type='DistSamplerSeedHook'),
    timer=dict(type='IterTimerHook'),
    visualization=dict(type='SegVisualizationHook'))
default_scope = 'mmseg'
embed_multi = dict(decay_mult=0.0, lr_mult=1.0)
env_cfg = dict(
    cudnn_benchmark=True,
    dist_cfg=dict(backend='nccl'),
    mp_cfg=dict(mp_start_method='fork', opencv_num_threads=0))
find_unused_parameters = True
img_ratios = [
    0.5,
    0.75,
    1.0,
    1.25,
    1.5,
    1.75,
]
img_size = 512
launcher = 'pytorch'
load_from = None
log_level = 'INFO'
log_processor = dict(by_epoch=True)
max_epochs = 50
model = dict(
    backbone=dict(
        arch='vit_large',
        checkpoint=
        '/mnt/htzzb2/EO_test/weights_form_model_group/stage2+stage3-zhejiang/9999.pth',
        finetune_vit=True,
        freeze_backbone=False,
        img_size=512,
        interaction_indexes=[
            5,
            11,
            17,
            23,
        ],
        layerscale_init=1e-05,
        mask_k_bias=True,
        n_storage_tokens=4,
        patch_size=16,
        type='DINOv3BackboneMmseg'),
    data_preprocessor=dict(
        bgr_to_rgb=False,
        mean=[
            73.95853051,
            82.62911514,
            80.51181812,
        ],
        pad_val=0,
        seg_pad_val=255,
        size=(
            512,
            512,
        ),
        std=[
            51.25007138,
            41.23240959,
            38.55216712,
        ],
        test_cfg=dict(size_divisor=32),
        type='SegDataPreProcessor'),
    decode_head=dict(
        align_corners=False,
        enforce_decoder_input_project=False,
        feat_channels=256,
        in_channels=[
            1024,
            1024,
            1024,
            1024,
        ],
        loss_cls=dict(
            class_weight=[
                1.0,
                1.0,
                1.0,
                1.0,
                1.0,
                1.0,
                1.0,
                1.0,
                1.0,
            ],
            loss_weight=2.0,
            reduction='mean',
            type='mmdet.CrossEntropyLoss',
            use_sigmoid=False),
        loss_dice=dict(
            activate=True,
            eps=1.0,
            loss_weight=5.0,
            naive_dice=True,
            reduction='mean',
            type='mmdet.DiceLoss',
            use_sigmoid=True),
        loss_mask=dict(
            loss_weight=5.0,
            reduction='mean',
            type='mmdet.CrossEntropyLoss',
            use_sigmoid=True),
        num_classes=8,
        num_queries=50,
        num_transformer_feat_level=3,
        out_channels=256,
        pixel_decoder=dict(
            act_cfg=dict(type='ReLU'),
            encoder=dict(
                init_cfg=None,
                layer_cfg=dict(
                    ffn_cfg=dict(
                        act_cfg=dict(inplace=True, type='ReLU'),
                        embed_dims=256,
                        feedforward_channels=1024,
                        ffn_drop=0.0,
                        num_fcs=2),
                    self_attn_cfg=dict(
                        batch_first=True,
                        dropout=0.0,
                        embed_dims=256,
                        im2col_step=64,
                        init_cfg=None,
                        norm_cfg=None,
                        num_heads=8,
                        num_levels=3,
                        num_points=4)),
                num_layers=6),
            init_cfg=None,
            norm_cfg=dict(num_groups=32, type='GN'),
            num_outs=3,
            positional_encoding=dict(normalize=True, num_feats=128),
            type='mmdet.MSDeformAttnPixelDecoder'),
        positional_encoding=dict(normalize=True, num_feats=128),
        strides=[
            4,
            8,
            16,
            32,
        ],
        train_cfg=dict(
            assigner=dict(
                match_costs=[
                    dict(type='mmdet.ClassificationCost', weight=2.0),
                    dict(
                        type='mmdet.CrossEntropyLossCost',
                        use_sigmoid=True,
                        weight=5.0),
                    dict(
                        eps=1.0,
                        pred_act=True,
                        type='mmdet.DiceCost',
                        weight=5.0),
                ],
                type='mmdet.HungarianAssigner'),
            importance_sample_ratio=0.75,
            num_points=12544,
            oversample_ratio=3.0,
            sampler=dict(type='mmdet.MaskPseudoSampler')),
        transformer_decoder=dict(
            init_cfg=None,
            layer_cfg=dict(
                cross_attn_cfg=dict(
                    attn_drop=0.0,
                    batch_first=True,
                    dropout_layer=None,
                    embed_dims=256,
                    num_heads=8,
                    proj_drop=0.0),
                ffn_cfg=dict(
                    act_cfg=dict(inplace=True, type='ReLU'),
                    add_identity=True,
                    dropout_layer=None,
                    embed_dims=256,
                    feedforward_channels=2048,
                    ffn_drop=0.0,
                    num_fcs=2),
                self_attn_cfg=dict(
                    attn_drop=0.0,
                    batch_first=True,
                    dropout_layer=None,
                    embed_dims=256,
                    num_heads=8,
                    proj_drop=0.0)),
            num_layers=9,
            return_intermediate=True),
        type='Mask2FormerHead'),
    test_cfg=dict(mode='whole'),
    train_cfg=dict(),
    type='EncoderDecoder')
model_wrapper_cfg = dict(
    find_unused_parameters=True, type='MMDistributedDataParallel')
num_classes = 8
optim_wrapper = dict(
    clip_grad=dict(max_norm=1, norm_type=2),
    optimizer=dict(lr=0.001, type='AdamW', weight_decay=0.01),
    paramwise_cfg=dict(
        custom_keys=dict(backbone=dict(lr_mult=0.1)), norm_decay_mult=0.0),
    type='OptimWrapper')
param_scheduler = [
    dict(
        begin=0, by_epoch=False, end=1500, start_factor=1e-06,
        type='LinearLR'),
    dict(
        begin=0,
        by_epoch=True,
        convert_to_iter_based=True,
        end=50,
        eta_min=0.0,
        power=1.0,
        type='PolyLR'),
]
randomness = dict(deterministic=False, seed=0)
resume = False
test_cfg = dict(type='TestLoop')
test_dataloader = dict(
    batch_size=8,
    dataset=dict(
        data_root='/mnt/htzzb2/EO_test/datasets/Ningbo-2m_new',
        pipeline=[
            dict(img_size=512, type='LoadNingbo2mRaster'),
            dict(type='PackSegInputs'),
        ],
        split='val',
        type='Ningbo2mNewDataset'),
    num_workers=4,
    sampler=dict(shuffle=False, type='DefaultSampler'))
test_evaluator = dict(
    iou_metrics=[
        'mIoU',
        'mFscore',
    ], type='IoUMetric')
test_pipeline = [
    dict(type='LoadImageFromFile'),
    dict(keep_ratio=True, scale=(
        2048,
        512,
    ), type='Resize'),
    dict(reduce_zero_label=True, type='LoadAnnotations'),
    dict(type='PackSegInputs'),
]
train_cfg = dict(max_epochs=50, type='EpochBasedTrainLoop', val_interval=1)
train_dataloader = dict(
    batch_size=8,
    dataset=dict(
        data_root='/mnt/htzzb2/EO_test/datasets/Ningbo-2m_new',
        pipeline=[
            dict(img_size=512, type='LoadNingbo2mRaster'),
            dict(prob=0.5, type='CustomRandomRotate90'),
            dict(direction='horizontal', prob=0.5, type='RandomFlip'),
            dict(direction='vertical', prob=0.5, type='RandomFlip'),
            dict(cat_max_ratio=1.0, crop_size=(
                512,
                512,
            ), type='RandomCrop'),
            dict(type='PackSegInputs'),
        ],
        split='train',
        type='Ningbo2mNewDataset'),
    num_workers=4,
    sampler=dict(shuffle=True, type='DefaultSampler'))
train_pipeline = [
    dict(img_size=512, type='LoadNingbo2mRaster'),
    dict(prob=0.5, type='CustomRandomRotate90'),
    dict(direction='horizontal', prob=0.5, type='RandomFlip'),
    dict(direction='vertical', prob=0.5, type='RandomFlip'),
    dict(cat_max_ratio=1.0, crop_size=(
        512,
        512,
    ), type='RandomCrop'),
    dict(type='PackSegInputs'),
]
tta_model = dict(type='SegTTAModel')
tta_pipeline = [
    dict(backend_args=None, type='LoadImageFromFile'),
    dict(
        transforms=[
            [
                dict(keep_ratio=True, scale_factor=0.5, type='Resize'),
                dict(keep_ratio=True, scale_factor=0.75, type='Resize'),
                dict(keep_ratio=True, scale_factor=1.0, type='Resize'),
                dict(keep_ratio=True, scale_factor=1.25, type='Resize'),
                dict(keep_ratio=True, scale_factor=1.5, type='Resize'),
                dict(keep_ratio=True, scale_factor=1.75, type='Resize'),
            ],
            [
                dict(direction='horizontal', prob=0.0, type='RandomFlip'),
                dict(direction='horizontal', prob=1.0, type='RandomFlip'),
            ],
            [
                dict(type='LoadAnnotations'),
            ],
            [
                dict(type='PackSegInputs'),
            ],
        ],
        type='TestTimeAug'),
]
val_cfg = dict(type='ValLoop')
val_dataloader = dict(
    batch_size=8,
    dataset=dict(
        data_root='/mnt/htzzb2/EO_test/datasets/Ningbo-2m_new',
        pipeline=[
            dict(img_size=512, type='LoadNingbo2mRaster'),
            dict(type='PackSegInputs'),
        ],
        split='val',
        type='Ningbo2mNewDataset'),
    num_workers=4,
    sampler=dict(shuffle=False, type='DefaultSampler'))
val_evaluator = dict(
    iou_metrics=[
        'mIoU',
        'mFscore',
    ], type='IoUMetric')
val_pipeline = [
    dict(img_size=512, type='LoadNingbo2mRaster'),
    dict(type='PackSegInputs'),
]
vis_backends = [
    dict(type='LocalVisBackend'),
]
visualizer = dict(
    name='visualizer',
    type='SegLocalVisualizer',
    vis_backends=[
        dict(type='LocalVisBackend'),
    ])
warmup_iters = 1500
warmup_ratio = 1e-06
weight_decay = 0.01
work_dir = '/mnt/htzzb2/EO_test/wj1/qh2_work_dirs/ningbo2m_new_dinov3_m2f_tune12_50e_512x512'

2026/08/04 02:23:36 - mmengine - INFO - Hooks will be executed in the following order:
before_run:
(VERY_HIGH   ) RuntimeInfoHook                    
(BELOW_NORMAL) LoggerHook                         
 -------------------- 
before_train:
(VERY_HIGH   ) RuntimeInfoHook                    
(NORMAL      ) IterTimerHook                      
(VERY_LOW    ) CheckpointHook                     
 -------------------- 
before_train_epoch:
(VERY_HIGH   ) RuntimeInfoHook                    
(NORMAL      ) IterTimerHook                      
(NORMAL      ) DistSamplerSeedHook                
 -------------------- 
before_train_iter:
(VERY_HIGH   ) RuntimeInfoHook                    
(NORMAL      ) IterTimerHook                      
 -------------------- 
after_train_iter:
(VERY_HIGH   ) RuntimeInfoHook                    
(NORMAL      ) IterTimerHook                      
(BELOW_NORMAL) LoggerHook                         
(LOW         ) ParamSchedulerHook                 
(VERY_LOW    ) CheckpointHook                     
 -------------------- 
after_train_epoch:
(NORMAL      ) IterTimerHook                      
(LOW         ) ParamSchedulerHook                 
(VERY_LOW    ) CheckpointHook                     
 -------------------- 
before_val:
(VERY_HIGH   ) RuntimeInfoHook                    
 -------------------- 
before_val_epoch:
(NORMAL      ) IterTimerHook                      
 -------------------- 
before_val_iter:
(NORMAL      ) IterTimerHook                      
 -------------------- 
after_val_iter:
(NORMAL      ) IterTimerHook                      
(NORMAL      ) SegVisualizationHook               
(BELOW_NORMAL) LoggerHook                         
 -------------------- 
after_val_epoch:
(VERY_HIGH   ) RuntimeInfoHook                    
(NORMAL      ) IterTimerHook                      
(BELOW_NORMAL) LoggerHook                         
(LOW         ) ParamSchedulerHook                 
(VERY_LOW    ) CheckpointHook                     
 -------------------- 
after_val:
(VERY_HIGH   ) RuntimeInfoHook                    
 -------------------- 
after_train:
(VERY_HIGH   ) RuntimeInfoHook                    
(VERY_LOW    ) CheckpointHook                     
 -------------------- 
before_test:
(VERY_HIGH   ) RuntimeInfoHook                    
 -------------------- 
before_test_epoch:
(NORMAL      ) IterTimerHook                      
 -------------------- 
before_test_iter:
(NORMAL      ) IterTimerHook                      
 -------------------- 
after_test_iter:
(NORMAL      ) IterTimerHook                      
(NORMAL      ) SegVisualizationHook               
(BELOW_NORMAL) LoggerHook                         
 -------------------- 
after_test_epoch:
(VERY_HIGH   ) RuntimeInfoHook                    
(NORMAL      ) IterTimerHook                      
(BELOW_NORMAL) LoggerHook                         
 -------------------- 
after_test:
(VERY_HIGH   ) RuntimeInfoHook                    
 -------------------- 
after_run:
(BELOW_NORMAL) LoggerHook                         
 -------------------- 
2026/08/04 02:23:40 - mmengine - INFO - paramwise_options -- backbone.backbone.cls_token:lr=0.0001
2026/08/04 02:23:40 - mmengine - INFO - paramwise_options -- backbone.backbone.cls_token:weight_decay=0.01
2026/08/04 02:23:40 - mmengine - INFO - paramwise_options -- backbone.backbone.cls_token:lr_mult=0.1
2026/08/04 02:23:40 - mmengine - INFO - paramwise_options -- backbone.backbone.storage_tokens:lr=0.0001
2026/08/04 02:23:40 - mmengine - INFO - paramwise_options -- backbone.backbone.storage_tokens:weight_decay=0.01
2026/08/04 02:23:40 - mmengine - INFO - paramwise_options -- backbone.backbone.storage_tokens:lr_mult=0.1
2026/08/04 02:23:40 - mmengine - INFO - paramwise_options -- backbone.backbone.mask_token:lr=0.0001
2026/08/04 02:23:40 - mmengine - INFO - paramwise_options -- backbone.backbone.mask_token:weight_decay=0.01
2026/08/04 02:23:40 - mmengine - INFO - paramwise_options -- backbone.backbone.mask_token:lr_mult=0.1
2026/08/04 02:23:40 - mmengine - INFO - paramwise_options -- backbone.backbone.patch_embed.proj.weight:lr=0.0001
2026/08/04 02:23:40 - mmengine - INFO - paramwise_options -- backbone.backbone.patch_embed.proj.weight:weight_decay=0.01
2026/08/04 02:23:40 - mmengine - INFO - paramwise_options -- backbone.backbone.patch_embed.proj.weight:lr_mult=0.1
2026/08/04 02:23:40 - mmengine - INFO - paramwise_options -- backbone.backbone.patch_embed.proj.bias:lr=0.0001
2026/08/04 02:23:40 - mmengine - INFO - paramwise_options -- backbone.backbone.patch_embed.proj.bias:weight_decay=0.01
2026/08/04 02:23:40 - mmengine - INFO - paramwise_options -- backbone.backbone.patch_embed.proj.bias:lr_mult=0.1
2026/08/04 02:23:40 - mmengine - INFO - paramwise_options -- backbone.backbone.blocks.0.norm1.weight:lr=0.0001
2026/08/04 02:23:40 - mmengine - INFO - paramwise_options -- backbone.backbone.blocks.0.norm1.weight:weight_decay=0.01
2026/08/04 02:23:40 - mmengine - INFO - paramwise_options -- backbone.backbone.blocks.0.norm1.weight:lr_mult=0.1
2026/08/04 02:23:40 - mmengine - INFO - paramwise_options -- backbone.backbone.blocks.0.norm1.bias:lr=0.0001
2026/08/04 02:23:40 - mmengine - INFO - paramwise_options -- backbone.backbone.blocks.0.norm1.bias:weight_decay=0.01
2026/08/04 02:23:40 - mmengine - INFO - paramwise_options -- backbone.backbone.blocks.0.norm1.bias:lr_mult=0.1
2026/08/04 02:23:40 - mmengine - INFO - paramwise_options -- backbone.backbone.blocks.0.attn.qkv.weight:lr=0.0001
2026/08/04 02:23:40 - mmengine - INFO - paramwise_options -- backbone.backbone.blocks.0.attn.qkv.weight:weight_decay=0.01
2026/08/04 02:23:40 - mmengine - INFO - paramwise_options -- backbone.backbone.blocks.0.attn.qkv.weight:lr_mult=0.1
2026/08/04 02:23:40 - mmengine - INFO - paramwise_options -- backbone.backbone.blocks.0.attn.qkv.bias:lr=0.0001
2026/08/04 02:23:40 - mmengine - INFO - paramwise_options -- backbone.backbone.blocks.0.attn.qkv.bias:weight_decay=0.01
2026/08/04 02:23:40 - mmengine - INFO - paramwise_options -- backbone.backbone.blocks.0.attn.qkv.bias:lr_mult=0.1
2026/08/04 02:23:40 - mmengine - INFO - paramwise_options -- backbone.backbone.blocks.0.attn.proj.weight:lr=0.0001
2026/08/04 02:23:40 - mmengine - INFO - paramwise_options -- backbone.backbone.blocks.0.attn.proj.weight:weight_decay=0.01
2026/08/04 02:23:40 - mmengine - INFO - paramwise_options -- backbone.backbone.blocks.0.attn.proj.weight:lr_mult=0.1
2026/08/04 02:23:40 - mmengine - INFO - paramwise_options -- backbone.backbone.blocks.0.attn.proj.bias:lr=0.0001
2026/08/04 02:23:40 - mmengine - INFO - paramwise_options -- backbone.backbone.blocks.0.attn.proj.bias:weight_decay=0.01
2026/08/04 02:23:40 - mmengine - INFO - paramwise_options -- backbone.backbone.blocks.0.attn.proj.bias:lr_mult=0.1
2026/08/04 02:23:40 - mmengine - INFO - paramwise_options -- backbone.backbone.blocks.0.ls1.gamma:lr=0.0001
2026/08/04 02:23:40 - mmengine - INFO - paramwise_options -- backbone.backbone.blocks.0.ls1.gamma:weight_decay=0.01
2026/08/04 02:23:40 - mmengine - INFO - paramwise_options -- backbone.backbone.blocks.0.ls1.gamma:lr_mult=0.1
2026/08/04 02:23:40 - mmengine - INFO - paramwise_options -- backbone.backbone.blocks.0.norm2.weight:lr=0.0001
2026/08/04 02:23:40 - mmengine - INFO - paramwise_options -- backbone.backbone.blocks.0.norm2.weight:weight_decay=0.01
2026/08/04 02:23:40 - mmengine - INFO - paramwise_options -- backbone.backbone.blocks.0.norm2.weight:lr_mult=0.1
2026/08/04 02:23:40 - mmengine - INFO - paramwise_options -- backbone.backbone.blocks.0.norm2.bias:lr=0.0001
2026/08/04 02:23:40 - mmengine - INFO - paramwise_options -- backbone.backbone.blocks.0.norm2.bias:weight_decay=0.01
2026/08/04 02:23:40 - mmengine - INFO - paramwise_options -- backbone.backbone.blocks.0.norm2.bias:lr_mult=0.1
2026/08/04 02:23:40 - mmengine - INFO - paramwise_options -- backbone.backbone.blocks.0.mlp.fc1.weight:lr=0.0001
2026/08/04 02:23:40 - mmengine - INFO - paramwise_options -- backbone.backbone.blocks.0.mlp.fc1.weight:weight_decay=0.01
2026/08/04 02:23:40 - mmengine - INFO - paramwise_options -- backbone.backbone.blocks.0.mlp.fc1.weight:lr_mult=0.1
2026/08/04 02:23:40 - mmengine - INFO - paramwise_options -- backbone.backbone.blocks.0.mlp.fc1.bias:lr=0.0001
2026/08/04 02:23:40 - mmengine - INFO - paramwise_options -- backbone.backbone.blocks.0.mlp.fc1.bias:weight_decay=0.01
2026/08/04 02:23:40 - mmengine - INFO - paramwise_options -- backbone.backbone.blocks.0.mlp.fc1.bias:lr_mult=0.1
2026/08/04 02:23:40 - mmengine - INFO - paramwise_options -- backbone.backbone.blocks.0.mlp.fc2.weight:lr=0.0001
2026/08/04 02:23:40 - mmengine - INFO - paramwise_options -- backbone.backbone.blocks.0.mlp.fc2.weight:weight_decay=0.01
2026/08/04 02:23:40 - mmengine - INFO - paramwise_options -- backbone.backbone.blocks.0.mlp.fc2.weight:lr_mult=0.1
2026/08/04 02:23:40 - mmengine - INFO - paramwise_options -- backbone.backbone.blocks.0.mlp.fc2.bias:lr=0.0001
2026/08/04 02:23:40 - mmengine - INFO - paramwise_options -- backbone.backbone.blocks.0.mlp.fc2.bias:weight_decay=0.01
2026/08/04 02:23:40 - mmengine - INFO - paramwise_options -- backbone.backbone.blocks.0.mlp.fc2.bias:lr_mult=0.1
2026/08/04 02:23:40 - mmengine - INFO - paramwise_options -- backbone.backbone.blocks.0.ls2.gamma:lr=0.0001
2026/08/04 02:23:40 - mmengine - INFO - paramwise_options -- backbone.backbone.blocks.0.ls2.gamma:weight_decay=0.01
2026/08/04 02:23:40 - mmengine - INFO - paramwise_options -- backbone.backbone.blocks.0.ls2.gamma:lr_mult=0.1
2026/08/04 02:23:40 - mmengine - INFO - paramwise_options -- backbone.backbone.blocks.1.norm1.weight:lr=0.0001
2026/08/04 02:23:40 - mmengine - INFO - paramwise_options -- backbone.backbone.blocks.1.norm1.weight:weight_decay=0.01
2026/08/04 02:23:40 - mmengine - INFO - paramwise_options -- backbone.backbone.blocks.1.norm1.weight:lr_mult=0.1
2026/08/04 02:23:40 - mmengine - INFO - paramwise_options -- backbone.backbone.blocks.1.norm1.bias:lr=0.0001
2026/08/04 02:23:40 - mmengine - INFO - paramwise_options -- backbone.backbone.blocks.1.norm1.bias:weight_decay=0.01
2026/08/04 02:23:40 - mmengine - INFO - paramwise_options -- backbone.backbone.blocks.1.norm1.bias:lr_mult=0.1
2026/08/04 02:23:40 - mmengine - INFO - paramwise_options -- backbone.backbone.blocks.1.attn.qkv.weight:lr=0.0001
2026/08/04 02:23:40 - mmengine - INFO - paramwise_options -- backbone.backbone.blocks.1.attn.qkv.weight:weight_decay=0.01
2026/08/04 02:23:40 - mmengine - INFO - paramwise_options -- backbone.backbone.blocks.1.attn.qkv.weight:lr_mult=0.1
2026/08/04 02:23:40 - mmengine - INFO - paramwise_options -- backbone.backbone.blocks.1.attn.qkv.bias:lr=0.0001
2026/08/04 02:23:40 - mmengine - INFO - paramwise_options -- backbone.backbone.blocks.1.attn.qkv.bias:weight_decay=0.01
2026/08/04 02:23:40 - mmengine - INFO - paramwise_options -- backbone.backbone.blocks.1.attn.qkv.bias:lr_mult=0.1
2026/08/04 02:23:40 - mmengine - INFO - paramwise_options -- backbone.backbone.blocks.1.attn.proj.weight:lr=0.0001
2026/08/04 02:23:40 - mmengine - INFO - paramwise_options -- backbone.backbone.blocks.1.attn.proj.weight:weight_decay=0.01
2026/08/04 02:23:40 - mmengine - INFO - paramwise_options -- backbone.backbone.blocks.1.attn.proj.weight:lr_mult=0.1
2026/08/04 02:23:40 - mmengine - INFO - paramwise_options -- backbone.backbone.blocks.1.attn.proj.bias:lr=0.0001
2026/08/04 02:23:40 - mmengine - INFO - paramwise_options -- backbone.backbone.blocks.1.attn.proj.bias:weight_decay=0.01
2026/08/04 02:23:40 - mmengine - INFO - paramwise_options -- backbone.backbone.blocks.1.attn.proj.bias:lr_mult=0.1
2026/08/04 02:23:40 - mmengine - INFO - paramwise_options -- backbone.backbone.blocks.1.ls1.gamma:lr=0.0001
2026/08/04 02:23:40 - mmengine - INFO - paramwise_options -- backbone.backbone.blocks.1.ls1.gamma:weight_decay=0.01
2026/08/04 02:23:40 - mmengine - INFO - paramwise_options -- backbone.backbone.blocks.1.ls1.gamma:lr_mult=0.1
2026/08/04 02:23:40 - mmengine - INFO - paramwise_options -- backbone.backbone.blocks.1.norm2.weight:lr=0.0001
2026/08/04 02:23:40 - mmengine - INFO - paramwise_options -- backbone.backbone.blocks.1.norm2.weight:weight_decay=0.01
2026/08/04 02:23:40 - mmengine - INFO - paramwise_options -- backbone.backbone.blocks.1.norm2.weight:lr_mult=0.1
2026/08/04 02:23:40 - mmengine - INFO - paramwise_options -- backbone.backbone.blocks.1.norm2.bias:lr=0.0001
2026/08/04 02:23:40 - mmengine - INFO - paramwise_options -- backbone.backbone.blocks.1.norm2.bias:weight_decay=0.01
2026/08/04 02:23:40 - mmengine - INFO - paramwise_options -- backbone.backbone.blocks.1.norm2.bias:lr_mult=0.1
2026/08/04 02:23:40 - mmengine - INFO - paramwise_options -- backbone.backbone.blocks.1.mlp.fc1.weight:lr=0.0001
2026/08/04 02:23:40 - mmengine - INFO - paramwise_options -- backbone.backbone.blocks.1.mlp.fc1.weight:weight_decay=0.01
2026/08/04 02:23:40 - mmengine - INFO - paramwise_options -- backbone.backbone.blocks.1.mlp.fc1.weight:lr_mult=0.1
2026/08/04 02:23:40 - mmengine - INFO - paramwise_options -- backbone.backbone.blocks.1.mlp.fc1.bias:lr=0.0001
2026/08/04 02:23:40 - mmengine - INFO - paramwise_options -- backbone.backbone.blocks.1.mlp.fc1.bias:weight_decay=0.01
2026/08/04 02:23:40 - mmengine - INFO - paramwise_options -- backbone.backbone.blocks.1.mlp.fc1.bias:lr_mult=0.1
2026/08/04 02:23:40 - mmengine - INFO - paramwise_options -- backbone.backbone.blocks.1.mlp.fc2.weight:lr=0.0001
2026/08/04 02:23:40 - mmengine - INFO - paramwise_options -- backbone.backbone.blocks.1.mlp.fc2.weight:weight_decay=0.01
2026/08/04 02:23:40 - mmengine - INFO - paramwise_options -- backbone.backbone.blocks.1.mlp.fc2.weight:lr_mult=0.1
2026/08/04 02:23:40 - mmengine - INFO - paramwise_options -- backbone.backbone.blocks.1.mlp.fc2.bias:lr=0.0001
2026/08/04 02:23:40 - mmengine - INFO - paramwise_options -- backbone.backbone.blocks.1.mlp.fc2.bias:weight_decay=0.01
2026/08/04 02:23:40 - mmengine - INFO - paramwise_options -- backbone.backbone.blocks.1.mlp.fc2.bias:lr_mult=0.1
2026/08/04 02:23:40 - mmengine - INFO - paramwise_options -- backbone.backbone.blocks.1.ls2.gamma:lr=0.0001
2026/08/04 02:23:40 - mmengine - INFO - paramwise_options -- backbone.backbone.blocks.1.ls2.gamma:weight_decay=0.01
2026/08/04 02:23:40 - mmengine - INFO - paramwise_options -- backbone.backbone.blocks.1.ls2.gamma:lr_mult=0.1
2026/08/04 02:23:40 - mmengine - INFO - paramwise_options -- backbone.backbone.blocks.2.norm1.weight:lr=0.0001
2026/08/04 02:23:40 - mmengine - INFO - paramwise_options -- backbone.backbone.blocks.2.norm1.weight:weight_decay=0.01
2026/08/04 02:23:40 - mmengine - INFO - paramwise_options -- backbone.backbone.blocks.2.norm1.weight:lr_mult=0.1
2026/08/04 02:23:40 - mmengine - INFO - paramwise_options -- backbone.backbone.blocks.2.norm1.bias:lr=0.0001
2026/08/04 02:23:40 - mmengine - INFO - paramwise_options -- backbone.backbone.blocks.2.norm1.bias:weight_decay=0.01
2026/08/04 02:23:40 - mmengine - INFO - paramwise_options -- backbone.backbone.blocks.2.norm1.bias:lr_mult=0.1
2026/08/04 02:23:40 - mmengine - INFO - paramwise_options -- backbone.backbone.blocks.2.attn.qkv.weight:lr=0.0001
2026/08/04 02:23:40 - mmengine - INFO - paramwise_options -- backbone.backbone.blocks.2.attn.qkv.weight:weight_decay=0.01
2026/08/04 02:23:40 - mmengine - INFO - paramwise_options -- backbone.backbone.blocks.2.attn.qkv.weight:lr_mult=0.1
2026/08/04 02:23:40 - mmengine - INFO - paramwise_options -- backbone.backbone.blocks.2.attn.qkv.bias:lr=0.0001
2026/08/04 02:23:40 - mmengine - INFO - paramwise_options -- backbone.backbone.blocks.2.attn.qkv.bias:weight_decay=0.01
2026/08/04 02:23:40 - mmengine - INFO - paramwise_options -- backbone.backbone.blocks.2.attn.qkv.bias:lr_mult=0.1
2026/08/04 02:23:40 - mmengine - INFO - paramwise_options -- backbone.backbone.blocks.2.attn.proj.weight:lr=0.0001
2026/08/04 02:23:40 - mmengine - INFO - paramwise_options -- backbone.backbone.blocks.2.attn.proj.weight:weight_decay=0.01
2026/08/04 02:23:40 - mmengine - INFO - paramwise_options -- backbone.backbone.blocks.2.attn.proj.weight:lr_mult=0.1
2026/08/04 02:23:40 - mmengine - INFO - paramwise_options -- backbone.backbone.blocks.2.attn.proj.bias:lr=0.0001
2026/08/04 02:23:40 - mmengine - INFO - paramwise_options -- backbone.backbone.blocks.2.attn.proj.bias:weight_decay=0.01
2026/08/04 02:23:40 - mmengine - INFO - paramwise_options -- backbone.backbone.blocks.2.attn.proj.bias:lr_mult=0.1
2026/08/04 02:23:40 - mmengine - INFO - paramwise_options -- backbone.backbone.blocks.2.ls1.gamma:lr=0.0001
2026/08/04 02:23:40 - mmengine - INFO - paramwise_options -- backbone.backbone.blocks.2.ls1.gamma:weight_decay=0.01
2026/08/04 02:23:40 - mmengine - INFO - paramwise_options -- backbone.backbone.blocks.2.ls1.gamma:lr_mult=0.1
2026/08/04 02:23:40 - mmengine - INFO - paramwise_options -- backbone.backbone.blocks.2.norm2.weight:lr=0.0001
2026/08/04 02:23:40 - mmengine - INFO - paramwise_options -- backbone.backbone.blocks.2.norm2.weight:weight_decay=0.01
2026/08/04 02:23:40 - mmengine - INFO - paramwise_options -- backbone.backbone.blocks.2.norm2.weight:lr_mult=0.1
2026/08/04 02:23:40 - mmengine - INFO - paramwise_options -- backbone.backbone.blocks.2.norm2.bias:lr=0.0001
2026/08/04 02:23:40 - mmengine - INFO - paramwise_options -- backbone.backbone.blocks.2.norm2.bias:weight_decay=0.01
2026/08/04 02:23:40 - mmengine - INFO - paramwise_options -- backbone.backbone.blocks.2.norm2.bias:lr_mult=0.1
2026/08/04 02:23:40 - mmengine - INFO - paramwise_options -- backbone.backbone.blocks.2.mlp.fc1.weight:lr=0.0001
2026/08/04 02:23:40 - mmengine - INFO - paramwise_options -- backbone.backbone.blocks.2.mlp.fc1.weight:weight_decay=0.01
2026/08/04 02:23:40 - mmengine - INFO - paramwise_options -- backbone.backbone.blocks.2.mlp.fc1.weight:lr_mult=0.1
2026/08/04 02:23:40 - mmengine - INFO - paramwise_options -- backbone.backbone.blocks.2.mlp.fc1.bias:lr=0.0001
2026/08/04 02:23:40 - mmengine - INFO - paramwise_options -- backbone.backbone.blocks.2.mlp.fc1.bias:weight_decay=0.01
2026/08/04 02:23:40 - mmengine - INFO - paramwise_options -- backbone.backbone.blocks.2.mlp.fc1.bias:lr_mult=0.1
2026/08/04 02:23:40 - mmengine - INFO - paramwise_options -- backbone.backbone.blocks.2.mlp.fc2.weight:lr=0.0001
2026/08/04 02:23:40 - mmengine - INFO - paramwise_options -- backbone.backbone.blocks.2.mlp.fc2.weight:weight_decay=0.01
2026/08/04 02:23:40 - mmengine - INFO - paramwise_options -- backbone.backbone.blocks.2.mlp.fc2.weight:lr_mult=0.1
2026/08/04 02:23:40 - mmengine - INFO - paramwise_options -- backbone.backbone.blocks.2.mlp.fc2.bias:lr=0.0001
2026/08/04 02:23:40 - mmengine - INFO - paramwise_options -- backbone.backbone.blocks.2.mlp.fc2.bias:weight_decay=0.01
2026/08/04 02:23:40 - mmengine - INFO - paramwise_options -- backbone.backbone.blocks.2.mlp.fc2.bias:lr_mult=0.1
2026/08/04 02:23:40 - mmengine - INFO - paramwise_options -- backbone.backbone.blocks.2.ls2.gamma:lr=0.0001
2026/08/04 02:23:40 - mmengine - INFO - paramwise_options -- backbone.backbone.blocks.2.ls2.gamma:weight_decay=0.01
2026/08/04 02:23:40 - mmengine - INFO - paramwise_options -- backbone.backbone.blocks.2.ls2.gamma:lr_mult=0.1
2026/08/04 02:23:40 - mmengine - INFO - paramwise_options -- backbone.backbone.blocks.3.norm1.weight:lr=0.0001
2026/08/04 02:23:40 - mmengine - INFO - paramwise_options -- backbone.backbone.blocks.3.norm1.weight:weight_decay=0.01
2026/08/04 02:23:40 - mmengine - INFO - paramwise_options -- backbone.backbone.blocks.3.norm1.weight:lr_mult=0.1
2026/08/04 02:23:40 - mmengine - INFO - paramwise_options -- backbone.backbone.blocks.3.norm1.bias:lr=0.0001
2026/08/04 02:23:40 - mmengine - INFO - paramwise_options -- backbone.backbone.blocks.3.norm1.bias:weight_decay=0.01
2026/08/04 02:23:40 - mmengine - INFO - paramwise_options -- backbone.backbone.blocks.3.norm1.bias:lr_mult=0.1
2026/08/04 02:23:40 - mmengine - INFO - paramwise_options -- backbone.backbone.blocks.3.attn.qkv.weight:lr=0.0001
2026/08/04 02:23:40 - mmengine - INFO - paramwise_options -- backbone.backbone.blocks.3.attn.qkv.weight:weight_decay=0.01
2026/08/04 02:23:40 - mmengine - INFO - paramwise_options -- backbone.backbone.blocks.3.attn.qkv.weight:lr_mult=0.1
2026/08/04 02:23:40 - mmengine - INFO - paramwise_options -- backbone.backbone.blocks.3.attn.qkv.bias:lr=0.0001
2026/08/04 02:23:40 - mmengine - INFO - paramwise_options -- backbone.backbone.blocks.3.attn.qkv.bias:weight_decay=0.01
2026/08/04 02:23:40 - mmengine - INFO - paramwise_options -- backbone.backbone.blocks.3.attn.qkv.bias:lr_mult=0.1
2026/08/04 02:23:40 - mmengine - INFO - paramwise_options -- backbone.backbone.blocks.3.attn.proj.weight:lr=0.0001
2026/08/04 02:23:40 - mmengine - INFO - paramwise_options -- backbone.backbone.blocks.3.attn.proj.weight:weight_decay=0.01
2026/08/04 02:23:40 - mmengine - INFO - paramwise_options -- backbone.backbone.blocks.3.attn.proj.weight:lr_mult=0.1
2026/08/04 02:23:40 - mmengine - INFO - paramwise_options -- backbone.backbone.blocks.3.attn.proj.bias:lr=0.0001
2026/08/04 02:23:40 - mmengine - INFO - paramwise_options -- backbone.backbone.blocks.3.attn.proj.bias:weight_decay=0.01
2026/08/04 02:23:40 - mmengine - INFO - paramwise_options -- backbone.backbone.blocks.3.attn.proj.bias:lr_mult=0.1
2026/08/04 02:23:40 - mmengine - INFO - paramwise_options -- backbone.backbone.blocks.3.ls1.gamma:lr=0.0001
2026/08/04 02:23:40 - mmengine - INFO - paramwise_options -- backbone.backbone.blocks.3.ls1.gamma:weight_decay=0.01
2026/08/04 02:23:40 - mmengine - INFO - paramwise_options -- backbone.backbone.blocks.3.ls1.gamma:lr_mult=0.1
2026/08/04 02:23:40 - mmengine - INFO - paramwise_options -- backbone.backbone.blocks.3.norm2.weight:lr=0.0001
2026/08/04 02:23:40 - mmengine - INFO - paramwise_options -- backbone.backbone.blocks.3.norm2.weight:weight_decay=0.01
2026/08/04 02:23:40 - mmengine - INFO - paramwise_options -- backbone.backbone.blocks.3.norm2.weight:lr_mult=0.1
2026/08/04 02:23:40 - mmengine - INFO - paramwise_options -- backbone.backbone.blocks.3.norm2.bias:lr=0.0001
2026/08/04 02:23:40 - mmengine - INFO - paramwise_options -- backbone.backbone.blocks.3.norm2.bias:weight_decay=0.01
2026/08/04 02:23:40 - mmengine - INFO - paramwise_options -- backbone.backbone.blocks.3.norm2.bias:lr_mult=0.1
2026/08/04 02:23:40 - mmengine - INFO - paramwise_options -- backbone.backbone.blocks.3.mlp.fc1.weight:lr=0.0001
2026/08/04 02:23:40 - mmengine - INFO - paramwise_options -- backbone.backbone.blocks.3.mlp.fc1.weight:weight_decay=0.01
2026/08/04 02:23:40 - mmengine - INFO - paramwise_options -- backbone.backbone.blocks.3.mlp.fc1.weight:lr_mult=0.1
2026/08/04 02:23:40 - mmengine - INFO - paramwise_options -- backbone.backbone.blocks.3.mlp.fc1.bias:lr=0.0001
2026/08/04 02:23:40 - mmengine - INFO - paramwise_options -- backbone.backbone.blocks.3.mlp.fc1.bias:weight_decay=0.01
2026/08/04 02:23:40 - mmengine - INFO - paramwise_options -- backbone.backbone.blocks.3.mlp.fc1.bias:lr_mult=0.1
2026/08/04 02:23:40 - mmengine - INFO - paramwise_options -- backbone.backbone.blocks.3.mlp.fc2.weight:lr=0.0001
2026/08/04 02:23:40 - mmengine - INFO - paramwise_options -- backbone.backbone.blocks.3.mlp.fc2.weight:weight_decay=0.01
2026/08/04 02:23:40 - mmengine - INFO - paramwise_options -- backbone.backbone.blocks.3.mlp.fc2.weight:lr_mult=0.1
2026/08/04 02:23:40 - mmengine - INFO - paramwise_options -- backbone.backbone.blocks.3.mlp.fc2.bias:lr=0.0001
2026/08/04 02:23:40 - mmengine - INFO - paramwise_options -- backbone.backbone.blocks.3.mlp.fc2.bias:weight_decay=0.01
2026/08/04 02:23:40 - mmengine - INFO - paramwise_options -- backbone.backbone.blocks.3.mlp.fc2.bias:lr_mult=0.1
2026/08/04 02:23:40 - mmengine - INFO - paramwise_options -- backbone.backbone.blocks.3.ls2.gamma:lr=0.0001
2026/08/04 02:23:40 - mmengine - INFO - paramwise_options -- backbone.backbone.blocks.3.ls2.gamma:weight_decay=0.01
2026/08/04 02:23:40 - mmengine - INFO - paramwise_options -- backbone.backbone.blocks.3.ls2.gamma:lr_mult=0.1
2026/08/04 02:23:40 - mmengine - INFO - paramwise_options -- backbone.backbone.blocks.4.norm1.weight:lr=0.0001
2026/08/04 02:23:40 - mmengine - INFO - paramwise_options -- backbone.backbone.blocks.4.norm1.weight:weight_decay=0.01
2026/08/04 02:23:40 - mmengine - INFO - paramwise_options -- backbone.backbone.blocks.4.norm1.weight:lr_mult=0.1
2026/08/04 02:23:40 - mmengine - INFO - paramwise_options -- backbone.backbone.blocks.4.norm1.bias:lr=0.0001
2026/08/04 02:23:40 - mmengine - INFO - paramwise_options -- backbone.backbone.blocks.4.norm1.bias:weight_decay=0.01
2026/08/04 02:23:40 - mmengine - INFO - paramwise_options -- backbone.backbone.blocks.4.norm1.bias:lr_mult=0.1
2026/08/04 02:23:40 - mmengine - INFO - paramwise_options -- backbone.backbone.blocks.4.attn.qkv.weight:lr=0.0001
2026/08/04 02:23:40 - mmengine - INFO - paramwise_options -- backbone.backbone.blocks.4.attn.qkv.weight:weight_decay=0.01
2026/08/04 02:23:40 - mmengine - INFO - paramwise_options -- backbone.backbone.blocks.4.attn.qkv.weight:lr_mult=0.1
2026/08/04 02:23:40 - mmengine - INFO - paramwise_options -- backbone.backbone.blocks.4.attn.qkv.bias:lr=0.0001
2026/08/04 02:23:40 - mmengine - INFO - paramwise_options -- backbone.backbone.blocks.4.attn.qkv.bias:weight_decay=0.01
2026/08/04 02:23:40 - mmengine - INFO - paramwise_options -- backbone.backbone.blocks.4.attn.qkv.bias:lr_mult=0.1
2026/08/04 02:23:40 - mmengine - INFO - paramwise_options -- backbone.backbone.blocks.4.attn.proj.weight:lr=0.0001
2026/08/04 02:23:40 - mmengine - INFO - paramwise_options -- backbone.backbone.blocks.4.attn.proj.weight:weight_decay=0.01
2026/08/04 02:23:40 - mmengine - INFO - paramwise_options -- backbone.backbone.blocks.4.attn.proj.weight:lr_mult=0.1
2026/08/04 02:23:40 - mmengine - INFO - paramwise_options -- backbone.backbone.blocks.4.attn.proj.bias:lr=0.0001
2026/08/04 02:23:40 - mmengine - INFO - paramwise_options -- backbone.backbone.blocks.4.attn.proj.bias:weight_decay=0.01
2026/08/04 02:23:40 - mmengine - INFO - paramwise_options -- backbone.backbone.blocks.4.attn.proj.bias:lr_mult=0.1
2026/08/04 02:23:40 - mmengine - INFO - paramwise_options -- backbone.backbone.blocks.4.ls1.gamma:lr=0.0001
2026/08/04 02:23:40 - mmengine - INFO - paramwise_options -- backbone.backbone.blocks.4.ls1.gamma:weight_decay=0.01
2026/08/04 02:23:40 - mmengine - INFO - paramwise_options -- backbone.backbone.blocks.4.ls1.gamma:lr_mult=0.1
2026/08/04 02:23:40 - mmengine - INFO - paramwise_options -- backbone.backbone.blocks.4.norm2.weight:lr=0.0001
2026/08/04 02:23:40 - mmengine - INFO - paramwise_options -- backbone.backbone.blocks.4.norm2.weight:weight_decay=0.01
2026/08/04 02:23:40 - mmengine - INFO - paramwise_options -- backbone.backbone.blocks.4.norm2.weight:lr_mult=0.1
2026/08/04 02:23:40 - mmengine - INFO - paramwise_options -- backbone.backbone.blocks.4.norm2.bias:lr=0.0001
2026/08/04 02:23:40 - mmengine - INFO - paramwise_options -- backbone.backbone.blocks.4.norm2.bias:weight_decay=0.01
2026/08/04 02:23:40 - mmengine - INFO - paramwise_options -- backbone.backbone.blocks.4.norm2.bias:lr_mult=0.1
2026/08/04 02:23:40 - mmengine - INFO - paramwise_options -- backbone.backbone.blocks.4.mlp.fc1.weight:lr=0.0001
2026/08/04 02:23:40 - mmengine - INFO - paramwise_options -- backbone.backbone.blocks.4.mlp.fc1.weight:weight_decay=0.01
2026/08/04 02:23:40 - mmengine - INFO - paramwise_options -- backbone.backbone.blocks.4.mlp.fc1.weight:lr_mult=0.1
2026/08/04 02:23:40 - mmengine - INFO - paramwise_options -- backbone.backbone.blocks.4.mlp.fc1.bias:lr=0.0001
2026/08/04 02:23:40 - mmengine - INFO - paramwise_options -- backbone.backbone.blocks.4.mlp.fc1.bias:weight_decay=0.01
2026/08/04 02:23:40 - mmengine - INFO - paramwise_options -- backbone.backbone.blocks.4.mlp.fc1.bias:lr_mult=0.1
2026/08/04 02:23:40 - mmengine - INFO - paramwise_options -- backbone.backbone.blocks.4.mlp.fc2.weight:lr=0.0001
2026/08/04 02:23:40 - mmengine - INFO - paramwise_options -- backbone.backbone.blocks.4.mlp.fc2.weight:weight_decay=0.01
2026/08/04 02:23:40 - mmengine - INFO - paramwise_options -- backbone.backbone.blocks.4.mlp.fc2.weight:lr_mult=0.1
2026/08/04 02:23:40 - mmengine - INFO - paramwise_options -- backbone.backbone.blocks.4.mlp.fc2.bias:lr=0.0001
2026/08/04 02:23:40 - mmengine - INFO - paramwise_options -- backbone.backbone.blocks.4.mlp.fc2.bias:weight_decay=0.01
2026/08/04 02:23:40 - mmengine - INFO - paramwise_options -- backbone.backbone.blocks.4.mlp.fc2.bias:lr_mult=0.1
2026/08/04 02:23:40 - mmengine - INFO - paramwise_options -- backbone.backbone.blocks.4.ls2.gamma:lr=0.0001
2026/08/04 02:23:40 - mmengine - INFO - paramwise_options -- backbone.backbone.blocks.4.ls2.gamma:weight_decay=0.01
2026/08/04 02:23:40 - mmengine - INFO - paramwise_options -- backbone.backbone.blocks.4.ls2.gamma:lr_mult=0.1
2026/08/04 02:23:40 - mmengine - INFO - paramwise_options -- backbone.backbone.blocks.5.norm1.weight:lr=0.0001
2026/08/04 02:23:40 - mmengine - INFO - paramwise_options -- backbone.backbone.blocks.5.norm1.weight:weight_decay=0.01
2026/08/04 02:23:40 - mmengine - INFO - paramwise_options -- backbone.backbone.blocks.5.norm1.weight:lr_mult=0.1
2026/08/04 02:23:40 - mmengine - INFO - paramwise_options -- backbone.backbone.blocks.5.norm1.bias:lr=0.0001
2026/08/04 02:23:40 - mmengine - INFO - paramwise_options -- backbone.backbone.blocks.5.norm1.bias:weight_decay=0.01
2026/08/04 02:23:40 - mmengine - INFO - paramwise_options -- backbone.backbone.blocks.5.norm1.bias:lr_mult=0.1
2026/08/04 02:23:40 - mmengine - INFO - paramwise_options -- backbone.backbone.blocks.5.attn.qkv.weight:lr=0.0001
2026/08/04 02:23:40 - mmengine - INFO - paramwise_options -- backbone.backbone.blocks.5.attn.qkv.weight:weight_decay=0.01
2026/08/04 02:23:40 - mmengine - INFO - paramwise_options -- backbone.backbone.blocks.5.attn.qkv.weight:lr_mult=0.1
2026/08/04 02:23:40 - mmengine - INFO - paramwise_options -- backbone.backbone.blocks.5.attn.qkv.bias:lr=0.0001
2026/08/04 02:23:40 - mmengine - INFO - paramwise_options -- backbone.backbone.blocks.5.attn.qkv.bias:weight_decay=0.01
2026/08/04 02:23:40 - mmengine - INFO - paramwise_options -- backbone.backbone.blocks.5.attn.qkv.bias:lr_mult=0.1
2026/08/04 02:23:40 - mmengine - INFO - paramwise_options -- backbone.backbone.blocks.5.attn.proj.weight:lr=0.0001
2026/08/04 02:23:40 - mmengine - INFO - paramwise_options -- backbone.backbone.blocks.5.attn.proj.weight:weight_decay=0.01
2026/08/04 02:23:40 - mmengine - INFO - paramwise_options -- backbone.backbone.blocks.5.attn.proj.weight:lr_mult=0.1
2026/08/04 02:23:40 - mmengine - INFO - paramwise_options -- backbone.backbone.blocks.5.attn.proj.bias:lr=0.0001
2026/08/04 02:23:40 - mmengine - INFO - paramwise_options -- backbone.backbone.blocks.5.attn.proj.bias:weight_decay=0.01
2026/08/04 02:23:40 - mmengine - INFO - paramwise_options -- backbone.backbone.blocks.5.attn.proj.bias:lr_mult=0.1
2026/08/04 02:23:40 - mmengine - INFO - paramwise_options -- backbone.backbone.blocks.5.ls1.gamma:lr=0.0001
2026/08/04 02:23:40 - mmengine - INFO - paramwise_options -- backbone.backbone.blocks.5.ls1.gamma:weight_decay=0.01
2026/08/04 02:23:40 - mmengine - INFO - paramwise_options -- backbone.backbone.blocks.5.ls1.gamma:lr_mult=0.1
2026/08/04 02:23:40 - mmengine - INFO - paramwise_options -- backbone.backbone.blocks.5.norm2.weight:lr=0.0001
2026/08/04 02:23:40 - mmengine - INFO - paramwise_options -- backbone.backbone.blocks.5.norm2.weight:weight_decay=0.01
2026/08/04 02:23:40 - mmengine - INFO - paramwise_options -- backbone.backbone.blocks.5.norm2.weight:lr_mult=0.1
2026/08/04 02:23:40 - mmengine - INFO - paramwise_options -- backbone.backbone.blocks.5.norm2.bias:lr=0.0001
2026/08/04 02:23:40 - mmengine - INFO - paramwise_options -- backbone.backbone.blocks.5.norm2.bias:weight_decay=0.01
2026/08/04 02:23:40 - mmengine - INFO - paramwise_options -- backbone.backbone.blocks.5.norm2.bias:lr_mult=0.1
2026/08/04 02:23:40 - mmengine - INFO - paramwise_options -- backbone.backbone.blocks.5.mlp.fc1.weight:lr=0.0001
2026/08/04 02:23:40 - mmengine - INFO - paramwise_options -- backbone.backbone.blocks.5.mlp.fc1.weight:weight_decay=0.01
2026/08/04 02:23:40 - mmengine - INFO - paramwise_options -- backbone.backbone.blocks.5.mlp.fc1.weight:lr_mult=0.1
2026/08/04 02:23:40 - mmengine - INFO - paramwise_options -- backbone.backbone.blocks.5.mlp.fc1.bias:lr=0.0001
2026/08/04 02:23:40 - mmengine - INFO - paramwise_options -- backbone.backbone.blocks.5.mlp.fc1.bias:weight_decay=0.01
2026/08/04 02:23:40 - mmengine - INFO - paramwise_options -- backbone.backbone.blocks.5.mlp.fc1.bias:lr_mult=0.1
2026/08/04 02:23:40 - mmengine - INFO - paramwise_options -- backbone.backbone.blocks.5.mlp.fc2.weight:lr=0.0001
2026/08/04 02:23:40 - mmengine - INFO - paramwise_options -- backbone.backbone.blocks.5.mlp.fc2.weight:weight_decay=0.01
2026/08/04 02:23:40 - mmengine - INFO - paramwise_options -- backbone.backbone.blocks.5.mlp.fc2.weight:lr_mult=0.1
2026/08/04 02:23:40 - mmengine - INFO - paramwise_options -- backbone.backbone.blocks.5.mlp.fc2.bias:lr=0.0001
2026/08/04 02:23:40 - mmengine - INFO - paramwise_options -- backbone.backbone.blocks.5.mlp.fc2.bias:weight_decay=0.01
2026/08/04 02:23:40 - mmengine - INFO - paramwise_options -- backbone.backbone.blocks.5.mlp.fc2.bias:lr_mult=0.1
2026/08/04 02:23:40 - mmengine - INFO - paramwise_options -- backbone.backbone.blocks.5.ls2.gamma:lr=0.0001
2026/08/04 02:23:40 - mmengine - INFO - paramwise_options -- backbone.backbone.blocks.5.ls2.gamma:weight_decay=0.01
2026/08/04 02:23:40 - mmengine - INFO - paramwise_options -- backbone.backbone.blocks.5.ls2.gamma:lr_mult=0.1
2026/08/04 02:23:40 - mmengine - INFO - paramwise_options -- backbone.backbone.blocks.6.norm1.weight:lr=0.0001
2026/08/04 02:23:40 - mmengine - INFO - paramwise_options -- backbone.backbone.blocks.6.norm1.weight:weight_decay=0.01
2026/08/04 02:23:40 - mmengine - INFO - paramwise_options -- backbone.backbone.blocks.6.norm1.weight:lr_mult=0.1
2026/08/04 02:23:40 - mmengine - INFO - paramwise_options -- backbone.backbone.blocks.6.norm1.bias:lr=0.0001
2026/08/04 02:23:40 - mmengine - INFO - paramwise_options -- backbone.backbone.blocks.6.norm1.bias:weight_decay=0.01
2026/08/04 02:23:40 - mmengine - INFO - paramwise_options -- backbone.backbone.blocks.6.norm1.bias:lr_mult=0.1
2026/08/04 02:23:40 - mmengine - INFO - paramwise_options -- backbone.backbone.blocks.6.attn.qkv.weight:lr=0.0001
2026/08/04 02:23:40 - mmengine - INFO - paramwise_options -- backbone.backbone.blocks.6.attn.qkv.weight:weight_decay=0.01
2026/08/04 02:23:40 - mmengine - INFO - paramwise_options -- backbone.backbone.blocks.6.attn.qkv.weight:lr_mult=0.1
2026/08/04 02:23:40 - mmengine - INFO - paramwise_options -- backbone.backbone.blocks.6.attn.qkv.bias:lr=0.0001
2026/08/04 02:23:40 - mmengine - INFO - paramwise_options -- backbone.backbone.blocks.6.attn.qkv.bias:weight_decay=0.01
2026/08/04 02:23:40 - mmengine - INFO - paramwise_options -- backbone.backbone.blocks.6.attn.qkv.bias:lr_mult=0.1
2026/08/04 02:23:40 - mmengine - INFO - paramwise_options -- backbone.backbone.blocks.6.attn.proj.weight:lr=0.0001
2026/08/04 02:23:40 - mmengine - INFO - paramwise_options -- backbone.backbone.blocks.6.attn.proj.weight:weight_decay=0.01
2026/08/04 02:23:40 - mmengine - INFO - paramwise_options -- backbone.backbone.blocks.6.attn.proj.weight:lr_mult=0.1
2026/08/04 02:23:40 - mmengine - INFO - paramwise_options -- backbone.backbone.blocks.6.attn.proj.bias:lr=0.0001
2026/08/04 02:23:40 - mmengine - INFO - paramwise_options -- backbone.backbone.blocks.6.attn.proj.bias:weight_decay=0.01
2026/08/04 02:23:40 - mmengine - INFO - paramwise_options -- backbone.backbone.blocks.6.attn.proj.bias:lr_mult=0.1
2026/08/04 02:23:40 - mmengine - INFO - paramwise_options -- backbone.backbone.blocks.6.ls1.gamma:lr=0.0001
2026/08/04 02:23:40 - mmengine - INFO - paramwise_options -- backbone.backbone.blocks.6.ls1.gamma:weight_decay=0.01
2026/08/04 02:23:40 - mmengine - INFO - paramwise_options -- backbone.backbone.blocks.6.ls1.gamma:lr_mult=0.1
2026/08/04 02:23:40 - mmengine - INFO - paramwise_options -- backbone.backbone.blocks.6.norm2.weight:lr=0.0001
2026/08/04 02:23:40 - mmengine - INFO - paramwise_options -- backbone.backbone.blocks.6.norm2.weight:weight_decay=0.01
2026/08/04 02:23:40 - mmengine - INFO - paramwise_options -- backbone.backbone.blocks.6.norm2.weight:lr_mult=0.1
2026/08/04 02:23:40 - mmengine - INFO - paramwise_options -- backbone.backbone.blocks.6.norm2.bias:lr=0.0001
2026/08/04 02:23:40 - mmengine - INFO - paramwise_options -- backbone.backbone.blocks.6.norm2.bias:weight_decay=0.01
2026/08/04 02:23:40 - mmengine - INFO - paramwise_options -- backbone.backbone.blocks.6.norm2.bias:lr_mult=0.1
2026/08/04 02:23:40 - mmengine - INFO - paramwise_options -- backbone.backbone.blocks.6.mlp.fc1.weight:lr=0.0001
2026/08/04 02:23:40 - mmengine - INFO - paramwise_options -- backbone.backbone.blocks.6.mlp.fc1.weight:weight_decay=0.01
2026/08/04 02:23:40 - mmengine - INFO - paramwise_options -- backbone.backbone.blocks.6.mlp.fc1.weight:lr_mult=0.1
2026/08/04 02:23:40 - mmengine - INFO - paramwise_options -- backbone.backbone.blocks.6.mlp.fc1.bias:lr=0.0001
2026/08/04 02:23:40 - mmengine - INFO - paramwise_options -- backbone.backbone.blocks.6.mlp.fc1.bias:weight_decay=0.01
2026/08/04 02:23:40 - mmengine - INFO - paramwise_options -- backbone.backbone.blocks.6.mlp.fc1.bias:lr_mult=0.1
2026/08/04 02:23:40 - mmengine - INFO - paramwise_options -- backbone.backbone.blocks.6.mlp.fc2.weight:lr=0.0001
2026/08/04 02:23:40 - mmengine - INFO - paramwise_options -- backbone.backbone.blocks.6.mlp.fc2.weight:weight_decay=0.01
2026/08/04 02:23:40 - mmengine - INFO - paramwise_options -- backbone.backbone.blocks.6.mlp.fc2.weight:lr_mult=0.1
2026/08/04 02:23:40 - mmengine - INFO - paramwise_options -- backbone.backbone.blocks.6.mlp.fc2.bias:lr=0.0001
2026/08/04 02:23:40 - mmengine - INFO - paramwise_options -- backbone.backbone.blocks.6.mlp.fc2.bias:weight_decay=0.01
2026/08/04 02:23:40 - mmengine - INFO - paramwise_options -- backbone.backbone.blocks.6.mlp.fc2.bias:lr_mult=0.1
2026/08/04 02:23:40 - mmengine - INFO - paramwise_options -- backbone.backbone.blocks.6.ls2.gamma:lr=0.0001
2026/08/04 02:23:40 - mmengine - INFO - paramwise_options -- backbone.backbone.blocks.6.ls2.gamma:weight_decay=0.01
2026/08/04 02:23:40 - mmengine - INFO - paramwise_options -- backbone.backbone.blocks.6.ls2.gamma:lr_mult=0.1
2026/08/04 02:23:40 - mmengine - INFO - paramwise_options -- backbone.backbone.blocks.7.norm1.weight:lr=0.0001
2026/08/04 02:23:40 - mmengine - INFO - paramwise_options -- backbone.backbone.blocks.7.norm1.weight:weight_decay=0.01
2026/08/04 02:23:40 - mmengine - INFO - paramwise_options -- backbone.backbone.blocks.7.norm1.weight:lr_mult=0.1
2026/08/04 02:23:40 - mmengine - INFO - paramwise_options -- backbone.backbone.blocks.7.norm1.bias:lr=0.0001
2026/08/04 02:23:40 - mmengine - INFO - paramwise_options -- backbone.backbone.blocks.7.norm1.bias:weight_decay=0.01
2026/08/04 02:23:40 - mmengine - INFO - paramwise_options -- backbone.backbone.blocks.7.norm1.bias:lr_mult=0.1
2026/08/04 02:23:40 - mmengine - INFO - paramwise_options -- backbone.backbone.blocks.7.attn.qkv.weight:lr=0.0001
2026/08/04 02:23:40 - mmengine - INFO - paramwise_options -- backbone.backbone.blocks.7.attn.qkv.weight:weight_decay=0.01
2026/08/04 02:23:40 - mmengine - INFO - paramwise_options -- backbone.backbone.blocks.7.attn.qkv.weight:lr_mult=0.1
2026/08/04 02:23:40 - mmengine - INFO - paramwise_options -- backbone.backbone.blocks.7.attn.qkv.bias:lr=0.0001
2026/08/04 02:23:40 - mmengine - INFO - paramwise_options -- backbone.backbone.blocks.7.attn.qkv.bias:weight_decay=0.01
2026/08/04 02:23:40 - mmengine - INFO - paramwise_options -- backbone.backbone.blocks.7.attn.qkv.bias:lr_mult=0.1
2026/08/04 02:23:40 - mmengine - INFO - paramwise_options -- backbone.backbone.blocks.7.attn.proj.weight:lr=0.0001
2026/08/04 02:23:40 - mmengine - INFO - paramwise_options -- backbone.backbone.blocks.7.attn.proj.weight:weight_decay=0.01
2026/08/04 02:23:40 - mmengine - INFO - paramwise_options -- backbone.backbone.blocks.7.attn.proj.weight:lr_mult=0.1
2026/08/04 02:23:40 - mmengine - INFO - paramwise_options -- backbone.backbone.blocks.7.attn.proj.bias:lr=0.0001
2026/08/04 02:23:40 - mmengine - INFO - paramwise_options -- backbone.backbone.blocks.7.attn.proj.bias:weight_decay=0.01
2026/08/04 02:23:40 - mmengine - INFO - paramwise_options -- backbone.backbone.blocks.7.attn.proj.bias:lr_mult=0.1
2026/08/04 02:23:40 - mmengine - INFO - paramwise_options -- backbone.backbone.blocks.7.ls1.gamma:lr=0.0001
2026/08/04 02:23:40 - mmengine - INFO - paramwise_options -- backbone.backbone.blocks.7.ls1.gamma:weight_decay=0.01
2026/08/04 02:23:40 - mmengine - INFO - paramwise_options -- backbone.backbone.blocks.7.ls1.gamma:lr_mult=0.1
2026/08/04 02:23:40 - mmengine - INFO - paramwise_options -- backbone.backbone.blocks.7.norm2.weight:lr=0.0001
2026/08/04 02:23:40 - mmengine - INFO - paramwise_options -- backbone.backbone.blocks.7.norm2.weight:weight_decay=0.01
2026/08/04 02:23:40 - mmengine - INFO - paramwise_options -- backbone.backbone.blocks.7.norm2.weight:lr_mult=0.1
2026/08/04 02:23:40 - mmengine - INFO - paramwise_options -- backbone.backbone.blocks.7.norm2.bias:lr=0.0001
2026/08/04 02:23:40 - mmengine - INFO - paramwise_options -- backbone.backbone.blocks.7.norm2.bias:weight_decay=0.01
2026/08/04 02:23:40 - mmengine - INFO - paramwise_options -- backbone.backbone.blocks.7.norm2.bias:lr_mult=0.1
2026/08/04 02:23:40 - mmengine - INFO - paramwise_options -- backbone.backbone.blocks.7.mlp.fc1.weight:lr=0.0001
2026/08/04 02:23:40 - mmengine - INFO - paramwise_options -- backbone.backbone.blocks.7.mlp.fc1.weight:weight_decay=0.01
2026/08/04 02:23:40 - mmengine - INFO - paramwise_options -- backbone.backbone.blocks.7.mlp.fc1.weight:lr_mult=0.1
2026/08/04 02:23:40 - mmengine - INFO - paramwise_options -- backbone.backbone.blocks.7.mlp.fc1.bias:lr=0.0001
2026/08/04 02:23:40 - mmengine - INFO - paramwise_options -- backbone.backbone.blocks.7.mlp.fc1.bias:weight_decay=0.01
2026/08/04 02:23:40 - mmengine - INFO - paramwise_options -- backbone.backbone.blocks.7.mlp.fc1.bias:lr_mult=0.1
2026/08/04 02:23:40 - mmengine - INFO - paramwise_options -- backbone.backbone.blocks.7.mlp.fc2.weight:lr=0.0001
2026/08/04 02:23:40 - mmengine - INFO - paramwise_options -- backbone.backbone.blocks.7.mlp.fc2.weight:weight_decay=0.01
2026/08/04 02:23:40 - mmengine - INFO - paramwise_options -- backbone.backbone.blocks.7.mlp.fc2.weight:lr_mult=0.1
2026/08/04 02:23:40 - mmengine - INFO - paramwise_options -- backbone.backbone.blocks.7.mlp.fc2.bias:lr=0.0001
2026/08/04 02:23:40 - mmengine - INFO - paramwise_options -- backbone.backbone.blocks.7.mlp.fc2.bias:weight_decay=0.01
2026/08/04 02:23:40 - mmengine - INFO - paramwise_options -- backbone.backbone.blocks.7.mlp.fc2.bias:lr_mult=0.1
2026/08/04 02:23:40 - mmengine - INFO - paramwise_options -- backbone.backbone.blocks.7.ls2.gamma:lr=0.0001
2026/08/04 02:23:40 - mmengine - INFO - paramwise_options -- backbone.backbone.blocks.7.ls2.gamma:weight_decay=0.01
2026/08/04 02:23:40 - mmengine - INFO - paramwise_options -- backbone.backbone.blocks.7.ls2.gamma:lr_mult=0.1
2026/08/04 02:23:40 - mmengine - INFO - paramwise_options -- backbone.backbone.blocks.8.norm1.weight:lr=0.0001
2026/08/04 02:23:40 - mmengine - INFO - paramwise_options -- backbone.backbone.blocks.8.norm1.weight:weight_decay=0.01
2026/08/04 02:23:40 - mmengine - INFO - paramwise_options -- backbone.backbone.blocks.8.norm1.weight:lr_mult=0.1
2026/08/04 02:23:40 - mmengine - INFO - paramwise_options -- backbone.backbone.blocks.8.norm1.bias:lr=0.0001
2026/08/04 02:23:40 - mmengine - INFO - paramwise_options -- backbone.backbone.blocks.8.norm1.bias:weight_decay=0.01
2026/08/04 02:23:40 - mmengine - INFO - paramwise_options -- backbone.backbone.blocks.8.norm1.bias:lr_mult=0.1
2026/08/04 02:23:40 - mmengine - INFO - paramwise_options -- backbone.backbone.blocks.8.attn.qkv.weight:lr=0.0001
2026/08/04 02:23:40 - mmengine - INFO - paramwise_options -- backbone.backbone.blocks.8.attn.qkv.weight:weight_decay=0.01
2026/08/04 02:23:40 - mmengine - INFO - paramwise_options -- backbone.backbone.blocks.8.attn.qkv.weight:lr_mult=0.1
2026/08/04 02:23:40 - mmengine - INFO - paramwise_options -- backbone.backbone.blocks.8.attn.qkv.bias:lr=0.0001
2026/08/04 02:23:40 - mmengine - INFO - paramwise_options -- backbone.backbone.blocks.8.attn.qkv.bias:weight_decay=0.01
2026/08/04 02:23:40 - mmengine - INFO - paramwise_options -- backbone.backbone.blocks.8.attn.qkv.bias:lr_mult=0.1
2026/08/04 02:23:40 - mmengine - INFO - paramwise_options -- backbone.backbone.blocks.8.attn.proj.weight:lr=0.0001
2026/08/04 02:23:40 - mmengine - INFO - paramwise_options -- backbone.backbone.blocks.8.attn.proj.weight:weight_decay=0.01
2026/08/04 02:23:40 - mmengine - INFO - paramwise_options -- backbone.backbone.blocks.8.attn.proj.weight:lr_mult=0.1
2026/08/04 02:23:40 - mmengine - INFO - paramwise_options -- backbone.backbone.blocks.8.attn.proj.bias:lr=0.0001
2026/08/04 02:23:40 - mmengine - INFO - paramwise_options -- backbone.backbone.blocks.8.attn.proj.bias:weight_decay=0.01
2026/08/04 02:23:40 - mmengine - INFO - paramwise_options -- backbone.backbone.blocks.8.attn.proj.bias:lr_mult=0.1
2026/08/04 02:23:40 - mmengine - INFO - paramwise_options -- backbone.backbone.blocks.8.ls1.gamma:lr=0.0001
2026/08/04 02:23:40 - mmengine - INFO - paramwise_options -- backbone.backbone.blocks.8.ls1.gamma:weight_decay=0.01
2026/08/04 02:23:40 - mmengine - INFO - paramwise_options -- backbone.backbone.blocks.8.ls1.gamma:lr_mult=0.1
2026/08/04 02:23:40 - mmengine - INFO - paramwise_options -- backbone.backbone.blocks.8.norm2.weight:lr=0.0001
2026/08/04 02:23:40 - mmengine - INFO - paramwise_options -- backbone.backbone.blocks.8.norm2.weight:weight_decay=0.01
2026/08/04 02:23:40 - mmengine - INFO - paramwise_options -- backbone.backbone.blocks.8.norm2.weight:lr_mult=0.1
2026/08/04 02:23:40 - mmengine - INFO - paramwise_options -- backbone.backbone.blocks.8.norm2.bias:lr=0.0001
2026/08/04 02:23:40 - mmengine - INFO - paramwise_options -- backbone.backbone.blocks.8.norm2.bias:weight_decay=0.01
2026/08/04 02:23:40 - mmengine - INFO - paramwise_options -- backbone.backbone.blocks.8.norm2.bias:lr_mult=0.1
2026/08/04 02:23:40 - mmengine - INFO - paramwise_options -- backbone.backbone.blocks.8.mlp.fc1.weight:lr=0.0001
2026/08/04 02:23:40 - mmengine - INFO - paramwise_options -- backbone.backbone.blocks.8.mlp.fc1.weight:weight_decay=0.01
2026/08/04 02:23:40 - mmengine - INFO - paramwise_options -- backbone.backbone.blocks.8.mlp.fc1.weight:lr_mult=0.1
2026/08/04 02:23:40 - mmengine - INFO - paramwise_options -- backbone.backbone.blocks.8.mlp.fc1.bias:lr=0.0001
2026/08/04 02:23:40 - mmengine - INFO - paramwise_options -- backbone.backbone.blocks.8.mlp.fc1.bias:weight_decay=0.01
2026/08/04 02:23:40 - mmengine - INFO - paramwise_options -- backbone.backbone.blocks.8.mlp.fc1.bias:lr_mult=0.1
2026/08/04 02:23:40 - mmengine - INFO - paramwise_options -- backbone.backbone.blocks.8.mlp.fc2.weight:lr=0.0001
2026/08/04 02:23:40 - mmengine - INFO - paramwise_options -- backbone.backbone.blocks.8.mlp.fc2.weight:weight_decay=0.01
2026/08/04 02:23:40 - mmengine - INFO - paramwise_options -- backbone.backbone.blocks.8.mlp.fc2.weight:lr_mult=0.1
2026/08/04 02:23:40 - mmengine - INFO - paramwise_options -- backbone.backbone.blocks.8.mlp.fc2.bias:lr=0.0001
2026/08/04 02:23:40 - mmengine - INFO - paramwise_options -- backbone.backbone.blocks.8.mlp.fc2.bias:weight_decay=0.01
2026/08/04 02:23:40 - mmengine - INFO - paramwise_options -- backbone.backbone.blocks.8.mlp.fc2.bias:lr_mult=0.1
2026/08/04 02:23:40 - mmengine - INFO - paramwise_options -- backbone.backbone.blocks.8.ls2.gamma:lr=0.0001
2026/08/04 02:23:40 - mmengine - INFO - paramwise_options -- backbone.backbone.blocks.8.ls2.gamma:weight_decay=0.01
2026/08/04 02:23:40 - mmengine - INFO - paramwise_options -- backbone.backbone.blocks.8.ls2.gamma:lr_mult=0.1
2026/08/04 02:23:40 - mmengine - INFO - paramwise_options -- backbone.backbone.blocks.9.norm1.weight:lr=0.0001
2026/08/04 02:23:40 - mmengine - INFO - paramwise_options -- backbone.backbone.blocks.9.norm1.weight:weight_decay=0.01
2026/08/04 02:23:40 - mmengine - INFO - paramwise_options -- backbone.backbone.blocks.9.norm1.weight:lr_mult=0.1
2026/08/04 02:23:40 - mmengine - INFO - paramwise_options -- backbone.backbone.blocks.9.norm1.bias:lr=0.0001
2026/08/04 02:23:40 - mmengine - INFO - paramwise_options -- backbone.backbone.blocks.9.norm1.bias:weight_decay=0.01
2026/08/04 02:23:40 - mmengine - INFO - paramwise_options -- backbone.backbone.blocks.9.norm1.bias:lr_mult=0.1
2026/08/04 02:23:40 - mmengine - INFO - paramwise_options -- backbone.backbone.blocks.9.attn.qkv.weight:lr=0.0001
2026/08/04 02:23:40 - mmengine - INFO - paramwise_options -- backbone.backbone.blocks.9.attn.qkv.weight:weight_decay=0.01
2026/08/04 02:23:40 - mmengine - INFO - paramwise_options -- backbone.backbone.blocks.9.attn.qkv.weight:lr_mult=0.1
2026/08/04 02:23:40 - mmengine - INFO - paramwise_options -- backbone.backbone.blocks.9.attn.qkv.bias:lr=0.0001
2026/08/04 02:23:40 - mmengine - INFO - paramwise_options -- backbone.backbone.blocks.9.attn.qkv.bias:weight_decay=0.01
2026/08/04 02:23:40 - mmengine - INFO - paramwise_options -- backbone.backbone.blocks.9.attn.qkv.bias:lr_mult=0.1
2026/08/04 02:23:40 - mmengine - INFO - paramwise_options -- backbone.backbone.blocks.9.attn.proj.weight:lr=0.0001
2026/08/04 02:23:40 - mmengine - INFO - paramwise_options -- backbone.backbone.blocks.9.attn.proj.weight:weight_decay=0.01
2026/08/04 02:23:40 - mmengine - INFO - paramwise_options -- backbone.backbone.blocks.9.attn.proj.weight:lr_mult=0.1
2026/08/04 02:23:40 - mmengine - INFO - paramwise_options -- backbone.backbone.blocks.9.attn.proj.bias:lr=0.0001
2026/08/04 02:23:40 - mmengine - INFO - paramwise_options -- backbone.backbone.blocks.9.attn.proj.bias:weight_decay=0.01
2026/08/04 02:23:40 - mmengine - INFO - paramwise_options -- backbone.backbone.blocks.9.attn.proj.bias:lr_mult=0.1
2026/08/04 02:23:40 - mmengine - INFO - paramwise_options -- backbone.backbone.blocks.9.ls1.gamma:lr=0.0001
2026/08/04 02:23:40 - mmengine - INFO - paramwise_options -- backbone.backbone.blocks.9.ls1.gamma:weight_decay=0.01
2026/08/04 02:23:40 - mmengine - INFO - paramwise_options -- backbone.backbone.blocks.9.ls1.gamma:lr_mult=0.1
2026/08/04 02:23:40 - mmengine - INFO - paramwise_options -- backbone.backbone.blocks.9.norm2.weight:lr=0.0001
2026/08/04 02:23:40 - mmengine - INFO - paramwise_options -- backbone.backbone.blocks.9.norm2.weight:weight_decay=0.01
2026/08/04 02:23:40 - mmengine - INFO - paramwise_options -- backbone.backbone.blocks.9.norm2.weight:lr_mult=0.1
2026/08/04 02:23:40 - mmengine - INFO - paramwise_options -- backbone.backbone.blocks.9.norm2.bias:lr=0.0001
2026/08/04 02:23:40 - mmengine - INFO - paramwise_options -- backbone.backbone.blocks.9.norm2.bias:weight_decay=0.01
2026/08/04 02:23:40 - mmengine - INFO - paramwise_options -- backbone.backbone.blocks.9.norm2.bias:lr_mult=0.1
2026/08/04 02:23:40 - mmengine - INFO - paramwise_options -- backbone.backbone.blocks.9.mlp.fc1.weight:lr=0.0001
2026/08/04 02:23:40 - mmengine - INFO - paramwise_options -- backbone.backbone.blocks.9.mlp.fc1.weight:weight_decay=0.01
2026/08/04 02:23:40 - mmengine - INFO - paramwise_options -- backbone.backbone.blocks.9.mlp.fc1.weight:lr_mult=0.1
2026/08/04 02:23:40 - mmengine - INFO - paramwise_options -- backbone.backbone.blocks.9.mlp.fc1.bias:lr=0.0001
2026/08/04 02:23:40 - mmengine - INFO - paramwise_options -- backbone.backbone.blocks.9.mlp.fc1.bias:weight_decay=0.01
2026/08/04 02:23:40 - mmengine - INFO - paramwise_options -- backbone.backbone.blocks.9.mlp.fc1.bias:lr_mult=0.1
2026/08/04 02:23:40 - mmengine - INFO - paramwise_options -- backbone.backbone.blocks.9.mlp.fc2.weight:lr=0.0001
2026/08/04 02:23:40 - mmengine - INFO - paramwise_options -- backbone.backbone.blocks.9.mlp.fc2.weight:weight_decay=0.01
2026/08/04 02:23:40 - mmengine - INFO - paramwise_options -- backbone.backbone.blocks.9.mlp.fc2.weight:lr_mult=0.1
2026/08/04 02:23:40 - mmengine - INFO - paramwise_options -- backbone.backbone.blocks.9.mlp.fc2.bias:lr=0.0001
2026/08/04 02:23:40 - mmengine - INFO - paramwise_options -- backbone.backbone.blocks.9.mlp.fc2.bias:weight_decay=0.01
2026/08/04 02:23:40 - mmengine - INFO - paramwise_options -- backbone.backbone.blocks.9.mlp.fc2.bias:lr_mult=0.1
2026/08/04 02:23:40 - mmengine - INFO - paramwise_options -- backbone.backbone.blocks.9.ls2.gamma:lr=0.0001
2026/08/04 02:23:40 - mmengine - INFO - paramwise_options -- backbone.backbone.blocks.9.ls2.gamma:weight_decay=0.01
2026/08/04 02:23:40 - mmengine - INFO - paramwise_options -- backbone.backbone.blocks.9.ls2.gamma:lr_mult=0.1
2026/08/04 02:23:40 - mmengine - INFO - paramwise_options -- backbone.backbone.blocks.10.norm1.weight:lr=0.0001
2026/08/04 02:23:40 - mmengine - INFO - paramwise_options -- backbone.backbone.blocks.10.norm1.weight:weight_decay=0.01
2026/08/04 02:23:40 - mmengine - INFO - paramwise_options -- backbone.backbone.blocks.10.norm1.weight:lr_mult=0.1
2026/08/04 02:23:40 - mmengine - INFO - paramwise_options -- backbone.backbone.blocks.10.norm1.bias:lr=0.0001
2026/08/04 02:23:40 - mmengine - INFO - paramwise_options -- backbone.backbone.blocks.10.norm1.bias:weight_decay=0.01
2026/08/04 02:23:40 - mmengine - INFO - paramwise_options -- backbone.backbone.blocks.10.norm1.bias:lr_mult=0.1
2026/08/04 02:23:40 - mmengine - INFO - paramwise_options -- backbone.backbone.blocks.10.attn.qkv.weight:lr=0.0001
2026/08/04 02:23:40 - mmengine - INFO - paramwise_options -- backbone.backbone.blocks.10.attn.qkv.weight:weight_decay=0.01
2026/08/04 02:23:40 - mmengine - INFO - paramwise_options -- backbone.backbone.blocks.10.attn.qkv.weight:lr_mult=0.1
2026/08/04 02:23:40 - mmengine - INFO - paramwise_options -- backbone.backbone.blocks.10.attn.qkv.bias:lr=0.0001
2026/08/04 02:23:40 - mmengine - INFO - paramwise_options -- backbone.backbone.blocks.10.attn.qkv.bias:weight_decay=0.01
2026/08/04 02:23:40 - mmengine - INFO - paramwise_options -- backbone.backbone.blocks.10.attn.qkv.bias:lr_mult=0.1
2026/08/04 02:23:40 - mmengine - INFO - paramwise_options -- backbone.backbone.blocks.10.attn.proj.weight:lr=0.0001
2026/08/04 02:23:40 - mmengine - INFO - paramwise_options -- backbone.backbone.blocks.10.attn.proj.weight:weight_decay=0.01
2026/08/04 02:23:40 - mmengine - INFO - paramwise_options -- backbone.backbone.blocks.10.attn.proj.weight:lr_mult=0.1
2026/08/04 02:23:40 - mmengine - INFO - paramwise_options -- backbone.backbone.blocks.10.attn.proj.bias:lr=0.0001
2026/08/04 02:23:40 - mmengine - INFO - paramwise_options -- backbone.backbone.blocks.10.attn.proj.bias:weight_decay=0.01
2026/08/04 02:23:40 - mmengine - INFO - paramwise_options -- backbone.backbone.blocks.10.attn.proj.bias:lr_mult=0.1
2026/08/04 02:23:40 - mmengine - INFO - paramwise_options -- backbone.backbone.blocks.10.ls1.gamma:lr=0.0001
2026/08/04 02:23:40 - mmengine - INFO - paramwise_options -- backbone.backbone.blocks.10.ls1.gamma:weight_decay=0.01
2026/08/04 02:23:40 - mmengine - INFO - paramwise_options -- backbone.backbone.blocks.10.ls1.gamma:lr_mult=0.1
2026/08/04 02:23:40 - mmengine - INFO - paramwise_options -- backbone.backbone.blocks.10.norm2.weight:lr=0.0001
2026/08/04 02:23:40 - mmengine - INFO - paramwise_options -- backbone.backbone.blocks.10.norm2.weight:weight_decay=0.01
2026/08/04 02:23:40 - mmengine - INFO - paramwise_options -- backbone.backbone.blocks.10.norm2.weight:lr_mult=0.1
2026/08/04 02:23:40 - mmengine - INFO - paramwise_options -- backbone.backbone.blocks.10.norm2.bias:lr=0.0001
2026/08/04 02:23:40 - mmengine - INFO - paramwise_options -- backbone.backbone.blocks.10.norm2.bias:weight_decay=0.01
2026/08/04 02:23:40 - mmengine - INFO - paramwise_options -- backbone.backbone.blocks.10.norm2.bias:lr_mult=0.1
2026/08/04 02:23:40 - mmengine - INFO - paramwise_options -- backbone.backbone.blocks.10.mlp.fc1.weight:lr=0.0001
2026/08/04 02:23:40 - mmengine - INFO - paramwise_options -- backbone.backbone.blocks.10.mlp.fc1.weight:weight_decay=0.01
2026/08/04 02:23:40 - mmengine - INFO - paramwise_options -- backbone.backbone.blocks.10.mlp.fc1.weight:lr_mult=0.1
2026/08/04 02:23:40 - mmengine - INFO - paramwise_options -- backbone.backbone.blocks.10.mlp.fc1.bias:lr=0.0001
2026/08/04 02:23:40 - mmengine - INFO - paramwise_options -- backbone.backbone.blocks.10.mlp.fc1.bias:weight_decay=0.01
2026/08/04 02:23:40 - mmengine - INFO - paramwise_options -- backbone.backbone.blocks.10.mlp.fc1.bias:lr_mult=0.1
2026/08/04 02:23:40 - mmengine - INFO - paramwise_options -- backbone.backbone.blocks.10.mlp.fc2.weight:lr=0.0001
2026/08/04 02:23:40 - mmengine - INFO - paramwise_options -- backbone.backbone.blocks.10.mlp.fc2.weight:weight_decay=0.01
2026/08/04 02:23:40 - mmengine - INFO - paramwise_options -- backbone.backbone.blocks.10.mlp.fc2.weight:lr_mult=0.1
2026/08/04 02:23:40 - mmengine - INFO - paramwise_options -- backbone.backbone.blocks.10.mlp.fc2.bias:lr=0.0001
2026/08/04 02:23:40 - mmengine - INFO - paramwise_options -- backbone.backbone.blocks.10.mlp.fc2.bias:weight_decay=0.01
2026/08/04 02:23:40 - mmengine - INFO - paramwise_options -- backbone.backbone.blocks.10.mlp.fc2.bias:lr_mult=0.1
2026/08/04 02:23:40 - mmengine - INFO - paramwise_options -- backbone.backbone.blocks.10.ls2.gamma:lr=0.0001
2026/08/04 02:23:40 - mmengine - INFO - paramwise_options -- backbone.backbone.blocks.10.ls2.gamma:weight_decay=0.01
2026/08/04 02:23:40 - mmengine - INFO - paramwise_options -- backbone.backbone.blocks.10.ls2.gamma:lr_mult=0.1
2026/08/04 02:23:40 - mmengine - INFO - paramwise_options -- backbone.backbone.blocks.11.norm1.weight:lr=0.0001
2026/08/04 02:23:40 - mmengine - INFO - paramwise_options -- backbone.backbone.blocks.11.norm1.weight:weight_decay=0.01
2026/08/04 02:23:40 - mmengine - INFO - paramwise_options -- backbone.backbone.blocks.11.norm1.weight:lr_mult=0.1
2026/08/04 02:23:40 - mmengine - INFO - paramwise_options -- backbone.backbone.blocks.11.norm1.bias:lr=0.0001
2026/08/04 02:23:40 - mmengine - INFO - paramwise_options -- backbone.backbone.blocks.11.norm1.bias:weight_decay=0.01
2026/08/04 02:23:40 - mmengine - INFO - paramwise_options -- backbone.backbone.blocks.11.norm1.bias:lr_mult=0.1
2026/08/04 02:23:40 - mmengine - INFO - paramwise_options -- backbone.backbone.blocks.11.attn.qkv.weight:lr=0.0001
2026/08/04 02:23:40 - mmengine - INFO - paramwise_options -- backbone.backbone.blocks.11.attn.qkv.weight:weight_decay=0.01
2026/08/04 02:23:40 - mmengine - INFO - paramwise_options -- backbone.backbone.blocks.11.attn.qkv.weight:lr_mult=0.1
2026/08/04 02:23:40 - mmengine - INFO - paramwise_options -- backbone.backbone.blocks.11.attn.qkv.bias:lr=0.0001
2026/08/04 02:23:40 - mmengine - INFO - paramwise_options -- backbone.backbone.blocks.11.attn.qkv.bias:weight_decay=0.01
2026/08/04 02:23:40 - mmengine - INFO - paramwise_options -- backbone.backbone.blocks.11.attn.qkv.bias:lr_mult=0.1
2026/08/04 02:23:40 - mmengine - INFO - paramwise_options -- backbone.backbone.blocks.11.attn.proj.weight:lr=0.0001
2026/08/04 02:23:40 - mmengine - INFO - paramwise_options -- backbone.backbone.blocks.11.attn.proj.weight:weight_decay=0.01
2026/08/04 02:23:40 - mmengine - INFO - paramwise_options -- backbone.backbone.blocks.11.attn.proj.weight:lr_mult=0.1
2026/08/04 02:23:40 - mmengine - INFO - paramwise_options -- backbone.backbone.blocks.11.attn.proj.bias:lr=0.0001
2026/08/04 02:23:40 - mmengine - INFO - paramwise_options -- backbone.backbone.blocks.11.attn.proj.bias:weight_decay=0.01
2026/08/04 02:23:40 - mmengine - INFO - paramwise_options -- backbone.backbone.blocks.11.attn.proj.bias:lr_mult=0.1
2026/08/04 02:23:40 - mmengine - INFO - paramwise_options -- backbone.backbone.blocks.11.ls1.gamma:lr=0.0001
2026/08/04 02:23:40 - mmengine - INFO - paramwise_options -- backbone.backbone.blocks.11.ls1.gamma:weight_decay=0.01
2026/08/04 02:23:40 - mmengine - INFO - paramwise_options -- backbone.backbone.blocks.11.ls1.gamma:lr_mult=0.1
2026/08/04 02:23:40 - mmengine - INFO - paramwise_options -- backbone.backbone.blocks.11.norm2.weight:lr=0.0001
2026/08/04 02:23:40 - mmengine - INFO - paramwise_options -- backbone.backbone.blocks.11.norm2.weight:weight_decay=0.01
2026/08/04 02:23:40 - mmengine - INFO - paramwise_options -- backbone.backbone.blocks.11.norm2.weight:lr_mult=0.1
2026/08/04 02:23:40 - mmengine - INFO - paramwise_options -- backbone.backbone.blocks.11.norm2.bias:lr=0.0001
2026/08/04 02:23:40 - mmengine - INFO - paramwise_options -- backbone.backbone.blocks.11.norm2.bias:weight_decay=0.01
2026/08/04 02:23:40 - mmengine - INFO - paramwise_options -- backbone.backbone.blocks.11.norm2.bias:lr_mult=0.1
2026/08/04 02:23:40 - mmengine - INFO - paramwise_options -- backbone.backbone.blocks.11.mlp.fc1.weight:lr=0.0001
2026/08/04 02:23:40 - mmengine - INFO - paramwise_options -- backbone.backbone.blocks.11.mlp.fc1.weight:weight_decay=0.01
2026/08/04 02:23:40 - mmengine - INFO - paramwise_options -- backbone.backbone.blocks.11.mlp.fc1.weight:lr_mult=0.1
2026/08/04 02:23:40 - mmengine - INFO - paramwise_options -- backbone.backbone.blocks.11.mlp.fc1.bias:lr=0.0001
2026/08/04 02:23:40 - mmengine - INFO - paramwise_options -- backbone.backbone.blocks.11.mlp.fc1.bias:weight_decay=0.01
2026/08/04 02:23:40 - mmengine - INFO - paramwise_options -- backbone.backbone.blocks.11.mlp.fc1.bias:lr_mult=0.1
2026/08/04 02:23:40 - mmengine - INFO - paramwise_options -- backbone.backbone.blocks.11.mlp.fc2.weight:lr=0.0001
2026/08/04 02:23:40 - mmengine - INFO - paramwise_options -- backbone.backbone.blocks.11.mlp.fc2.weight:weight_decay=0.01
2026/08/04 02:23:40 - mmengine - INFO - paramwise_options -- backbone.backbone.blocks.11.mlp.fc2.weight:lr_mult=0.1
2026/08/04 02:23:40 - mmengine - INFO - paramwise_options -- backbone.backbone.blocks.11.mlp.fc2.bias:lr=0.0001
2026/08/04 02:23:40 - mmengine - INFO - paramwise_options -- backbone.backbone.blocks.11.mlp.fc2.bias:weight_decay=0.01
2026/08/04 02:23:40 - mmengine - INFO - paramwise_options -- backbone.backbone.blocks.11.mlp.fc2.bias:lr_mult=0.1
2026/08/04 02:23:40 - mmengine - INFO - paramwise_options -- backbone.backbone.blocks.11.ls2.gamma:lr=0.0001
2026/08/04 02:23:40 - mmengine - INFO - paramwise_options -- backbone.backbone.blocks.11.ls2.gamma:weight_decay=0.01
2026/08/04 02:23:40 - mmengine - INFO - paramwise_options -- backbone.backbone.blocks.11.ls2.gamma:lr_mult=0.1
2026/08/04 02:23:40 - mmengine - INFO - paramwise_options -- backbone.backbone.blocks.12.norm1.weight:lr=0.0001
2026/08/04 02:23:40 - mmengine - INFO - paramwise_options -- backbone.backbone.blocks.12.norm1.weight:weight_decay=0.01
2026/08/04 02:23:40 - mmengine - INFO - paramwise_options -- backbone.backbone.blocks.12.norm1.weight:lr_mult=0.1
2026/08/04 02:23:40 - mmengine - INFO - paramwise_options -- backbone.backbone.blocks.12.norm1.bias:lr=0.0001
2026/08/04 02:23:40 - mmengine - INFO - paramwise_options -- backbone.backbone.blocks.12.norm1.bias:weight_decay=0.01
2026/08/04 02:23:40 - mmengine - INFO - paramwise_options -- backbone.backbone.blocks.12.norm1.bias:lr_mult=0.1
2026/08/04 02:23:40 - mmengine - INFO - paramwise_options -- backbone.backbone.blocks.12.attn.qkv.weight:lr=0.0001
2026/08/04 02:23:40 - mmengine - INFO - paramwise_options -- backbone.backbone.blocks.12.attn.qkv.weight:weight_decay=0.01
2026/08/04 02:23:40 - mmengine - INFO - paramwise_options -- backbone.backbone.blocks.12.attn.qkv.weight:lr_mult=0.1
2026/08/04 02:23:40 - mmengine - INFO - paramwise_options -- backbone.backbone.blocks.12.attn.qkv.bias:lr=0.0001
2026/08/04 02:23:40 - mmengine - INFO - paramwise_options -- backbone.backbone.blocks.12.attn.qkv.bias:weight_decay=0.01
2026/08/04 02:23:40 - mmengine - INFO - paramwise_options -- backbone.backbone.blocks.12.attn.qkv.bias:lr_mult=0.1
2026/08/04 02:23:40 - mmengine - INFO - paramwise_options -- backbone.backbone.blocks.12.attn.proj.weight:lr=0.0001
2026/08/04 02:23:40 - mmengine - INFO - paramwise_options -- backbone.backbone.blocks.12.attn.proj.weight:weight_decay=0.01
2026/08/04 02:23:40 - mmengine - INFO - paramwise_options -- backbone.backbone.blocks.12.attn.proj.weight:lr_mult=0.1
2026/08/04 02:23:40 - mmengine - INFO - paramwise_options -- backbone.backbone.blocks.12.attn.proj.bias:lr=0.0001
2026/08/04 02:23:40 - mmengine - INFO - paramwise_options -- backbone.backbone.blocks.12.attn.proj.bias:weight_decay=0.01
2026/08/04 02:23:40 - mmengine - INFO - paramwise_options -- backbone.backbone.blocks.12.attn.proj.bias:lr_mult=0.1
2026/08/04 02:23:40 - mmengine - INFO - paramwise_options -- backbone.backbone.blocks.12.ls1.gamma:lr=0.0001
2026/08/04 02:23:40 - mmengine - INFO - paramwise_options -- backbone.backbone.blocks.12.ls1.gamma:weight_decay=0.01
2026/08/04 02:23:40 - mmengine - INFO - paramwise_options -- backbone.backbone.blocks.12.ls1.gamma:lr_mult=0.1
2026/08/04 02:23:40 - mmengine - INFO - paramwise_options -- backbone.backbone.blocks.12.norm2.weight:lr=0.0001
2026/08/04 02:23:40 - mmengine - INFO - paramwise_options -- backbone.backbone.blocks.12.norm2.weight:weight_decay=0.01
2026/08/04 02:23:40 - mmengine - INFO - paramwise_options -- backbone.backbone.blocks.12.norm2.weight:lr_mult=0.1
2026/08/04 02:23:40 - mmengine - INFO - paramwise_options -- backbone.backbone.blocks.12.norm2.bias:lr=0.0001
2026/08/04 02:23:40 - mmengine - INFO - paramwise_options -- backbone.backbone.blocks.12.norm2.bias:weight_decay=0.01
2026/08/04 02:23:40 - mmengine - INFO - paramwise_options -- backbone.backbone.blocks.12.norm2.bias:lr_mult=0.1
2026/08/04 02:23:40 - mmengine - INFO - paramwise_options -- backbone.backbone.blocks.12.mlp.fc1.weight:lr=0.0001
2026/08/04 02:23:40 - mmengine - INFO - paramwise_options -- backbone.backbone.blocks.12.mlp.fc1.weight:weight_decay=0.01
2026/08/04 02:23:40 - mmengine - INFO - paramwise_options -- backbone.backbone.blocks.12.mlp.fc1.weight:lr_mult=0.1
2026/08/04 02:23:40 - mmengine - INFO - paramwise_options -- backbone.backbone.blocks.12.mlp.fc1.bias:lr=0.0001
2026/08/04 02:23:40 - mmengine - INFO - paramwise_options -- backbone.backbone.blocks.12.mlp.fc1.bias:weight_decay=0.01
2026/08/04 02:23:40 - mmengine - INFO - paramwise_options -- backbone.backbone.blocks.12.mlp.fc1.bias:lr_mult=0.1
2026/08/04 02:23:40 - mmengine - INFO - paramwise_options -- backbone.backbone.blocks.12.mlp.fc2.weight:lr=0.0001
2026/08/04 02:23:40 - mmengine - INFO - paramwise_options -- backbone.backbone.blocks.12.mlp.fc2.weight:weight_decay=0.01
2026/08/04 02:23:40 - mmengine - INFO - paramwise_options -- backbone.backbone.blocks.12.mlp.fc2.weight:lr_mult=0.1
2026/08/04 02:23:40 - mmengine - INFO - paramwise_options -- backbone.backbone.blocks.12.mlp.fc2.bias:lr=0.0001
2026/08/04 02:23:40 - mmengine - INFO - paramwise_options -- backbone.backbone.blocks.12.mlp.fc2.bias:weight_decay=0.01
2026/08/04 02:23:40 - mmengine - INFO - paramwise_options -- backbone.backbone.blocks.12.mlp.fc2.bias:lr_mult=0.1
2026/08/04 02:23:40 - mmengine - INFO - paramwise_options -- backbone.backbone.blocks.12.ls2.gamma:lr=0.0001
2026/08/04 02:23:40 - mmengine - INFO - paramwise_options -- backbone.backbone.blocks.12.ls2.gamma:weight_decay=0.01
2026/08/04 02:23:40 - mmengine - INFO - paramwise_options -- backbone.backbone.blocks.12.ls2.gamma:lr_mult=0.1
2026/08/04 02:23:40 - mmengine - INFO - paramwise_options -- backbone.backbone.blocks.13.norm1.weight:lr=0.0001
2026/08/04 02:23:40 - mmengine - INFO - paramwise_options -- backbone.backbone.blocks.13.norm1.weight:weight_decay=0.01
2026/08/04 02:23:40 - mmengine - INFO - paramwise_options -- backbone.backbone.blocks.13.norm1.weight:lr_mult=0.1
2026/08/04 02:23:40 - mmengine - INFO - paramwise_options -- backbone.backbone.blocks.13.norm1.bias:lr=0.0001
2026/08/04 02:23:40 - mmengine - INFO - paramwise_options -- backbone.backbone.blocks.13.norm1.bias:weight_decay=0.01
2026/08/04 02:23:40 - mmengine - INFO - paramwise_options -- backbone.backbone.blocks.13.norm1.bias:lr_mult=0.1
2026/08/04 02:23:40 - mmengine - INFO - paramwise_options -- backbone.backbone.blocks.13.attn.qkv.weight:lr=0.0001
2026/08/04 02:23:40 - mmengine - INFO - paramwise_options -- backbone.backbone.blocks.13.attn.qkv.weight:weight_decay=0.01
2026/08/04 02:23:40 - mmengine - INFO - paramwise_options -- backbone.backbone.blocks.13.attn.qkv.weight:lr_mult=0.1
2026/08/04 02:23:40 - mmengine - INFO - paramwise_options -- backbone.backbone.blocks.13.attn.qkv.bias:lr=0.0001
2026/08/04 02:23:40 - mmengine - INFO - paramwise_options -- backbone.backbone.blocks.13.attn.qkv.bias:weight_decay=0.01
2026/08/04 02:23:40 - mmengine - INFO - paramwise_options -- backbone.backbone.blocks.13.attn.qkv.bias:lr_mult=0.1
2026/08/04 02:23:40 - mmengine - INFO - paramwise_options -- backbone.backbone.blocks.13.attn.proj.weight:lr=0.0001
2026/08/04 02:23:40 - mmengine - INFO - paramwise_options -- backbone.backbone.blocks.13.attn.proj.weight:weight_decay=0.01
2026/08/04 02:23:40 - mmengine - INFO - paramwise_options -- backbone.backbone.blocks.13.attn.proj.weight:lr_mult=0.1
2026/08/04 02:23:40 - mmengine - INFO - paramwise_options -- backbone.backbone.blocks.13.attn.proj.bias:lr=0.0001
2026/08/04 02:23:40 - mmengine - INFO - paramwise_options -- backbone.backbone.blocks.13.attn.proj.bias:weight_decay=0.01
2026/08/04 02:23:40 - mmengine - INFO - paramwise_options -- backbone.backbone.blocks.13.attn.proj.bias:lr_mult=0.1
2026/08/04 02:23:40 - mmengine - INFO - paramwise_options -- backbone.backbone.blocks.13.ls1.gamma:lr=0.0001
2026/08/04 02:23:40 - mmengine - INFO - paramwise_options -- backbone.backbone.blocks.13.ls1.gamma:weight_decay=0.01
2026/08/04 02:23:40 - mmengine - INFO - paramwise_options -- backbone.backbone.blocks.13.ls1.gamma:lr_mult=0.1
2026/08/04 02:23:40 - mmengine - INFO - paramwise_options -- backbone.backbone.blocks.13.norm2.weight:lr=0.0001
2026/08/04 02:23:40 - mmengine - INFO - paramwise_options -- backbone.backbone.blocks.13.norm2.weight:weight_decay=0.01
2026/08/04 02:23:40 - mmengine - INFO - paramwise_options -- backbone.backbone.blocks.13.norm2.weight:lr_mult=0.1
2026/08/04 02:23:40 - mmengine - INFO - paramwise_options -- backbone.backbone.blocks.13.norm2.bias:lr=0.0001
2026/08/04 02:23:40 - mmengine - INFO - paramwise_options -- backbone.backbone.blocks.13.norm2.bias:weight_decay=0.01
2026/08/04 02:23:40 - mmengine - INFO - paramwise_options -- backbone.backbone.blocks.13.norm2.bias:lr_mult=0.1
2026/08/04 02:23:40 - mmengine - INFO - paramwise_options -- backbone.backbone.blocks.13.mlp.fc1.weight:lr=0.0001
2026/08/04 02:23:40 - mmengine - INFO - paramwise_options -- backbone.backbone.blocks.13.mlp.fc1.weight:weight_decay=0.01
2026/08/04 02:23:40 - mmengine - INFO - paramwise_options -- backbone.backbone.blocks.13.mlp.fc1.weight:lr_mult=0.1
2026/08/04 02:23:40 - mmengine - INFO - paramwise_options -- backbone.backbone.blocks.13.mlp.fc1.bias:lr=0.0001
2026/08/04 02:23:40 - mmengine - INFO - paramwise_options -- backbone.backbone.blocks.13.mlp.fc1.bias:weight_decay=0.01
2026/08/04 02:23:40 - mmengine - INFO - paramwise_options -- backbone.backbone.blocks.13.mlp.fc1.bias:lr_mult=0.1
2026/08/04 02:23:40 - mmengine - INFO - paramwise_options -- backbone.backbone.blocks.13.mlp.fc2.weight:lr=0.0001
2026/08/04 02:23:40 - mmengine - INFO - paramwise_options -- backbone.backbone.blocks.13.mlp.fc2.weight:weight_decay=0.01
2026/08/04 02:23:40 - mmengine - INFO - paramwise_options -- backbone.backbone.blocks.13.mlp.fc2.weight:lr_mult=0.1
2026/08/04 02:23:40 - mmengine - INFO - paramwise_options -- backbone.backbone.blocks.13.mlp.fc2.bias:lr=0.0001
2026/08/04 02:23:40 - mmengine - INFO - paramwise_options -- backbone.backbone.blocks.13.mlp.fc2.bias:weight_decay=0.01
2026/08/04 02:23:40 - mmengine - INFO - paramwise_options -- backbone.backbone.blocks.13.mlp.fc2.bias:lr_mult=0.1
2026/08/04 02:23:40 - mmengine - INFO - paramwise_options -- backbone.backbone.blocks.13.ls2.gamma:lr=0.0001
2026/08/04 02:23:40 - mmengine - INFO - paramwise_options -- backbone.backbone.blocks.13.ls2.gamma:weight_decay=0.01
2026/08/04 02:23:40 - mmengine - INFO - paramwise_options -- backbone.backbone.blocks.13.ls2.gamma:lr_mult=0.1
2026/08/04 02:23:40 - mmengine - INFO - paramwise_options -- backbone.backbone.blocks.14.norm1.weight:lr=0.0001
2026/08/04 02:23:40 - mmengine - INFO - paramwise_options -- backbone.backbone.blocks.14.norm1.weight:weight_decay=0.01
2026/08/04 02:23:40 - mmengine - INFO - paramwise_options -- backbone.backbone.blocks.14.norm1.weight:lr_mult=0.1
2026/08/04 02:23:40 - mmengine - INFO - paramwise_options -- backbone.backbone.blocks.14.norm1.bias:lr=0.0001
2026/08/04 02:23:40 - mmengine - INFO - paramwise_options -- backbone.backbone.blocks.14.norm1.bias:weight_decay=0.01
2026/08/04 02:23:40 - mmengine - INFO - paramwise_options -- backbone.backbone.blocks.14.norm1.bias:lr_mult=0.1
2026/08/04 02:23:40 - mmengine - INFO - paramwise_options -- backbone.backbone.blocks.14.attn.qkv.weight:lr=0.0001
2026/08/04 02:23:40 - mmengine - INFO - paramwise_options -- backbone.backbone.blocks.14.attn.qkv.weight:weight_decay=0.01
2026/08/04 02:23:40 - mmengine - INFO - paramwise_options -- backbone.backbone.blocks.14.attn.qkv.weight:lr_mult=0.1
2026/08/04 02:23:40 - mmengine - INFO - paramwise_options -- backbone.backbone.blocks.14.attn.qkv.bias:lr=0.0001
2026/08/04 02:23:40 - mmengine - INFO - paramwise_options -- backbone.backbone.blocks.14.attn.qkv.bias:weight_decay=0.01
2026/08/04 02:23:40 - mmengine - INFO - paramwise_options -- backbone.backbone.blocks.14.attn.qkv.bias:lr_mult=0.1
2026/08/04 02:23:40 - mmengine - INFO - paramwise_options -- backbone.backbone.blocks.14.attn.proj.weight:lr=0.0001
2026/08/04 02:23:40 - mmengine - INFO - paramwise_options -- backbone.backbone.blocks.14.attn.proj.weight:weight_decay=0.01
2026/08/04 02:23:40 - mmengine - INFO - paramwise_options -- backbone.backbone.blocks.14.attn.proj.weight:lr_mult=0.1
2026/08/04 02:23:40 - mmengine - INFO - paramwise_options -- backbone.backbone.blocks.14.attn.proj.bias:lr=0.0001
2026/08/04 02:23:40 - mmengine - INFO - paramwise_options -- backbone.backbone.blocks.14.attn.proj.bias:weight_decay=0.01
2026/08/04 02:23:40 - mmengine - INFO - paramwise_options -- backbone.backbone.blocks.14.attn.proj.bias:lr_mult=0.1
2026/08/04 02:23:40 - mmengine - INFO - paramwise_options -- backbone.backbone.blocks.14.ls1.gamma:lr=0.0001
2026/08/04 02:23:40 - mmengine - INFO - paramwise_options -- backbone.backbone.blocks.14.ls1.gamma:weight_decay=0.01
2026/08/04 02:23:40 - mmengine - INFO - paramwise_options -- backbone.backbone.blocks.14.ls1.gamma:lr_mult=0.1
2026/08/04 02:23:40 - mmengine - INFO - paramwise_options -- backbone.backbone.blocks.14.norm2.weight:lr=0.0001
2026/08/04 02:23:40 - mmengine - INFO - paramwise_options -- backbone.backbone.blocks.14.norm2.weight:weight_decay=0.01
2026/08/04 02:23:40 - mmengine - INFO - paramwise_options -- backbone.backbone.blocks.14.norm2.weight:lr_mult=0.1
2026/08/04 02:23:40 - mmengine - INFO - paramwise_options -- backbone.backbone.blocks.14.norm2.bias:lr=0.0001
2026/08/04 02:23:40 - mmengine - INFO - paramwise_options -- backbone.backbone.blocks.14.norm2.bias:weight_decay=0.01
2026/08/04 02:23:40 - mmengine - INFO - paramwise_options -- backbone.backbone.blocks.14.norm2.bias:lr_mult=0.1
2026/08/04 02:23:40 - mmengine - INFO - paramwise_options -- backbone.backbone.blocks.14.mlp.fc1.weight:lr=0.0001
2026/08/04 02:23:40 - mmengine - INFO - paramwise_options -- backbone.backbone.blocks.14.mlp.fc1.weight:weight_decay=0.01
2026/08/04 02:23:40 - mmengine - INFO - paramwise_options -- backbone.backbone.blocks.14.mlp.fc1.weight:lr_mult=0.1
2026/08/04 02:23:40 - mmengine - INFO - paramwise_options -- backbone.backbone.blocks.14.mlp.fc1.bias:lr=0.0001
2026/08/04 02:23:40 - mmengine - INFO - paramwise_options -- backbone.backbone.blocks.14.mlp.fc1.bias:weight_decay=0.01
2026/08/04 02:23:40 - mmengine - INFO - paramwise_options -- backbone.backbone.blocks.14.mlp.fc1.bias:lr_mult=0.1
2026/08/04 02:23:40 - mmengine - INFO - paramwise_options -- backbone.backbone.blocks.14.mlp.fc2.weight:lr=0.0001
2026/08/04 02:23:40 - mmengine - INFO - paramwise_options -- backbone.backbone.blocks.14.mlp.fc2.weight:weight_decay=0.01
2026/08/04 02:23:40 - mmengine - INFO - paramwise_options -- backbone.backbone.blocks.14.mlp.fc2.weight:lr_mult=0.1
2026/08/04 02:23:40 - mmengine - INFO - paramwise_options -- backbone.backbone.blocks.14.mlp.fc2.bias:lr=0.0001
2026/08/04 02:23:40 - mmengine - INFO - paramwise_options -- backbone.backbone.blocks.14.mlp.fc2.bias:weight_decay=0.01
2026/08/04 02:23:40 - mmengine - INFO - paramwise_options -- backbone.backbone.blocks.14.mlp.fc2.bias:lr_mult=0.1
2026/08/04 02:23:40 - mmengine - INFO - paramwise_options -- backbone.backbone.blocks.14.ls2.gamma:lr=0.0001
2026/08/04 02:23:40 - mmengine - INFO - paramwise_options -- backbone.backbone.blocks.14.ls2.gamma:weight_decay=0.01
2026/08/04 02:23:40 - mmengine - INFO - paramwise_options -- backbone.backbone.blocks.14.ls2.gamma:lr_mult=0.1
2026/08/04 02:23:40 - mmengine - INFO - paramwise_options -- backbone.backbone.blocks.15.norm1.weight:lr=0.0001
2026/08/04 02:23:40 - mmengine - INFO - paramwise_options -- backbone.backbone.blocks.15.norm1.weight:weight_decay=0.01
2026/08/04 02:23:40 - mmengine - INFO - paramwise_options -- backbone.backbone.blocks.15.norm1.weight:lr_mult=0.1
2026/08/04 02:23:40 - mmengine - INFO - paramwise_options -- backbone.backbone.blocks.15.norm1.bias:lr=0.0001
2026/08/04 02:23:40 - mmengine - INFO - paramwise_options -- backbone.backbone.blocks.15.norm1.bias:weight_decay=0.01
2026/08/04 02:23:40 - mmengine - INFO - paramwise_options -- backbone.backbone.blocks.15.norm1.bias:lr_mult=0.1
2026/08/04 02:23:40 - mmengine - INFO - paramwise_options -- backbone.backbone.blocks.15.attn.qkv.weight:lr=0.0001
2026/08/04 02:23:40 - mmengine - INFO - paramwise_options -- backbone.backbone.blocks.15.attn.qkv.weight:weight_decay=0.01
2026/08/04 02:23:40 - mmengine - INFO - paramwise_options -- backbone.backbone.blocks.15.attn.qkv.weight:lr_mult=0.1
2026/08/04 02:23:40 - mmengine - INFO - paramwise_options -- backbone.backbone.blocks.15.attn.qkv.bias:lr=0.0001
2026/08/04 02:23:40 - mmengine - INFO - paramwise_options -- backbone.backbone.blocks.15.attn.qkv.bias:weight_decay=0.01
2026/08/04 02:23:40 - mmengine - INFO - paramwise_options -- backbone.backbone.blocks.15.attn.qkv.bias:lr_mult=0.1
2026/08/04 02:23:40 - mmengine - INFO - paramwise_options -- backbone.backbone.blocks.15.attn.proj.weight:lr=0.0001
2026/08/04 02:23:40 - mmengine - INFO - paramwise_options -- backbone.backbone.blocks.15.attn.proj.weight:weight_decay=0.01
2026/08/04 02:23:40 - mmengine - INFO - paramwise_options -- backbone.backbone.blocks.15.attn.proj.weight:lr_mult=0.1
2026/08/04 02:23:40 - mmengine - INFO - paramwise_options -- backbone.backbone.blocks.15.attn.proj.bias:lr=0.0001
2026/08/04 02:23:40 - mmengine - INFO - paramwise_options -- backbone.backbone.blocks.15.attn.proj.bias:weight_decay=0.01
2026/08/04 02:23:40 - mmengine - INFO - paramwise_options -- backbone.backbone.blocks.15.attn.proj.bias:lr_mult=0.1
2026/08/04 02:23:40 - mmengine - INFO - paramwise_options -- backbone.backbone.blocks.15.ls1.gamma:lr=0.0001
2026/08/04 02:23:40 - mmengine - INFO - paramwise_options -- backbone.backbone.blocks.15.ls1.gamma:weight_decay=0.01
2026/08/04 02:23:40 - mmengine - INFO - paramwise_options -- backbone.backbone.blocks.15.ls1.gamma:lr_mult=0.1
2026/08/04 02:23:40 - mmengine - INFO - paramwise_options -- backbone.backbone.blocks.15.norm2.weight:lr=0.0001
2026/08/04 02:23:40 - mmengine - INFO - paramwise_options -- backbone.backbone.blocks.15.norm2.weight:weight_decay=0.01
2026/08/04 02:23:40 - mmengine - INFO - paramwise_options -- backbone.backbone.blocks.15.norm2.weight:lr_mult=0.1
2026/08/04 02:23:40 - mmengine - INFO - paramwise_options -- backbone.backbone.blocks.15.norm2.bias:lr=0.0001
2026/08/04 02:23:40 - mmengine - INFO - paramwise_options -- backbone.backbone.blocks.15.norm2.bias:weight_decay=0.01
2026/08/04 02:23:40 - mmengine - INFO - paramwise_options -- backbone.backbone.blocks.15.norm2.bias:lr_mult=0.1
2026/08/04 02:23:40 - mmengine - INFO - paramwise_options -- backbone.backbone.blocks.15.mlp.fc1.weight:lr=0.0001
2026/08/04 02:23:40 - mmengine - INFO - paramwise_options -- backbone.backbone.blocks.15.mlp.fc1.weight:weight_decay=0.01
2026/08/04 02:23:40 - mmengine - INFO - paramwise_options -- backbone.backbone.blocks.15.mlp.fc1.weight:lr_mult=0.1
2026/08/04 02:23:40 - mmengine - INFO - paramwise_options -- backbone.backbone.blocks.15.mlp.fc1.bias:lr=0.0001
2026/08/04 02:23:40 - mmengine - INFO - paramwise_options -- backbone.backbone.blocks.15.mlp.fc1.bias:weight_decay=0.01
2026/08/04 02:23:40 - mmengine - INFO - paramwise_options -- backbone.backbone.blocks.15.mlp.fc1.bias:lr_mult=0.1
2026/08/04 02:23:40 - mmengine - INFO - paramwise_options -- backbone.backbone.blocks.15.mlp.fc2.weight:lr=0.0001
2026/08/04 02:23:40 - mmengine - INFO - paramwise_options -- backbone.backbone.blocks.15.mlp.fc2.weight:weight_decay=0.01
2026/08/04 02:23:40 - mmengine - INFO - paramwise_options -- backbone.backbone.blocks.15.mlp.fc2.weight:lr_mult=0.1
2026/08/04 02:23:40 - mmengine - INFO - paramwise_options -- backbone.backbone.blocks.15.mlp.fc2.bias:lr=0.0001
2026/08/04 02:23:40 - mmengine - INFO - paramwise_options -- backbone.backbone.blocks.15.mlp.fc2.bias:weight_decay=0.01
2026/08/04 02:23:40 - mmengine - INFO - paramwise_options -- backbone.backbone.blocks.15.mlp.fc2.bias:lr_mult=0.1
2026/08/04 02:23:40 - mmengine - INFO - paramwise_options -- backbone.backbone.blocks.15.ls2.gamma:lr=0.0001
2026/08/04 02:23:40 - mmengine - INFO - paramwise_options -- backbone.backbone.blocks.15.ls2.gamma:weight_decay=0.01
2026/08/04 02:23:40 - mmengine - INFO - paramwise_options -- backbone.backbone.blocks.15.ls2.gamma:lr_mult=0.1
2026/08/04 02:23:40 - mmengine - INFO - paramwise_options -- backbone.backbone.blocks.16.norm1.weight:lr=0.0001
2026/08/04 02:23:40 - mmengine - INFO - paramwise_options -- backbone.backbone.blocks.16.norm1.weight:weight_decay=0.01
2026/08/04 02:23:40 - mmengine - INFO - paramwise_options -- backbone.backbone.blocks.16.norm1.weight:lr_mult=0.1
2026/08/04 02:23:40 - mmengine - INFO - paramwise_options -- backbone.backbone.blocks.16.norm1.bias:lr=0.0001
2026/08/04 02:23:40 - mmengine - INFO - paramwise_options -- backbone.backbone.blocks.16.norm1.bias:weight_decay=0.01
2026/08/04 02:23:40 - mmengine - INFO - paramwise_options -- backbone.backbone.blocks.16.norm1.bias:lr_mult=0.1
2026/08/04 02:23:40 - mmengine - INFO - paramwise_options -- backbone.backbone.blocks.16.attn.qkv.weight:lr=0.0001
2026/08/04 02:23:40 - mmengine - INFO - paramwise_options -- backbone.backbone.blocks.16.attn.qkv.weight:weight_decay=0.01
2026/08/04 02:23:40 - mmengine - INFO - paramwise_options -- backbone.backbone.blocks.16.attn.qkv.weight:lr_mult=0.1
2026/08/04 02:23:40 - mmengine - INFO - paramwise_options -- backbone.backbone.blocks.16.attn.qkv.bias:lr=0.0001
2026/08/04 02:23:40 - mmengine - INFO - paramwise_options -- backbone.backbone.blocks.16.attn.qkv.bias:weight_decay=0.01
2026/08/04 02:23:40 - mmengine - INFO - paramwise_options -- backbone.backbone.blocks.16.attn.qkv.bias:lr_mult=0.1
2026/08/04 02:23:40 - mmengine - INFO - paramwise_options -- backbone.backbone.blocks.16.attn.proj.weight:lr=0.0001
2026/08/04 02:23:40 - mmengine - INFO - paramwise_options -- backbone.backbone.blocks.16.attn.proj.weight:weight_decay=0.01
2026/08/04 02:23:40 - mmengine - INFO - paramwise_options -- backbone.backbone.blocks.16.attn.proj.weight:lr_mult=0.1
2026/08/04 02:23:40 - mmengine - INFO - paramwise_options -- backbone.backbone.blocks.16.attn.proj.bias:lr=0.0001
2026/08/04 02:23:40 - mmengine - INFO - paramwise_options -- backbone.backbone.blocks.16.attn.proj.bias:weight_decay=0.01
2026/08/04 02:23:40 - mmengine - INFO - paramwise_options -- backbone.backbone.blocks.16.attn.proj.bias:lr_mult=0.1
2026/08/04 02:23:40 - mmengine - INFO - paramwise_options -- backbone.backbone.blocks.16.ls1.gamma:lr=0.0001
2026/08/04 02:23:40 - mmengine - INFO - paramwise_options -- backbone.backbone.blocks.16.ls1.gamma:weight_decay=0.01
2026/08/04 02:23:40 - mmengine - INFO - paramwise_options -- backbone.backbone.blocks.16.ls1.gamma:lr_mult=0.1
2026/08/04 02:23:40 - mmengine - INFO - paramwise_options -- backbone.backbone.blocks.16.norm2.weight:lr=0.0001
2026/08/04 02:23:40 - mmengine - INFO - paramwise_options -- backbone.backbone.blocks.16.norm2.weight:weight_decay=0.01
2026/08/04 02:23:40 - mmengine - INFO - paramwise_options -- backbone.backbone.blocks.16.norm2.weight:lr_mult=0.1
2026/08/04 02:23:40 - mmengine - INFO - paramwise_options -- backbone.backbone.blocks.16.norm2.bias:lr=0.0001
2026/08/04 02:23:40 - mmengine - INFO - paramwise_options -- backbone.backbone.blocks.16.norm2.bias:weight_decay=0.01
2026/08/04 02:23:40 - mmengine - INFO - paramwise_options -- backbone.backbone.blocks.16.norm2.bias:lr_mult=0.1
2026/08/04 02:23:40 - mmengine - INFO - paramwise_options -- backbone.backbone.blocks.16.mlp.fc1.weight:lr=0.0001
2026/08/04 02:23:40 - mmengine - INFO - paramwise_options -- backbone.backbone.blocks.16.mlp.fc1.weight:weight_decay=0.01
2026/08/04 02:23:40 - mmengine - INFO - paramwise_options -- backbone.backbone.blocks.16.mlp.fc1.weight:lr_mult=0.1
2026/08/04 02:23:40 - mmengine - INFO - paramwise_options -- backbone.backbone.blocks.16.mlp.fc1.bias:lr=0.0001
2026/08/04 02:23:40 - mmengine - INFO - paramwise_options -- backbone.backbone.blocks.16.mlp.fc1.bias:weight_decay=0.01
2026/08/04 02:23:40 - mmengine - INFO - paramwise_options -- backbone.backbone.blocks.16.mlp.fc1.bias:lr_mult=0.1
2026/08/04 02:23:40 - mmengine - INFO - paramwise_options -- backbone.backbone.blocks.16.mlp.fc2.weight:lr=0.0001
2026/08/04 02:23:40 - mmengine - INFO - paramwise_options -- backbone.backbone.blocks.16.mlp.fc2.weight:weight_decay=0.01
2026/08/04 02:23:40 - mmengine - INFO - paramwise_options -- backbone.backbone.blocks.16.mlp.fc2.weight:lr_mult=0.1
2026/08/04 02:23:40 - mmengine - INFO - paramwise_options -- backbone.backbone.blocks.16.mlp.fc2.bias:lr=0.0001
2026/08/04 02:23:40 - mmengine - INFO - paramwise_options -- backbone.backbone.blocks.16.mlp.fc2.bias:weight_decay=0.01
2026/08/04 02:23:40 - mmengine - INFO - paramwise_options -- backbone.backbone.blocks.16.mlp.fc2.bias:lr_mult=0.1
2026/08/04 02:23:40 - mmengine - INFO - paramwise_options -- backbone.backbone.blocks.16.ls2.gamma:lr=0.0001
2026/08/04 02:23:40 - mmengine - INFO - paramwise_options -- backbone.backbone.blocks.16.ls2.gamma:weight_decay=0.01
2026/08/04 02:23:40 - mmengine - INFO - paramwise_options -- backbone.backbone.blocks.16.ls2.gamma:lr_mult=0.1
2026/08/04 02:23:40 - mmengine - INFO - paramwise_options -- backbone.backbone.blocks.17.norm1.weight:lr=0.0001
2026/08/04 02:23:40 - mmengine - INFO - paramwise_options -- backbone.backbone.blocks.17.norm1.weight:weight_decay=0.01
2026/08/04 02:23:40 - mmengine - INFO - paramwise_options -- backbone.backbone.blocks.17.norm1.weight:lr_mult=0.1
2026/08/04 02:23:40 - mmengine - INFO - paramwise_options -- backbone.backbone.blocks.17.norm1.bias:lr=0.0001
2026/08/04 02:23:40 - mmengine - INFO - paramwise_options -- backbone.backbone.blocks.17.norm1.bias:weight_decay=0.01
2026/08/04 02:23:40 - mmengine - INFO - paramwise_options -- backbone.backbone.blocks.17.norm1.bias:lr_mult=0.1
2026/08/04 02:23:40 - mmengine - INFO - paramwise_options -- backbone.backbone.blocks.17.attn.qkv.weight:lr=0.0001
2026/08/04 02:23:40 - mmengine - INFO - paramwise_options -- backbone.backbone.blocks.17.attn.qkv.weight:weight_decay=0.01
2026/08/04 02:23:40 - mmengine - INFO - paramwise_options -- backbone.backbone.blocks.17.attn.qkv.weight:lr_mult=0.1
2026/08/04 02:23:40 - mmengine - INFO - paramwise_options -- backbone.backbone.blocks.17.attn.qkv.bias:lr=0.0001
2026/08/04 02:23:40 - mmengine - INFO - paramwise_options -- backbone.backbone.blocks.17.attn.qkv.bias:weight_decay=0.01
2026/08/04 02:23:40 - mmengine - INFO - paramwise_options -- backbone.backbone.blocks.17.attn.qkv.bias:lr_mult=0.1
2026/08/04 02:23:40 - mmengine - INFO - paramwise_options -- backbone.backbone.blocks.17.attn.proj.weight:lr=0.0001
2026/08/04 02:23:40 - mmengine - INFO - paramwise_options -- backbone.backbone.blocks.17.attn.proj.weight:weight_decay=0.01
2026/08/04 02:23:40 - mmengine - INFO - paramwise_options -- backbone.backbone.blocks.17.attn.proj.weight:lr_mult=0.1
2026/08/04 02:23:40 - mmengine - INFO - paramwise_options -- backbone.backbone.blocks.17.attn.proj.bias:lr=0.0001
2026/08/04 02:23:40 - mmengine - INFO - paramwise_options -- backbone.backbone.blocks.17.attn.proj.bias:weight_decay=0.01
2026/08/04 02:23:40 - mmengine - INFO - paramwise_options -- backbone.backbone.blocks.17.attn.proj.bias:lr_mult=0.1
2026/08/04 02:23:40 - mmengine - INFO - paramwise_options -- backbone.backbone.blocks.17.ls1.gamma:lr=0.0001
2026/08/04 02:23:40 - mmengine - INFO - paramwise_options -- backbone.backbone.blocks.17.ls1.gamma:weight_decay=0.01
2026/08/04 02:23:40 - mmengine - INFO - paramwise_options -- backbone.backbone.blocks.17.ls1.gamma:lr_mult=0.1
2026/08/04 02:23:40 - mmengine - INFO - paramwise_options -- backbone.backbone.blocks.17.norm2.weight:lr=0.0001
2026/08/04 02:23:40 - mmengine - INFO - paramwise_options -- backbone.backbone.blocks.17.norm2.weight:weight_decay=0.01
2026/08/04 02:23:40 - mmengine - INFO - paramwise_options -- backbone.backbone.blocks.17.norm2.weight:lr_mult=0.1
2026/08/04 02:23:40 - mmengine - INFO - paramwise_options -- backbone.backbone.blocks.17.norm2.bias:lr=0.0001
2026/08/04 02:23:40 - mmengine - INFO - paramwise_options -- backbone.backbone.blocks.17.norm2.bias:weight_decay=0.01
2026/08/04 02:23:40 - mmengine - INFO - paramwise_options -- backbone.backbone.blocks.17.norm2.bias:lr_mult=0.1
2026/08/04 02:23:40 - mmengine - INFO - paramwise_options -- backbone.backbone.blocks.17.mlp.fc1.weight:lr=0.0001
2026/08/04 02:23:40 - mmengine - INFO - paramwise_options -- backbone.backbone.blocks.17.mlp.fc1.weight:weight_decay=0.01
2026/08/04 02:23:40 - mmengine - INFO - paramwise_options -- backbone.backbone.blocks.17.mlp.fc1.weight:lr_mult=0.1
2026/08/04 02:23:40 - mmengine - INFO - paramwise_options -- backbone.backbone.blocks.17.mlp.fc1.bias:lr=0.0001
2026/08/04 02:23:40 - mmengine - INFO - paramwise_options -- backbone.backbone.blocks.17.mlp.fc1.bias:weight_decay=0.01
2026/08/04 02:23:40 - mmengine - INFO - paramwise_options -- backbone.backbone.blocks.17.mlp.fc1.bias:lr_mult=0.1
2026/08/04 02:23:40 - mmengine - INFO - paramwise_options -- backbone.backbone.blocks.17.mlp.fc2.weight:lr=0.0001
2026/08/04 02:23:40 - mmengine - INFO - paramwise_options -- backbone.backbone.blocks.17.mlp.fc2.weight:weight_decay=0.01
2026/08/04 02:23:40 - mmengine - INFO - paramwise_options -- backbone.backbone.blocks.17.mlp.fc2.weight:lr_mult=0.1
2026/08/04 02:23:40 - mmengine - INFO - paramwise_options -- backbone.backbone.blocks.17.mlp.fc2.bias:lr=0.0001
2026/08/04 02:23:40 - mmengine - INFO - paramwise_options -- backbone.backbone.blocks.17.mlp.fc2.bias:weight_decay=0.01
2026/08/04 02:23:40 - mmengine - INFO - paramwise_options -- backbone.backbone.blocks.17.mlp.fc2.bias:lr_mult=0.1
2026/08/04 02:23:40 - mmengine - INFO - paramwise_options -- backbone.backbone.blocks.17.ls2.gamma:lr=0.0001
2026/08/04 02:23:40 - mmengine - INFO - paramwise_options -- backbone.backbone.blocks.17.ls2.gamma:weight_decay=0.01
2026/08/04 02:23:40 - mmengine - INFO - paramwise_options -- backbone.backbone.blocks.17.ls2.gamma:lr_mult=0.1
2026/08/04 02:23:40 - mmengine - INFO - paramwise_options -- backbone.backbone.blocks.18.norm1.weight:lr=0.0001
2026/08/04 02:23:40 - mmengine - INFO - paramwise_options -- backbone.backbone.blocks.18.norm1.weight:weight_decay=0.01
2026/08/04 02:23:40 - mmengine - INFO - paramwise_options -- backbone.backbone.blocks.18.norm1.weight:lr_mult=0.1
2026/08/04 02:23:40 - mmengine - INFO - paramwise_options -- backbone.backbone.blocks.18.norm1.bias:lr=0.0001
2026/08/04 02:23:40 - mmengine - INFO - paramwise_options -- backbone.backbone.blocks.18.norm1.bias:weight_decay=0.01
2026/08/04 02:23:40 - mmengine - INFO - paramwise_options -- backbone.backbone.blocks.18.norm1.bias:lr_mult=0.1
2026/08/04 02:23:40 - mmengine - INFO - paramwise_options -- backbone.backbone.blocks.18.attn.qkv.weight:lr=0.0001
2026/08/04 02:23:40 - mmengine - INFO - paramwise_options -- backbone.backbone.blocks.18.attn.qkv.weight:weight_decay=0.01
2026/08/04 02:23:40 - mmengine - INFO - paramwise_options -- backbone.backbone.blocks.18.attn.qkv.weight:lr_mult=0.1
2026/08/04 02:23:40 - mmengine - INFO - paramwise_options -- backbone.backbone.blocks.18.attn.qkv.bias:lr=0.0001
2026/08/04 02:23:40 - mmengine - INFO - paramwise_options -- backbone.backbone.blocks.18.attn.qkv.bias:weight_decay=0.01
2026/08/04 02:23:40 - mmengine - INFO - paramwise_options -- backbone.backbone.blocks.18.attn.qkv.bias:lr_mult=0.1
2026/08/04 02:23:40 - mmengine - INFO - paramwise_options -- backbone.backbone.blocks.18.attn.proj.weight:lr=0.0001
2026/08/04 02:23:40 - mmengine - INFO - paramwise_options -- backbone.backbone.blocks.18.attn.proj.weight:weight_decay=0.01
2026/08/04 02:23:40 - mmengine - INFO - paramwise_options -- backbone.backbone.blocks.18.attn.proj.weight:lr_mult=0.1
2026/08/04 02:23:40 - mmengine - INFO - paramwise_options -- backbone.backbone.blocks.18.attn.proj.bias:lr=0.0001
2026/08/04 02:23:40 - mmengine - INFO - paramwise_options -- backbone.backbone.blocks.18.attn.proj.bias:weight_decay=0.01
2026/08/04 02:23:40 - mmengine - INFO - paramwise_options -- backbone.backbone.blocks.18.attn.proj.bias:lr_mult=0.1
2026/08/04 02:23:40 - mmengine - INFO - paramwise_options -- backbone.backbone.blocks.18.ls1.gamma:lr=0.0001
2026/08/04 02:23:40 - mmengine - INFO - paramwise_options -- backbone.backbone.blocks.18.ls1.gamma:weight_decay=0.01
2026/08/04 02:23:40 - mmengine - INFO - paramwise_options -- backbone.backbone.blocks.18.ls1.gamma:lr_mult=0.1
2026/08/04 02:23:40 - mmengine - INFO - paramwise_options -- backbone.backbone.blocks.18.norm2.weight:lr=0.0001
2026/08/04 02:23:40 - mmengine - INFO - paramwise_options -- backbone.backbone.blocks.18.norm2.weight:weight_decay=0.01
2026/08/04 02:23:40 - mmengine - INFO - paramwise_options -- backbone.backbone.blocks.18.norm2.weight:lr_mult=0.1
2026/08/04 02:23:40 - mmengine - INFO - paramwise_options -- backbone.backbone.blocks.18.norm2.bias:lr=0.0001
2026/08/04 02:23:40 - mmengine - INFO - paramwise_options -- backbone.backbone.blocks.18.norm2.bias:weight_decay=0.01
2026/08/04 02:23:40 - mmengine - INFO - paramwise_options -- backbone.backbone.blocks.18.norm2.bias:lr_mult=0.1
2026/08/04 02:23:40 - mmengine - INFO - paramwise_options -- backbone.backbone.blocks.18.mlp.fc1.weight:lr=0.0001
2026/08/04 02:23:40 - mmengine - INFO - paramwise_options -- backbone.backbone.blocks.18.mlp.fc1.weight:weight_decay=0.01
2026/08/04 02:23:40 - mmengine - INFO - paramwise_options -- backbone.backbone.blocks.18.mlp.fc1.weight:lr_mult=0.1
2026/08/04 02:23:40 - mmengine - INFO - paramwise_options -- backbone.backbone.blocks.18.mlp.fc1.bias:lr=0.0001
2026/08/04 02:23:40 - mmengine - INFO - paramwise_options -- backbone.backbone.blocks.18.mlp.fc1.bias:weight_decay=0.01
2026/08/04 02:23:40 - mmengine - INFO - paramwise_options -- backbone.backbone.blocks.18.mlp.fc1.bias:lr_mult=0.1
2026/08/04 02:23:40 - mmengine - INFO - paramwise_options -- backbone.backbone.blocks.18.mlp.fc2.weight:lr=0.0001
2026/08/04 02:23:40 - mmengine - INFO - paramwise_options -- backbone.backbone.blocks.18.mlp.fc2.weight:weight_decay=0.01
2026/08/04 02:23:40 - mmengine - INFO - paramwise_options -- backbone.backbone.blocks.18.mlp.fc2.weight:lr_mult=0.1
2026/08/04 02:23:40 - mmengine - INFO - paramwise_options -- backbone.backbone.blocks.18.mlp.fc2.bias:lr=0.0001
2026/08/04 02:23:40 - mmengine - INFO - paramwise_options -- backbone.backbone.blocks.18.mlp.fc2.bias:weight_decay=0.01
2026/08/04 02:23:40 - mmengine - INFO - paramwise_options -- backbone.backbone.blocks.18.mlp.fc2.bias:lr_mult=0.1
2026/08/04 02:23:40 - mmengine - INFO - paramwise_options -- backbone.backbone.blocks.18.ls2.gamma:lr=0.0001
2026/08/04 02:23:40 - mmengine - INFO - paramwise_options -- backbone.backbone.blocks.18.ls2.gamma:weight_decay=0.01
2026/08/04 02:23:40 - mmengine - INFO - paramwise_options -- backbone.backbone.blocks.18.ls2.gamma:lr_mult=0.1
2026/08/04 02:23:40 - mmengine - INFO - paramwise_options -- backbone.backbone.blocks.19.norm1.weight:lr=0.0001
2026/08/04 02:23:40 - mmengine - INFO - paramwise_options -- backbone.backbone.blocks.19.norm1.weight:weight_decay=0.01
2026/08/04 02:23:40 - mmengine - INFO - paramwise_options -- backbone.backbone.blocks.19.norm1.weight:lr_mult=0.1
2026/08/04 02:23:40 - mmengine - INFO - paramwise_options -- backbone.backbone.blocks.19.norm1.bias:lr=0.0001
2026/08/04 02:23:40 - mmengine - INFO - paramwise_options -- backbone.backbone.blocks.19.norm1.bias:weight_decay=0.01
2026/08/04 02:23:40 - mmengine - INFO - paramwise_options -- backbone.backbone.blocks.19.norm1.bias:lr_mult=0.1
2026/08/04 02:23:40 - mmengine - INFO - paramwise_options -- backbone.backbone.blocks.19.attn.qkv.weight:lr=0.0001
2026/08/04 02:23:40 - mmengine - INFO - paramwise_options -- backbone.backbone.blocks.19.attn.qkv.weight:weight_decay=0.01
2026/08/04 02:23:40 - mmengine - INFO - paramwise_options -- backbone.backbone.blocks.19.attn.qkv.weight:lr_mult=0.1
2026/08/04 02:23:40 - mmengine - INFO - paramwise_options -- backbone.backbone.blocks.19.attn.qkv.bias:lr=0.0001
2026/08/04 02:23:40 - mmengine - INFO - paramwise_options -- backbone.backbone.blocks.19.attn.qkv.bias:weight_decay=0.01
2026/08/04 02:23:40 - mmengine - INFO - paramwise_options -- backbone.backbone.blocks.19.attn.qkv.bias:lr_mult=0.1
2026/08/04 02:23:40 - mmengine - INFO - paramwise_options -- backbone.backbone.blocks.19.attn.proj.weight:lr=0.0001
2026/08/04 02:23:40 - mmengine - INFO - paramwise_options -- backbone.backbone.blocks.19.attn.proj.weight:weight_decay=0.01
2026/08/04 02:23:40 - mmengine - INFO - paramwise_options -- backbone.backbone.blocks.19.attn.proj.weight:lr_mult=0.1
2026/08/04 02:23:40 - mmengine - INFO - paramwise_options -- backbone.backbone.blocks.19.attn.proj.bias:lr=0.0001
2026/08/04 02:23:40 - mmengine - INFO - paramwise_options -- backbone.backbone.blocks.19.attn.proj.bias:weight_decay=0.01
2026/08/04 02:23:40 - mmengine - INFO - paramwise_options -- backbone.backbone.blocks.19.attn.proj.bias:lr_mult=0.1
2026/08/04 02:23:40 - mmengine - INFO - paramwise_options -- backbone.backbone.blocks.19.ls1.gamma:lr=0.0001
2026/08/04 02:23:40 - mmengine - INFO - paramwise_options -- backbone.backbone.blocks.19.ls1.gamma:weight_decay=0.01
2026/08/04 02:23:40 - mmengine - INFO - paramwise_options -- backbone.backbone.blocks.19.ls1.gamma:lr_mult=0.1
2026/08/04 02:23:40 - mmengine - INFO - paramwise_options -- backbone.backbone.blocks.19.norm2.weight:lr=0.0001
2026/08/04 02:23:40 - mmengine - INFO - paramwise_options -- backbone.backbone.blocks.19.norm2.weight:weight_decay=0.01
2026/08/04 02:23:40 - mmengine - INFO - paramwise_options -- backbone.backbone.blocks.19.norm2.weight:lr_mult=0.1
2026/08/04 02:23:40 - mmengine - INFO - paramwise_options -- backbone.backbone.blocks.19.norm2.bias:lr=0.0001
2026/08/04 02:23:40 - mmengine - INFO - paramwise_options -- backbone.backbone.blocks.19.norm2.bias:weight_decay=0.01
2026/08/04 02:23:40 - mmengine - INFO - paramwise_options -- backbone.backbone.blocks.19.norm2.bias:lr_mult=0.1
2026/08/04 02:23:40 - mmengine - INFO - paramwise_options -- backbone.backbone.blocks.19.mlp.fc1.weight:lr=0.0001
2026/08/04 02:23:40 - mmengine - INFO - paramwise_options -- backbone.backbone.blocks.19.mlp.fc1.weight:weight_decay=0.01
2026/08/04 02:23:40 - mmengine - INFO - paramwise_options -- backbone.backbone.blocks.19.mlp.fc1.weight:lr_mult=0.1
2026/08/04 02:23:40 - mmengine - INFO - paramwise_options -- backbone.backbone.blocks.19.mlp.fc1.bias:lr=0.0001
2026/08/04 02:23:40 - mmengine - INFO - paramwise_options -- backbone.backbone.blocks.19.mlp.fc1.bias:weight_decay=0.01
2026/08/04 02:23:40 - mmengine - INFO - paramwise_options -- backbone.backbone.blocks.19.mlp.fc1.bias:lr_mult=0.1
2026/08/04 02:23:40 - mmengine - INFO - paramwise_options -- backbone.backbone.blocks.19.mlp.fc2.weight:lr=0.0001
2026/08/04 02:23:40 - mmengine - INFO - paramwise_options -- backbone.backbone.blocks.19.mlp.fc2.weight:weight_decay=0.01
2026/08/04 02:23:40 - mmengine - INFO - paramwise_options -- backbone.backbone.blocks.19.mlp.fc2.weight:lr_mult=0.1
2026/08/04 02:23:40 - mmengine - INFO - paramwise_options -- backbone.backbone.blocks.19.mlp.fc2.bias:lr=0.0001
2026/08/04 02:23:40 - mmengine - INFO - paramwise_options -- backbone.backbone.blocks.19.mlp.fc2.bias:weight_decay=0.01
2026/08/04 02:23:40 - mmengine - INFO - paramwise_options -- backbone.backbone.blocks.19.mlp.fc2.bias:lr_mult=0.1
2026/08/04 02:23:40 - mmengine - INFO - paramwise_options -- backbone.backbone.blocks.19.ls2.gamma:lr=0.0001
2026/08/04 02:23:40 - mmengine - INFO - paramwise_options -- backbone.backbone.blocks.19.ls2.gamma:weight_decay=0.01
2026/08/04 02:23:40 - mmengine - INFO - paramwise_options -- backbone.backbone.blocks.19.ls2.gamma:lr_mult=0.1
2026/08/04 02:23:40 - mmengine - INFO - paramwise_options -- backbone.backbone.blocks.20.norm1.weight:lr=0.0001
2026/08/04 02:23:40 - mmengine - INFO - paramwise_options -- backbone.backbone.blocks.20.norm1.weight:weight_decay=0.01
2026/08/04 02:23:40 - mmengine - INFO - paramwise_options -- backbone.backbone.blocks.20.norm1.weight:lr_mult=0.1
2026/08/04 02:23:40 - mmengine - INFO - paramwise_options -- backbone.backbone.blocks.20.norm1.bias:lr=0.0001
2026/08/04 02:23:40 - mmengine - INFO - paramwise_options -- backbone.backbone.blocks.20.norm1.bias:weight_decay=0.01
2026/08/04 02:23:40 - mmengine - INFO - paramwise_options -- backbone.backbone.blocks.20.norm1.bias:lr_mult=0.1
2026/08/04 02:23:40 - mmengine - INFO - paramwise_options -- backbone.backbone.blocks.20.attn.qkv.weight:lr=0.0001
2026/08/04 02:23:40 - mmengine - INFO - paramwise_options -- backbone.backbone.blocks.20.attn.qkv.weight:weight_decay=0.01
2026/08/04 02:23:40 - mmengine - INFO - paramwise_options -- backbone.backbone.blocks.20.attn.qkv.weight:lr_mult=0.1
2026/08/04 02:23:40 - mmengine - INFO - paramwise_options -- backbone.backbone.blocks.20.attn.qkv.bias:lr=0.0001
2026/08/04 02:23:40 - mmengine - INFO - paramwise_options -- backbone.backbone.blocks.20.attn.qkv.bias:weight_decay=0.01
2026/08/04 02:23:40 - mmengine - INFO - paramwise_options -- backbone.backbone.blocks.20.attn.qkv.bias:lr_mult=0.1
2026/08/04 02:23:40 - mmengine - INFO - paramwise_options -- backbone.backbone.blocks.20.attn.proj.weight:lr=0.0001
2026/08/04 02:23:40 - mmengine - INFO - paramwise_options -- backbone.backbone.blocks.20.attn.proj.weight:weight_decay=0.01
2026/08/04 02:23:40 - mmengine - INFO - paramwise_options -- backbone.backbone.blocks.20.attn.proj.weight:lr_mult=0.1
2026/08/04 02:23:40 - mmengine - INFO - paramwise_options -- backbone.backbone.blocks.20.attn.proj.bias:lr=0.0001
2026/08/04 02:23:40 - mmengine - INFO - paramwise_options -- backbone.backbone.blocks.20.attn.proj.bias:weight_decay=0.01
2026/08/04 02:23:40 - mmengine - INFO - paramwise_options -- backbone.backbone.blocks.20.attn.proj.bias:lr_mult=0.1
2026/08/04 02:23:40 - mmengine - INFO - paramwise_options -- backbone.backbone.blocks.20.ls1.gamma:lr=0.0001
2026/08/04 02:23:40 - mmengine - INFO - paramwise_options -- backbone.backbone.blocks.20.ls1.gamma:weight_decay=0.01
2026/08/04 02:23:40 - mmengine - INFO - paramwise_options -- backbone.backbone.blocks.20.ls1.gamma:lr_mult=0.1
2026/08/04 02:23:40 - mmengine - INFO - paramwise_options -- backbone.backbone.blocks.20.norm2.weight:lr=0.0001
2026/08/04 02:23:40 - mmengine - INFO - paramwise_options -- backbone.backbone.blocks.20.norm2.weight:weight_decay=0.01
2026/08/04 02:23:40 - mmengine - INFO - paramwise_options -- backbone.backbone.blocks.20.norm2.weight:lr_mult=0.1
2026/08/04 02:23:40 - mmengine - INFO - paramwise_options -- backbone.backbone.blocks.20.norm2.bias:lr=0.0001
2026/08/04 02:23:40 - mmengine - INFO - paramwise_options -- backbone.backbone.blocks.20.norm2.bias:weight_decay=0.01
2026/08/04 02:23:40 - mmengine - INFO - paramwise_options -- backbone.backbone.blocks.20.norm2.bias:lr_mult=0.1
2026/08/04 02:23:40 - mmengine - INFO - paramwise_options -- backbone.backbone.blocks.20.mlp.fc1.weight:lr=0.0001
2026/08/04 02:23:40 - mmengine - INFO - paramwise_options -- backbone.backbone.blocks.20.mlp.fc1.weight:weight_decay=0.01
2026/08/04 02:23:40 - mmengine - INFO - paramwise_options -- backbone.backbone.blocks.20.mlp.fc1.weight:lr_mult=0.1
2026/08/04 02:23:40 - mmengine - INFO - paramwise_options -- backbone.backbone.blocks.20.mlp.fc1.bias:lr=0.0001
2026/08/04 02:23:40 - mmengine - INFO - paramwise_options -- backbone.backbone.blocks.20.mlp.fc1.bias:weight_decay=0.01
2026/08/04 02:23:40 - mmengine - INFO - paramwise_options -- backbone.backbone.blocks.20.mlp.fc1.bias:lr_mult=0.1
2026/08/04 02:23:40 - mmengine - INFO - paramwise_options -- backbone.backbone.blocks.20.mlp.fc2.weight:lr=0.0001
2026/08/04 02:23:40 - mmengine - INFO - paramwise_options -- backbone.backbone.blocks.20.mlp.fc2.weight:weight_decay=0.01
2026/08/04 02:23:40 - mmengine - INFO - paramwise_options -- backbone.backbone.blocks.20.mlp.fc2.weight:lr_mult=0.1
2026/08/04 02:23:40 - mmengine - INFO - paramwise_options -- backbone.backbone.blocks.20.mlp.fc2.bias:lr=0.0001
2026/08/04 02:23:40 - mmengine - INFO - paramwise_options -- backbone.backbone.blocks.20.mlp.fc2.bias:weight_decay=0.01
2026/08/04 02:23:40 - mmengine - INFO - paramwise_options -- backbone.backbone.blocks.20.mlp.fc2.bias:lr_mult=0.1
2026/08/04 02:23:40 - mmengine - INFO - paramwise_options -- backbone.backbone.blocks.20.ls2.gamma:lr=0.0001
2026/08/04 02:23:40 - mmengine - INFO - paramwise_options -- backbone.backbone.blocks.20.ls2.gamma:weight_decay=0.01
2026/08/04 02:23:40 - mmengine - INFO - paramwise_options -- backbone.backbone.blocks.20.ls2.gamma:lr_mult=0.1
2026/08/04 02:23:40 - mmengine - INFO - paramwise_options -- backbone.backbone.blocks.21.norm1.weight:lr=0.0001
2026/08/04 02:23:40 - mmengine - INFO - paramwise_options -- backbone.backbone.blocks.21.norm1.weight:weight_decay=0.01
2026/08/04 02:23:40 - mmengine - INFO - paramwise_options -- backbone.backbone.blocks.21.norm1.weight:lr_mult=0.1
2026/08/04 02:23:40 - mmengine - INFO - paramwise_options -- backbone.backbone.blocks.21.norm1.bias:lr=0.0001
2026/08/04 02:23:40 - mmengine - INFO - paramwise_options -- backbone.backbone.blocks.21.norm1.bias:weight_decay=0.01
2026/08/04 02:23:40 - mmengine - INFO - paramwise_options -- backbone.backbone.blocks.21.norm1.bias:lr_mult=0.1
2026/08/04 02:23:40 - mmengine - INFO - paramwise_options -- backbone.backbone.blocks.21.attn.qkv.weight:lr=0.0001
2026/08/04 02:23:40 - mmengine - INFO - paramwise_options -- backbone.backbone.blocks.21.attn.qkv.weight:weight_decay=0.01
2026/08/04 02:23:40 - mmengine - INFO - paramwise_options -- backbone.backbone.blocks.21.attn.qkv.weight:lr_mult=0.1
2026/08/04 02:23:40 - mmengine - INFO - paramwise_options -- backbone.backbone.blocks.21.attn.qkv.bias:lr=0.0001
2026/08/04 02:23:40 - mmengine - INFO - paramwise_options -- backbone.backbone.blocks.21.attn.qkv.bias:weight_decay=0.01
2026/08/04 02:23:40 - mmengine - INFO - paramwise_options -- backbone.backbone.blocks.21.attn.qkv.bias:lr_mult=0.1
2026/08/04 02:23:40 - mmengine - INFO - paramwise_options -- backbone.backbone.blocks.21.attn.proj.weight:lr=0.0001
2026/08/04 02:23:40 - mmengine - INFO - paramwise_options -- backbone.backbone.blocks.21.attn.proj.weight:weight_decay=0.01
2026/08/04 02:23:40 - mmengine - INFO - paramwise_options -- backbone.backbone.blocks.21.attn.proj.weight:lr_mult=0.1
2026/08/04 02:23:40 - mmengine - INFO - paramwise_options -- backbone.backbone.blocks.21.attn.proj.bias:lr=0.0001
2026/08/04 02:23:40 - mmengine - INFO - paramwise_options -- backbone.backbone.blocks.21.attn.proj.bias:weight_decay=0.01
2026/08/04 02:23:40 - mmengine - INFO - paramwise_options -- backbone.backbone.blocks.21.attn.proj.bias:lr_mult=0.1
2026/08/04 02:23:40 - mmengine - INFO - paramwise_options -- backbone.backbone.blocks.21.ls1.gamma:lr=0.0001
2026/08/04 02:23:40 - mmengine - INFO - paramwise_options -- backbone.backbone.blocks.21.ls1.gamma:weight_decay=0.01
2026/08/04 02:23:40 - mmengine - INFO - paramwise_options -- backbone.backbone.blocks.21.ls1.gamma:lr_mult=0.1
2026/08/04 02:23:40 - mmengine - INFO - paramwise_options -- backbone.backbone.blocks.21.norm2.weight:lr=0.0001
2026/08/04 02:23:40 - mmengine - INFO - paramwise_options -- backbone.backbone.blocks.21.norm2.weight:weight_decay=0.01
2026/08/04 02:23:40 - mmengine - INFO - paramwise_options -- backbone.backbone.blocks.21.norm2.weight:lr_mult=0.1
2026/08/04 02:23:40 - mmengine - INFO - paramwise_options -- backbone.backbone.blocks.21.norm2.bias:lr=0.0001
2026/08/04 02:23:40 - mmengine - INFO - paramwise_options -- backbone.backbone.blocks.21.norm2.bias:weight_decay=0.01
2026/08/04 02:23:40 - mmengine - INFO - paramwise_options -- backbone.backbone.blocks.21.norm2.bias:lr_mult=0.1
2026/08/04 02:23:40 - mmengine - INFO - paramwise_options -- backbone.backbone.blocks.21.mlp.fc1.weight:lr=0.0001
2026/08/04 02:23:40 - mmengine - INFO - paramwise_options -- backbone.backbone.blocks.21.mlp.fc1.weight:weight_decay=0.01
2026/08/04 02:23:40 - mmengine - INFO - paramwise_options -- backbone.backbone.blocks.21.mlp.fc1.weight:lr_mult=0.1
2026/08/04 02:23:40 - mmengine - INFO - paramwise_options -- backbone.backbone.blocks.21.mlp.fc1.bias:lr=0.0001
2026/08/04 02:23:40 - mmengine - INFO - paramwise_options -- backbone.backbone.blocks.21.mlp.fc1.bias:weight_decay=0.01
2026/08/04 02:23:40 - mmengine - INFO - paramwise_options -- backbone.backbone.blocks.21.mlp.fc1.bias:lr_mult=0.1
2026/08/04 02:23:40 - mmengine - INFO - paramwise_options -- backbone.backbone.blocks.21.mlp.fc2.weight:lr=0.0001
2026/08/04 02:23:40 - mmengine - INFO - paramwise_options -- backbone.backbone.blocks.21.mlp.fc2.weight:weight_decay=0.01
2026/08/04 02:23:40 - mmengine - INFO - paramwise_options -- backbone.backbone.blocks.21.mlp.fc2.weight:lr_mult=0.1
2026/08/04 02:23:40 - mmengine - INFO - paramwise_options -- backbone.backbone.blocks.21.mlp.fc2.bias:lr=0.0001
2026/08/04 02:23:40 - mmengine - INFO - paramwise_options -- backbone.backbone.blocks.21.mlp.fc2.bias:weight_decay=0.01
2026/08/04 02:23:40 - mmengine - INFO - paramwise_options -- backbone.backbone.blocks.21.mlp.fc2.bias:lr_mult=0.1
2026/08/04 02:23:40 - mmengine - INFO - paramwise_options -- backbone.backbone.blocks.21.ls2.gamma:lr=0.0001
2026/08/04 02:23:40 - mmengine - INFO - paramwise_options -- backbone.backbone.blocks.21.ls2.gamma:weight_decay=0.01
2026/08/04 02:23:40 - mmengine - INFO - paramwise_options -- backbone.backbone.blocks.21.ls2.gamma:lr_mult=0.1
2026/08/04 02:23:40 - mmengine - INFO - paramwise_options -- backbone.backbone.blocks.22.norm1.weight:lr=0.0001
2026/08/04 02:23:40 - mmengine - INFO - paramwise_options -- backbone.backbone.blocks.22.norm1.weight:weight_decay=0.01
2026/08/04 02:23:40 - mmengine - INFO - paramwise_options -- backbone.backbone.blocks.22.norm1.weight:lr_mult=0.1
2026/08/04 02:23:40 - mmengine - INFO - paramwise_options -- backbone.backbone.blocks.22.norm1.bias:lr=0.0001
2026/08/04 02:23:40 - mmengine - INFO - paramwise_options -- backbone.backbone.blocks.22.norm1.bias:weight_decay=0.01
2026/08/04 02:23:40 - mmengine - INFO - paramwise_options -- backbone.backbone.blocks.22.norm1.bias:lr_mult=0.1
2026/08/04 02:23:40 - mmengine - INFO - paramwise_options -- backbone.backbone.blocks.22.attn.qkv.weight:lr=0.0001
2026/08/04 02:23:40 - mmengine - INFO - paramwise_options -- backbone.backbone.blocks.22.attn.qkv.weight:weight_decay=0.01
2026/08/04 02:23:40 - mmengine - INFO - paramwise_options -- backbone.backbone.blocks.22.attn.qkv.weight:lr_mult=0.1
2026/08/04 02:23:40 - mmengine - INFO - paramwise_options -- backbone.backbone.blocks.22.attn.qkv.bias:lr=0.0001
2026/08/04 02:23:40 - mmengine - INFO - paramwise_options -- backbone.backbone.blocks.22.attn.qkv.bias:weight_decay=0.01
2026/08/04 02:23:40 - mmengine - INFO - paramwise_options -- backbone.backbone.blocks.22.attn.qkv.bias:lr_mult=0.1
2026/08/04 02:23:40 - mmengine - INFO - paramwise_options -- backbone.backbone.blocks.22.attn.proj.weight:lr=0.0001
2026/08/04 02:23:40 - mmengine - INFO - paramwise_options -- backbone.backbone.blocks.22.attn.proj.weight:weight_decay=0.01
2026/08/04 02:23:40 - mmengine - INFO - paramwise_options -- backbone.backbone.blocks.22.attn.proj.weight:lr_mult=0.1
2026/08/04 02:23:40 - mmengine - INFO - paramwise_options -- backbone.backbone.blocks.22.attn.proj.bias:lr=0.0001
2026/08/04 02:23:40 - mmengine - INFO - paramwise_options -- backbone.backbone.blocks.22.attn.proj.bias:weight_decay=0.01
2026/08/04 02:23:40 - mmengine - INFO - paramwise_options -- backbone.backbone.blocks.22.attn.proj.bias:lr_mult=0.1
2026/08/04 02:23:40 - mmengine - INFO - paramwise_options -- backbone.backbone.blocks.22.ls1.gamma:lr=0.0001
2026/08/04 02:23:40 - mmengine - INFO - paramwise_options -- backbone.backbone.blocks.22.ls1.gamma:weight_decay=0.01
2026/08/04 02:23:40 - mmengine - INFO - paramwise_options -- backbone.backbone.blocks.22.ls1.gamma:lr_mult=0.1
2026/08/04 02:23:40 - mmengine - INFO - paramwise_options -- backbone.backbone.blocks.22.norm2.weight:lr=0.0001
2026/08/04 02:23:40 - mmengine - INFO - paramwise_options -- backbone.backbone.blocks.22.norm2.weight:weight_decay=0.01
2026/08/04 02:23:40 - mmengine - INFO - paramwise_options -- backbone.backbone.blocks.22.norm2.weight:lr_mult=0.1
2026/08/04 02:23:40 - mmengine - INFO - paramwise_options -- backbone.backbone.blocks.22.norm2.bias:lr=0.0001
2026/08/04 02:23:40 - mmengine - INFO - paramwise_options -- backbone.backbone.blocks.22.norm2.bias:weight_decay=0.01
2026/08/04 02:23:40 - mmengine - INFO - paramwise_options -- backbone.backbone.blocks.22.norm2.bias:lr_mult=0.1
2026/08/04 02:23:40 - mmengine - INFO - paramwise_options -- backbone.backbone.blocks.22.mlp.fc1.weight:lr=0.0001
2026/08/04 02:23:40 - mmengine - INFO - paramwise_options -- backbone.backbone.blocks.22.mlp.fc1.weight:weight_decay=0.01
2026/08/04 02:23:40 - mmengine - INFO - paramwise_options -- backbone.backbone.blocks.22.mlp.fc1.weight:lr_mult=0.1
2026/08/04 02:23:40 - mmengine - INFO - paramwise_options -- backbone.backbone.blocks.22.mlp.fc1.bias:lr=0.0001
2026/08/04 02:23:40 - mmengine - INFO - paramwise_options -- backbone.backbone.blocks.22.mlp.fc1.bias:weight_decay=0.01
2026/08/04 02:23:40 - mmengine - INFO - paramwise_options -- backbone.backbone.blocks.22.mlp.fc1.bias:lr_mult=0.1
2026/08/04 02:23:40 - mmengine - INFO - paramwise_options -- backbone.backbone.blocks.22.mlp.fc2.weight:lr=0.0001
2026/08/04 02:23:40 - mmengine - INFO - paramwise_options -- backbone.backbone.blocks.22.mlp.fc2.weight:weight_decay=0.01
2026/08/04 02:23:40 - mmengine - INFO - paramwise_options -- backbone.backbone.blocks.22.mlp.fc2.weight:lr_mult=0.1
2026/08/04 02:23:40 - mmengine - INFO - paramwise_options -- backbone.backbone.blocks.22.mlp.fc2.bias:lr=0.0001
2026/08/04 02:23:40 - mmengine - INFO - paramwise_options -- backbone.backbone.blocks.22.mlp.fc2.bias:weight_decay=0.01
2026/08/04 02:23:40 - mmengine - INFO - paramwise_options -- backbone.backbone.blocks.22.mlp.fc2.bias:lr_mult=0.1
2026/08/04 02:23:40 - mmengine - INFO - paramwise_options -- backbone.backbone.blocks.22.ls2.gamma:lr=0.0001
2026/08/04 02:23:40 - mmengine - INFO - paramwise_options -- backbone.backbone.blocks.22.ls2.gamma:weight_decay=0.01
2026/08/04 02:23:40 - mmengine - INFO - paramwise_options -- backbone.backbone.blocks.22.ls2.gamma:lr_mult=0.1
2026/08/04 02:23:40 - mmengine - INFO - paramwise_options -- backbone.backbone.blocks.23.norm1.weight:lr=0.0001
2026/08/04 02:23:40 - mmengine - INFO - paramwise_options -- backbone.backbone.blocks.23.norm1.weight:weight_decay=0.01
2026/08/04 02:23:40 - mmengine - INFO - paramwise_options -- backbone.backbone.blocks.23.norm1.weight:lr_mult=0.1
2026/08/04 02:23:40 - mmengine - INFO - paramwise_options -- backbone.backbone.blocks.23.norm1.bias:lr=0.0001
2026/08/04 02:23:40 - mmengine - INFO - paramwise_options -- backbone.backbone.blocks.23.norm1.bias:weight_decay=0.01
2026/08/04 02:23:40 - mmengine - INFO - paramwise_options -- backbone.backbone.blocks.23.norm1.bias:lr_mult=0.1
2026/08/04 02:23:40 - mmengine - INFO - paramwise_options -- backbone.backbone.blocks.23.attn.qkv.weight:lr=0.0001
2026/08/04 02:23:40 - mmengine - INFO - paramwise_options -- backbone.backbone.blocks.23.attn.qkv.weight:weight_decay=0.01
2026/08/04 02:23:40 - mmengine - INFO - paramwise_options -- backbone.backbone.blocks.23.attn.qkv.weight:lr_mult=0.1
2026/08/04 02:23:40 - mmengine - INFO - paramwise_options -- backbone.backbone.blocks.23.attn.qkv.bias:lr=0.0001
2026/08/04 02:23:40 - mmengine - INFO - paramwise_options -- backbone.backbone.blocks.23.attn.qkv.bias:weight_decay=0.01
2026/08/04 02:23:40 - mmengine - INFO - paramwise_options -- backbone.backbone.blocks.23.attn.qkv.bias:lr_mult=0.1
2026/08/04 02:23:40 - mmengine - INFO - paramwise_options -- backbone.backbone.blocks.23.attn.proj.weight:lr=0.0001
2026/08/04 02:23:40 - mmengine - INFO - paramwise_options -- backbone.backbone.blocks.23.attn.proj.weight:weight_decay=0.01
2026/08/04 02:23:40 - mmengine - INFO - paramwise_options -- backbone.backbone.blocks.23.attn.proj.weight:lr_mult=0.1
2026/08/04 02:23:40 - mmengine - INFO - paramwise_options -- backbone.backbone.blocks.23.attn.proj.bias:lr=0.0001
2026/08/04 02:23:40 - mmengine - INFO - paramwise_options -- backbone.backbone.blocks.23.attn.proj.bias:weight_decay=0.01
2026/08/04 02:23:40 - mmengine - INFO - paramwise_options -- backbone.backbone.blocks.23.attn.proj.bias:lr_mult=0.1
2026/08/04 02:23:40 - mmengine - INFO - paramwise_options -- backbone.backbone.blocks.23.ls1.gamma:lr=0.0001
2026/08/04 02:23:40 - mmengine - INFO - paramwise_options -- backbone.backbone.blocks.23.ls1.gamma:weight_decay=0.01
2026/08/04 02:23:40 - mmengine - INFO - paramwise_options -- backbone.backbone.blocks.23.ls1.gamma:lr_mult=0.1
2026/08/04 02:23:40 - mmengine - INFO - paramwise_options -- backbone.backbone.blocks.23.norm2.weight:lr=0.0001
2026/08/04 02:23:40 - mmengine - INFO - paramwise_options -- backbone.backbone.blocks.23.norm2.weight:weight_decay=0.01
2026/08/04 02:23:40 - mmengine - INFO - paramwise_options -- backbone.backbone.blocks.23.norm2.weight:lr_mult=0.1
2026/08/04 02:23:40 - mmengine - INFO - paramwise_options -- backbone.backbone.blocks.23.norm2.bias:lr=0.0001
2026/08/04 02:23:40 - mmengine - INFO - paramwise_options -- backbone.backbone.blocks.23.norm2.bias:weight_decay=0.01
2026/08/04 02:23:40 - mmengine - INFO - paramwise_options -- backbone.backbone.blocks.23.norm2.bias:lr_mult=0.1
2026/08/04 02:23:40 - mmengine - INFO - paramwise_options -- backbone.backbone.blocks.23.mlp.fc1.weight:lr=0.0001
2026/08/04 02:23:40 - mmengine - INFO - paramwise_options -- backbone.backbone.blocks.23.mlp.fc1.weight:weight_decay=0.01
2026/08/04 02:23:40 - mmengine - INFO - paramwise_options -- backbone.backbone.blocks.23.mlp.fc1.weight:lr_mult=0.1
2026/08/04 02:23:40 - mmengine - INFO - paramwise_options -- backbone.backbone.blocks.23.mlp.fc1.bias:lr=0.0001
2026/08/04 02:23:40 - mmengine - INFO - paramwise_options -- backbone.backbone.blocks.23.mlp.fc1.bias:weight_decay=0.01
2026/08/04 02:23:40 - mmengine - INFO - paramwise_options -- backbone.backbone.blocks.23.mlp.fc1.bias:lr_mult=0.1
2026/08/04 02:23:40 - mmengine - INFO - paramwise_options -- backbone.backbone.blocks.23.mlp.fc2.weight:lr=0.0001
2026/08/04 02:23:40 - mmengine - INFO - paramwise_options -- backbone.backbone.blocks.23.mlp.fc2.weight:weight_decay=0.01
2026/08/04 02:23:40 - mmengine - INFO - paramwise_options -- backbone.backbone.blocks.23.mlp.fc2.weight:lr_mult=0.1
2026/08/04 02:23:40 - mmengine - INFO - paramwise_options -- backbone.backbone.blocks.23.mlp.fc2.bias:lr=0.0001
2026/08/04 02:23:40 - mmengine - INFO - paramwise_options -- backbone.backbone.blocks.23.mlp.fc2.bias:weight_decay=0.01
2026/08/04 02:23:40 - mmengine - INFO - paramwise_options -- backbone.backbone.blocks.23.mlp.fc2.bias:lr_mult=0.1
2026/08/04 02:23:40 - mmengine - INFO - paramwise_options -- backbone.backbone.blocks.23.ls2.gamma:lr=0.0001
2026/08/04 02:23:40 - mmengine - INFO - paramwise_options -- backbone.backbone.blocks.23.ls2.gamma:weight_decay=0.01
2026/08/04 02:23:40 - mmengine - INFO - paramwise_options -- backbone.backbone.blocks.23.ls2.gamma:lr_mult=0.1
2026/08/04 02:23:40 - mmengine - INFO - paramwise_options -- backbone.backbone.norm.weight:lr=0.0001
2026/08/04 02:23:40 - mmengine - INFO - paramwise_options -- backbone.backbone.norm.weight:weight_decay=0.01
2026/08/04 02:23:40 - mmengine - INFO - paramwise_options -- backbone.backbone.norm.weight:lr_mult=0.1
2026/08/04 02:23:40 - mmengine - INFO - paramwise_options -- backbone.backbone.norm.bias:lr=0.0001
2026/08/04 02:23:40 - mmengine - INFO - paramwise_options -- backbone.backbone.norm.bias:weight_decay=0.01
2026/08/04 02:23:40 - mmengine - INFO - paramwise_options -- backbone.backbone.norm.bias:lr_mult=0.1
2026/08/04 02:23:40 - mmengine - INFO - paramwise_options -- backbone.adapter.level_embed:lr=0.0001
2026/08/04 02:23:40 - mmengine - INFO - paramwise_options -- backbone.adapter.level_embed:weight_decay=0.01
2026/08/04 02:23:40 - mmengine - INFO - paramwise_options -- backbone.adapter.level_embed:lr_mult=0.1
2026/08/04 02:23:40 - mmengine - INFO - paramwise_options -- backbone.adapter.spm.stem.0.weight:lr=0.0001
2026/08/04 02:23:40 - mmengine - INFO - paramwise_options -- backbone.adapter.spm.stem.0.weight:weight_decay=0.01
2026/08/04 02:23:40 - mmengine - INFO - paramwise_options -- backbone.adapter.spm.stem.0.weight:lr_mult=0.1
2026/08/04 02:23:40 - mmengine - INFO - paramwise_options -- backbone.adapter.spm.stem.1.weight:lr=0.0001
2026/08/04 02:23:40 - mmengine - INFO - paramwise_options -- backbone.adapter.spm.stem.1.weight:weight_decay=0.01
2026/08/04 02:23:40 - mmengine - INFO - paramwise_options -- backbone.adapter.spm.stem.1.weight:lr_mult=0.1
2026/08/04 02:23:40 - mmengine - INFO - paramwise_options -- backbone.adapter.spm.stem.1.bias:lr=0.0001
2026/08/04 02:23:40 - mmengine - INFO - paramwise_options -- backbone.adapter.spm.stem.1.bias:weight_decay=0.01
2026/08/04 02:23:40 - mmengine - INFO - paramwise_options -- backbone.adapter.spm.stem.1.bias:lr_mult=0.1
2026/08/04 02:23:40 - mmengine - INFO - paramwise_options -- backbone.adapter.spm.stem.3.weight:lr=0.0001
2026/08/04 02:23:40 - mmengine - INFO - paramwise_options -- backbone.adapter.spm.stem.3.weight:weight_decay=0.01
2026/08/04 02:23:40 - mmengine - INFO - paramwise_options -- backbone.adapter.spm.stem.3.weight:lr_mult=0.1
2026/08/04 02:23:40 - mmengine - INFO - paramwise_options -- backbone.adapter.spm.stem.4.weight:lr=0.0001
2026/08/04 02:23:40 - mmengine - INFO - paramwise_options -- backbone.adapter.spm.stem.4.weight:weight_decay=0.01
2026/08/04 02:23:40 - mmengine - INFO - paramwise_options -- backbone.adapter.spm.stem.4.weight:lr_mult=0.1
2026/08/04 02:23:40 - mmengine - INFO - paramwise_options -- backbone.adapter.spm.stem.4.bias:lr=0.0001
2026/08/04 02:23:40 - mmengine - INFO - paramwise_options -- backbone.adapter.spm.stem.4.bias:weight_decay=0.01
2026/08/04 02:23:40 - mmengine - INFO - paramwise_options -- backbone.adapter.spm.stem.4.bias:lr_mult=0.1
2026/08/04 02:23:40 - mmengine - INFO - paramwise_options -- backbone.adapter.spm.stem.6.weight:lr=0.0001
2026/08/04 02:23:40 - mmengine - INFO - paramwise_options -- backbone.adapter.spm.stem.6.weight:weight_decay=0.01
2026/08/04 02:23:40 - mmengine - INFO - paramwise_options -- backbone.adapter.spm.stem.6.weight:lr_mult=0.1
2026/08/04 02:23:40 - mmengine - INFO - paramwise_options -- backbone.adapter.spm.stem.7.weight:lr=0.0001
2026/08/04 02:23:40 - mmengine - INFO - paramwise_options -- backbone.adapter.spm.stem.7.weight:weight_decay=0.01
2026/08/04 02:23:40 - mmengine - INFO - paramwise_options -- backbone.adapter.spm.stem.7.weight:lr_mult=0.1
2026/08/04 02:23:40 - mmengine - INFO - paramwise_options -- backbone.adapter.spm.stem.7.bias:lr=0.0001
2026/08/04 02:23:40 - mmengine - INFO - paramwise_options -- backbone.adapter.spm.stem.7.bias:weight_decay=0.01
2026/08/04 02:23:40 - mmengine - INFO - paramwise_options -- backbone.adapter.spm.stem.7.bias:lr_mult=0.1
2026/08/04 02:23:40 - mmengine - INFO - paramwise_options -- backbone.adapter.spm.conv2.0.weight:lr=0.0001
2026/08/04 02:23:40 - mmengine - INFO - paramwise_options -- backbone.adapter.spm.conv2.0.weight:weight_decay=0.01
2026/08/04 02:23:40 - mmengine - INFO - paramwise_options -- backbone.adapter.spm.conv2.0.weight:lr_mult=0.1
2026/08/04 02:23:40 - mmengine - INFO - paramwise_options -- backbone.adapter.spm.conv2.1.weight:lr=0.0001
2026/08/04 02:23:40 - mmengine - INFO - paramwise_options -- backbone.adapter.spm.conv2.1.weight:weight_decay=0.01
2026/08/04 02:23:40 - mmengine - INFO - paramwise_options -- backbone.adapter.spm.conv2.1.weight:lr_mult=0.1
2026/08/04 02:23:40 - mmengine - INFO - paramwise_options -- backbone.adapter.spm.conv2.1.bias:lr=0.0001
2026/08/04 02:23:40 - mmengine - INFO - paramwise_options -- backbone.adapter.spm.conv2.1.bias:weight_decay=0.01
2026/08/04 02:23:40 - mmengine - INFO - paramwise_options -- backbone.adapter.spm.conv2.1.bias:lr_mult=0.1
2026/08/04 02:23:40 - mmengine - INFO - paramwise_options -- backbone.adapter.spm.conv3.0.weight:lr=0.0001
2026/08/04 02:23:40 - mmengine - INFO - paramwise_options -- backbone.adapter.spm.conv3.0.weight:weight_decay=0.01
2026/08/04 02:23:40 - mmengine - INFO - paramwise_options -- backbone.adapter.spm.conv3.0.weight:lr_mult=0.1
2026/08/04 02:23:40 - mmengine - INFO - paramwise_options -- backbone.adapter.spm.conv3.1.weight:lr=0.0001
2026/08/04 02:23:40 - mmengine - INFO - paramwise_options -- backbone.adapter.spm.conv3.1.weight:weight_decay=0.01
2026/08/04 02:23:40 - mmengine - INFO - paramwise_options -- backbone.adapter.spm.conv3.1.weight:lr_mult=0.1
2026/08/04 02:23:40 - mmengine - INFO - paramwise_options -- backbone.adapter.spm.conv3.1.bias:lr=0.0001
2026/08/04 02:23:40 - mmengine - INFO - paramwise_options -- backbone.adapter.spm.conv3.1.bias:weight_decay=0.01
2026/08/04 02:23:40 - mmengine - INFO - paramwise_options -- backbone.adapter.spm.conv3.1.bias:lr_mult=0.1
2026/08/04 02:23:40 - mmengine - INFO - paramwise_options -- backbone.adapter.spm.conv4.0.weight:lr=0.0001
2026/08/04 02:23:40 - mmengine - INFO - paramwise_options -- backbone.adapter.spm.conv4.0.weight:weight_decay=0.01
2026/08/04 02:23:40 - mmengine - INFO - paramwise_options -- backbone.adapter.spm.conv4.0.weight:lr_mult=0.1
2026/08/04 02:23:40 - mmengine - INFO - paramwise_options -- backbone.adapter.spm.conv4.1.weight:lr=0.0001
2026/08/04 02:23:40 - mmengine - INFO - paramwise_options -- backbone.adapter.spm.conv4.1.weight:weight_decay=0.01
2026/08/04 02:23:40 - mmengine - INFO - paramwise_options -- backbone.adapter.spm.conv4.1.weight:lr_mult=0.1
2026/08/04 02:23:40 - mmengine - INFO - paramwise_options -- backbone.adapter.spm.conv4.1.bias:lr=0.0001
2026/08/04 02:23:40 - mmengine - INFO - paramwise_options -- backbone.adapter.spm.conv4.1.bias:weight_decay=0.01
2026/08/04 02:23:40 - mmengine - INFO - paramwise_options -- backbone.adapter.spm.conv4.1.bias:lr_mult=0.1
2026/08/04 02:23:40 - mmengine - INFO - paramwise_options -- backbone.adapter.spm.fc1.weight:lr=0.0001
2026/08/04 02:23:40 - mmengine - INFO - paramwise_options -- backbone.adapter.spm.fc1.weight:weight_decay=0.01
2026/08/04 02:23:40 - mmengine - INFO - paramwise_options -- backbone.adapter.spm.fc1.weight:lr_mult=0.1
2026/08/04 02:23:40 - mmengine - INFO - paramwise_options -- backbone.adapter.spm.fc1.bias:lr=0.0001
2026/08/04 02:23:40 - mmengine - INFO - paramwise_options -- backbone.adapter.spm.fc1.bias:weight_decay=0.01
2026/08/04 02:23:40 - mmengine - INFO - paramwise_options -- backbone.adapter.spm.fc1.bias:lr_mult=0.1
2026/08/04 02:23:40 - mmengine - INFO - paramwise_options -- backbone.adapter.spm.fc2.weight:lr=0.0001
2026/08/04 02:23:40 - mmengine - INFO - paramwise_options -- backbone.adapter.spm.fc2.weight:weight_decay=0.01
2026/08/04 02:23:40 - mmengine - INFO - paramwise_options -- backbone.adapter.spm.fc2.weight:lr_mult=0.1
2026/08/04 02:23:40 - mmengine - INFO - paramwise_options -- backbone.adapter.spm.fc2.bias:lr=0.0001
2026/08/04 02:23:40 - mmengine - INFO - paramwise_options -- backbone.adapter.spm.fc2.bias:weight_decay=0.01
2026/08/04 02:23:40 - mmengine - INFO - paramwise_options -- backbone.adapter.spm.fc2.bias:lr_mult=0.1
2026/08/04 02:23:40 - mmengine - INFO - paramwise_options -- backbone.adapter.spm.fc3.weight:lr=0.0001
2026/08/04 02:23:40 - mmengine - INFO - paramwise_options -- backbone.adapter.spm.fc3.weight:weight_decay=0.01
2026/08/04 02:23:40 - mmengine - INFO - paramwise_options -- backbone.adapter.spm.fc3.weight:lr_mult=0.1
2026/08/04 02:23:40 - mmengine - INFO - paramwise_options -- backbone.adapter.spm.fc3.bias:lr=0.0001
2026/08/04 02:23:40 - mmengine - INFO - paramwise_options -- backbone.adapter.spm.fc3.bias:weight_decay=0.01
2026/08/04 02:23:40 - mmengine - INFO - paramwise_options -- backbone.adapter.spm.fc3.bias:lr_mult=0.1
2026/08/04 02:23:40 - mmengine - INFO - paramwise_options -- backbone.adapter.spm.fc4.weight:lr=0.0001
2026/08/04 02:23:40 - mmengine - INFO - paramwise_options -- backbone.adapter.spm.fc4.weight:weight_decay=0.01
2026/08/04 02:23:40 - mmengine - INFO - paramwise_options -- backbone.adapter.spm.fc4.weight:lr_mult=0.1
2026/08/04 02:23:40 - mmengine - INFO - paramwise_options -- backbone.adapter.spm.fc4.bias:lr=0.0001
2026/08/04 02:23:40 - mmengine - INFO - paramwise_options -- backbone.adapter.spm.fc4.bias:weight_decay=0.01
2026/08/04 02:23:40 - mmengine - INFO - paramwise_options -- backbone.adapter.spm.fc4.bias:lr_mult=0.1
2026/08/04 02:23:40 - mmengine - INFO - paramwise_options -- backbone.adapter.interactions.0.extractor.query_norm.weight:lr=0.0001
2026/08/04 02:23:40 - mmengine - INFO - paramwise_options -- backbone.adapter.interactions.0.extractor.query_norm.weight:weight_decay=0.01
2026/08/04 02:23:40 - mmengine - INFO - paramwise_options -- backbone.adapter.interactions.0.extractor.query_norm.weight:lr_mult=0.1
2026/08/04 02:23:40 - mmengine - INFO - paramwise_options -- backbone.adapter.interactions.0.extractor.query_norm.bias:lr=0.0001
2026/08/04 02:23:40 - mmengine - INFO - paramwise_options -- backbone.adapter.interactions.0.extractor.query_norm.bias:weight_decay=0.01
2026/08/04 02:23:40 - mmengine - INFO - paramwise_options -- backbone.adapter.interactions.0.extractor.query_norm.bias:lr_mult=0.1
2026/08/04 02:23:40 - mmengine - INFO - paramwise_options -- backbone.adapter.interactions.0.extractor.feat_norm.weight:lr=0.0001
2026/08/04 02:23:40 - mmengine - INFO - paramwise_options -- backbone.adapter.interactions.0.extractor.feat_norm.weight:weight_decay=0.01
2026/08/04 02:23:40 - mmengine - INFO - paramwise_options -- backbone.adapter.interactions.0.extractor.feat_norm.weight:lr_mult=0.1
2026/08/04 02:23:40 - mmengine - INFO - paramwise_options -- backbone.adapter.interactions.0.extractor.feat_norm.bias:lr=0.0001
2026/08/04 02:23:40 - mmengine - INFO - paramwise_options -- backbone.adapter.interactions.0.extractor.feat_norm.bias:weight_decay=0.01
2026/08/04 02:23:40 - mmengine - INFO - paramwise_options -- backbone.adapter.interactions.0.extractor.feat_norm.bias:lr_mult=0.1
2026/08/04 02:23:40 - mmengine - INFO - paramwise_options -- backbone.adapter.interactions.0.extractor.attn.attn.sampling_offsets.weight:lr=0.0001
2026/08/04 02:23:40 - mmengine - INFO - paramwise_options -- backbone.adapter.interactions.0.extractor.attn.attn.sampling_offsets.weight:weight_decay=0.01
2026/08/04 02:23:40 - mmengine - INFO - paramwise_options -- backbone.adapter.interactions.0.extractor.attn.attn.sampling_offsets.weight:lr_mult=0.1
2026/08/04 02:23:40 - mmengine - INFO - paramwise_options -- backbone.adapter.interactions.0.extractor.attn.attn.sampling_offsets.bias:lr=0.0001
2026/08/04 02:23:40 - mmengine - INFO - paramwise_options -- backbone.adapter.interactions.0.extractor.attn.attn.sampling_offsets.bias:weight_decay=0.01
2026/08/04 02:23:40 - mmengine - INFO - paramwise_options -- backbone.adapter.interactions.0.extractor.attn.attn.sampling_offsets.bias:lr_mult=0.1
2026/08/04 02:23:40 - mmengine - INFO - paramwise_options -- backbone.adapter.interactions.0.extractor.attn.attn.attention_weights.weight:lr=0.0001
2026/08/04 02:23:40 - mmengine - INFO - paramwise_options -- backbone.adapter.interactions.0.extractor.attn.attn.attention_weights.weight:weight_decay=0.01
2026/08/04 02:23:40 - mmengine - INFO - paramwise_options -- backbone.adapter.interactions.0.extractor.attn.attn.attention_weights.weight:lr_mult=0.1
2026/08/04 02:23:40 - mmengine - INFO - paramwise_options -- backbone.adapter.interactions.0.extractor.attn.attn.attention_weights.bias:lr=0.0001
2026/08/04 02:23:40 - mmengine - INFO - paramwise_options -- backbone.adapter.interactions.0.extractor.attn.attn.attention_weights.bias:weight_decay=0.01
2026/08/04 02:23:40 - mmengine - INFO - paramwise_options -- backbone.adapter.interactions.0.extractor.attn.attn.attention_weights.bias:lr_mult=0.1
2026/08/04 02:23:40 - mmengine - INFO - paramwise_options -- backbone.adapter.interactions.0.extractor.attn.attn.value_proj.weight:lr=0.0001
2026/08/04 02:23:40 - mmengine - INFO - paramwise_options -- backbone.adapter.interactions.0.extractor.attn.attn.value_proj.weight:weight_decay=0.01
2026/08/04 02:23:40 - mmengine - INFO - paramwise_options -- backbone.adapter.interactions.0.extractor.attn.attn.value_proj.weight:lr_mult=0.1
2026/08/04 02:23:40 - mmengine - INFO - paramwise_options -- backbone.adapter.interactions.0.extractor.attn.attn.value_proj.bias:lr=0.0001
2026/08/04 02:23:40 - mmengine - INFO - paramwise_options -- backbone.adapter.interactions.0.extractor.attn.attn.value_proj.bias:weight_decay=0.01
2026/08/04 02:23:40 - mmengine - INFO - paramwise_options -- backbone.adapter.interactions.0.extractor.attn.attn.value_proj.bias:lr_mult=0.1
2026/08/04 02:23:40 - mmengine - INFO - paramwise_options -- backbone.adapter.interactions.0.extractor.attn.attn.output_proj.weight:lr=0.0001
2026/08/04 02:23:40 - mmengine - INFO - paramwise_options -- backbone.adapter.interactions.0.extractor.attn.attn.output_proj.weight:weight_decay=0.01
2026/08/04 02:23:40 - mmengine - INFO - paramwise_options -- backbone.adapter.interactions.0.extractor.attn.attn.output_proj.weight:lr_mult=0.1
2026/08/04 02:23:40 - mmengine - INFO - paramwise_options -- backbone.adapter.interactions.0.extractor.attn.attn.output_proj.bias:lr=0.0001
2026/08/04 02:23:40 - mmengine - INFO - paramwise_options -- backbone.adapter.interactions.0.extractor.attn.attn.output_proj.bias:weight_decay=0.01
2026/08/04 02:23:40 - mmengine - INFO - paramwise_options -- backbone.adapter.interactions.0.extractor.attn.attn.output_proj.bias:lr_mult=0.1
2026/08/04 02:23:40 - mmengine - INFO - paramwise_options -- backbone.adapter.interactions.0.extractor.ffn.fc1.weight:lr=0.0001
2026/08/04 02:23:40 - mmengine - INFO - paramwise_options -- backbone.adapter.interactions.0.extractor.ffn.fc1.weight:weight_decay=0.01
2026/08/04 02:23:40 - mmengine - INFO - paramwise_options -- backbone.adapter.interactions.0.extractor.ffn.fc1.weight:lr_mult=0.1
2026/08/04 02:23:40 - mmengine - INFO - paramwise_options -- backbone.adapter.interactions.0.extractor.ffn.fc1.bias:lr=0.0001
2026/08/04 02:23:40 - mmengine - INFO - paramwise_options -- backbone.adapter.interactions.0.extractor.ffn.fc1.bias:weight_decay=0.01
2026/08/04 02:23:40 - mmengine - INFO - paramwise_options -- backbone.adapter.interactions.0.extractor.ffn.fc1.bias:lr_mult=0.1
2026/08/04 02:23:40 - mmengine - INFO - paramwise_options -- backbone.adapter.interactions.0.extractor.ffn.dwconv.dwconv.weight:lr=0.0001
2026/08/04 02:23:40 - mmengine - INFO - paramwise_options -- backbone.adapter.interactions.0.extractor.ffn.dwconv.dwconv.weight:weight_decay=0.01
2026/08/04 02:23:40 - mmengine - INFO - paramwise_options -- backbone.adapter.interactions.0.extractor.ffn.dwconv.dwconv.weight:lr_mult=0.1
2026/08/04 02:23:40 - mmengine - INFO - paramwise_options -- backbone.adapter.interactions.0.extractor.ffn.dwconv.dwconv.bias:lr=0.0001
2026/08/04 02:23:40 - mmengine - INFO - paramwise_options -- backbone.adapter.interactions.0.extractor.ffn.dwconv.dwconv.bias:weight_decay=0.01
2026/08/04 02:23:40 - mmengine - INFO - paramwise_options -- backbone.adapter.interactions.0.extractor.ffn.dwconv.dwconv.bias:lr_mult=0.1
2026/08/04 02:23:40 - mmengine - INFO - paramwise_options -- backbone.adapter.interactions.0.extractor.ffn.fc2.weight:lr=0.0001
2026/08/04 02:23:40 - mmengine - INFO - paramwise_options -- backbone.adapter.interactions.0.extractor.ffn.fc2.weight:weight_decay=0.01
2026/08/04 02:23:40 - mmengine - INFO - paramwise_options -- backbone.adapter.interactions.0.extractor.ffn.fc2.weight:lr_mult=0.1
2026/08/04 02:23:40 - mmengine - INFO - paramwise_options -- backbone.adapter.interactions.0.extractor.ffn.fc2.bias:lr=0.0001
2026/08/04 02:23:40 - mmengine - INFO - paramwise_options -- backbone.adapter.interactions.0.extractor.ffn.fc2.bias:weight_decay=0.01
2026/08/04 02:23:40 - mmengine - INFO - paramwise_options -- backbone.adapter.interactions.0.extractor.ffn.fc2.bias:lr_mult=0.1
2026/08/04 02:23:40 - mmengine - INFO - paramwise_options -- backbone.adapter.interactions.0.extractor.ffn_norm.weight:lr=0.0001
2026/08/04 02:23:40 - mmengine - INFO - paramwise_options -- backbone.adapter.interactions.0.extractor.ffn_norm.weight:weight_decay=0.01
2026/08/04 02:23:40 - mmengine - INFO - paramwise_options -- backbone.adapter.interactions.0.extractor.ffn_norm.weight:lr_mult=0.1
2026/08/04 02:23:40 - mmengine - INFO - paramwise_options -- backbone.adapter.interactions.0.extractor.ffn_norm.bias:lr=0.0001
2026/08/04 02:23:40 - mmengine - INFO - paramwise_options -- backbone.adapter.interactions.0.extractor.ffn_norm.bias:weight_decay=0.01
2026/08/04 02:23:40 - mmengine - INFO - paramwise_options -- backbone.adapter.interactions.0.extractor.ffn_norm.bias:lr_mult=0.1
2026/08/04 02:23:40 - mmengine - INFO - paramwise_options -- backbone.adapter.interactions.1.extractor.query_norm.weight:lr=0.0001
2026/08/04 02:23:40 - mmengine - INFO - paramwise_options -- backbone.adapter.interactions.1.extractor.query_norm.weight:weight_decay=0.01
2026/08/04 02:23:40 - mmengine - INFO - paramwise_options -- backbone.adapter.interactions.1.extractor.query_norm.weight:lr_mult=0.1
2026/08/04 02:23:40 - mmengine - INFO - paramwise_options -- backbone.adapter.interactions.1.extractor.query_norm.bias:lr=0.0001
2026/08/04 02:23:40 - mmengine - INFO - paramwise_options -- backbone.adapter.interactions.1.extractor.query_norm.bias:weight_decay=0.01
2026/08/04 02:23:40 - mmengine - INFO - paramwise_options -- backbone.adapter.interactions.1.extractor.query_norm.bias:lr_mult=0.1
2026/08/04 02:23:40 - mmengine - INFO - paramwise_options -- backbone.adapter.interactions.1.extractor.feat_norm.weight:lr=0.0001
2026/08/04 02:23:40 - mmengine - INFO - paramwise_options -- backbone.adapter.interactions.1.extractor.feat_norm.weight:weight_decay=0.01
2026/08/04 02:23:40 - mmengine - INFO - paramwise_options -- backbone.adapter.interactions.1.extractor.feat_norm.weight:lr_mult=0.1
2026/08/04 02:23:40 - mmengine - INFO - paramwise_options -- backbone.adapter.interactions.1.extractor.feat_norm.bias:lr=0.0001
2026/08/04 02:23:40 - mmengine - INFO - paramwise_options -- backbone.adapter.interactions.1.extractor.feat_norm.bias:weight_decay=0.01
2026/08/04 02:23:40 - mmengine - INFO - paramwise_options -- backbone.adapter.interactions.1.extractor.feat_norm.bias:lr_mult=0.1
2026/08/04 02:23:40 - mmengine - INFO - paramwise_options -- backbone.adapter.interactions.1.extractor.attn.attn.sampling_offsets.weight:lr=0.0001
2026/08/04 02:23:40 - mmengine - INFO - paramwise_options -- backbone.adapter.interactions.1.extractor.attn.attn.sampling_offsets.weight:weight_decay=0.01
2026/08/04 02:23:40 - mmengine - INFO - paramwise_options -- backbone.adapter.interactions.1.extractor.attn.attn.sampling_offsets.weight:lr_mult=0.1
2026/08/04 02:23:40 - mmengine - INFO - paramwise_options -- backbone.adapter.interactions.1.extractor.attn.attn.sampling_offsets.bias:lr=0.0001
2026/08/04 02:23:40 - mmengine - INFO - paramwise_options -- backbone.adapter.interactions.1.extractor.attn.attn.sampling_offsets.bias:weight_decay=0.01
2026/08/04 02:23:40 - mmengine - INFO - paramwise_options -- backbone.adapter.interactions.1.extractor.attn.attn.sampling_offsets.bias:lr_mult=0.1
2026/08/04 02:23:40 - mmengine - INFO - paramwise_options -- backbone.adapter.interactions.1.extractor.attn.attn.attention_weights.weight:lr=0.0001
2026/08/04 02:23:40 - mmengine - INFO - paramwise_options -- backbone.adapter.interactions.1.extractor.attn.attn.attention_weights.weight:weight_decay=0.01
2026/08/04 02:23:40 - mmengine - INFO - paramwise_options -- backbone.adapter.interactions.1.extractor.attn.attn.attention_weights.weight:lr_mult=0.1
2026/08/04 02:23:40 - mmengine - INFO - paramwise_options -- backbone.adapter.interactions.1.extractor.attn.attn.attention_weights.bias:lr=0.0001
2026/08/04 02:23:40 - mmengine - INFO - paramwise_options -- backbone.adapter.interactions.1.extractor.attn.attn.attention_weights.bias:weight_decay=0.01
2026/08/04 02:23:40 - mmengine - INFO - paramwise_options -- backbone.adapter.interactions.1.extractor.attn.attn.attention_weights.bias:lr_mult=0.1
2026/08/04 02:23:40 - mmengine - INFO - paramwise_options -- backbone.adapter.interactions.1.extractor.attn.attn.value_proj.weight:lr=0.0001
2026/08/04 02:23:40 - mmengine - INFO - paramwise_options -- backbone.adapter.interactions.1.extractor.attn.attn.value_proj.weight:weight_decay=0.01
2026/08/04 02:23:40 - mmengine - INFO - paramwise_options -- backbone.adapter.interactions.1.extractor.attn.attn.value_proj.weight:lr_mult=0.1
2026/08/04 02:23:40 - mmengine - INFO - paramwise_options -- backbone.adapter.interactions.1.extractor.attn.attn.value_proj.bias:lr=0.0001
2026/08/04 02:23:40 - mmengine - INFO - paramwise_options -- backbone.adapter.interactions.1.extractor.attn.attn.value_proj.bias:weight_decay=0.01
2026/08/04 02:23:40 - mmengine - INFO - paramwise_options -- backbone.adapter.interactions.1.extractor.attn.attn.value_proj.bias:lr_mult=0.1
2026/08/04 02:23:40 - mmengine - INFO - paramwise_options -- backbone.adapter.interactions.1.extractor.attn.attn.output_proj.weight:lr=0.0001
2026/08/04 02:23:40 - mmengine - INFO - paramwise_options -- backbone.adapter.interactions.1.extractor.attn.attn.output_proj.weight:weight_decay=0.01
2026/08/04 02:23:40 - mmengine - INFO - paramwise_options -- backbone.adapter.interactions.1.extractor.attn.attn.output_proj.weight:lr_mult=0.1
2026/08/04 02:23:40 - mmengine - INFO - paramwise_options -- backbone.adapter.interactions.1.extractor.attn.attn.output_proj.bias:lr=0.0001
2026/08/04 02:23:40 - mmengine - INFO - paramwise_options -- backbone.adapter.interactions.1.extractor.attn.attn.output_proj.bias:weight_decay=0.01
2026/08/04 02:23:40 - mmengine - INFO - paramwise_options -- backbone.adapter.interactions.1.extractor.attn.attn.output_proj.bias:lr_mult=0.1
2026/08/04 02:23:40 - mmengine - INFO - paramwise_options -- backbone.adapter.interactions.1.extractor.ffn.fc1.weight:lr=0.0001
2026/08/04 02:23:40 - mmengine - INFO - paramwise_options -- backbone.adapter.interactions.1.extractor.ffn.fc1.weight:weight_decay=0.01
2026/08/04 02:23:40 - mmengine - INFO - paramwise_options -- backbone.adapter.interactions.1.extractor.ffn.fc1.weight:lr_mult=0.1
2026/08/04 02:23:40 - mmengine - INFO - paramwise_options -- backbone.adapter.interactions.1.extractor.ffn.fc1.bias:lr=0.0001
2026/08/04 02:23:40 - mmengine - INFO - paramwise_options -- backbone.adapter.interactions.1.extractor.ffn.fc1.bias:weight_decay=0.01
2026/08/04 02:23:40 - mmengine - INFO - paramwise_options -- backbone.adapter.interactions.1.extractor.ffn.fc1.bias:lr_mult=0.1
2026/08/04 02:23:40 - mmengine - INFO - paramwise_options -- backbone.adapter.interactions.1.extractor.ffn.dwconv.dwconv.weight:lr=0.0001
2026/08/04 02:23:40 - mmengine - INFO - paramwise_options -- backbone.adapter.interactions.1.extractor.ffn.dwconv.dwconv.weight:weight_decay=0.01
2026/08/04 02:23:40 - mmengine - INFO - paramwise_options -- backbone.adapter.interactions.1.extractor.ffn.dwconv.dwconv.weight:lr_mult=0.1
2026/08/04 02:23:40 - mmengine - INFO - paramwise_options -- backbone.adapter.interactions.1.extractor.ffn.dwconv.dwconv.bias:lr=0.0001
2026/08/04 02:23:40 - mmengine - INFO - paramwise_options -- backbone.adapter.interactions.1.extractor.ffn.dwconv.dwconv.bias:weight_decay=0.01
2026/08/04 02:23:40 - mmengine - INFO - paramwise_options -- backbone.adapter.interactions.1.extractor.ffn.dwconv.dwconv.bias:lr_mult=0.1
2026/08/04 02:23:40 - mmengine - INFO - paramwise_options -- backbone.adapter.interactions.1.extractor.ffn.fc2.weight:lr=0.0001
2026/08/04 02:23:40 - mmengine - INFO - paramwise_options -- backbone.adapter.interactions.1.extractor.ffn.fc2.weight:weight_decay=0.01
2026/08/04 02:23:40 - mmengine - INFO - paramwise_options -- backbone.adapter.interactions.1.extractor.ffn.fc2.weight:lr_mult=0.1
2026/08/04 02:23:40 - mmengine - INFO - paramwise_options -- backbone.adapter.interactions.1.extractor.ffn.fc2.bias:lr=0.0001
2026/08/04 02:23:40 - mmengine - INFO - paramwise_options -- backbone.adapter.interactions.1.extractor.ffn.fc2.bias:weight_decay=0.01
2026/08/04 02:23:40 - mmengine - INFO - paramwise_options -- backbone.adapter.interactions.1.extractor.ffn.fc2.bias:lr_mult=0.1
2026/08/04 02:23:40 - mmengine - INFO - paramwise_options -- backbone.adapter.interactions.1.extractor.ffn_norm.weight:lr=0.0001
2026/08/04 02:23:40 - mmengine - INFO - paramwise_options -- backbone.adapter.interactions.1.extractor.ffn_norm.weight:weight_decay=0.01
2026/08/04 02:23:40 - mmengine - INFO - paramwise_options -- backbone.adapter.interactions.1.extractor.ffn_norm.weight:lr_mult=0.1
2026/08/04 02:23:40 - mmengine - INFO - paramwise_options -- backbone.adapter.interactions.1.extractor.ffn_norm.bias:lr=0.0001
2026/08/04 02:23:40 - mmengine - INFO - paramwise_options -- backbone.adapter.interactions.1.extractor.ffn_norm.bias:weight_decay=0.01
2026/08/04 02:23:40 - mmengine - INFO - paramwise_options -- backbone.adapter.interactions.1.extractor.ffn_norm.bias:lr_mult=0.1
2026/08/04 02:23:40 - mmengine - INFO - paramwise_options -- backbone.adapter.interactions.2.extractor.query_norm.weight:lr=0.0001
2026/08/04 02:23:40 - mmengine - INFO - paramwise_options -- backbone.adapter.interactions.2.extractor.query_norm.weight:weight_decay=0.01
2026/08/04 02:23:40 - mmengine - INFO - paramwise_options -- backbone.adapter.interactions.2.extractor.query_norm.weight:lr_mult=0.1
2026/08/04 02:23:40 - mmengine - INFO - paramwise_options -- backbone.adapter.interactions.2.extractor.query_norm.bias:lr=0.0001
2026/08/04 02:23:40 - mmengine - INFO - paramwise_options -- backbone.adapter.interactions.2.extractor.query_norm.bias:weight_decay=0.01
2026/08/04 02:23:40 - mmengine - INFO - paramwise_options -- backbone.adapter.interactions.2.extractor.query_norm.bias:lr_mult=0.1
2026/08/04 02:23:40 - mmengine - INFO - paramwise_options -- backbone.adapter.interactions.2.extractor.feat_norm.weight:lr=0.0001
2026/08/04 02:23:40 - mmengine - INFO - paramwise_options -- backbone.adapter.interactions.2.extractor.feat_norm.weight:weight_decay=0.01
2026/08/04 02:23:40 - mmengine - INFO - paramwise_options -- backbone.adapter.interactions.2.extractor.feat_norm.weight:lr_mult=0.1
2026/08/04 02:23:40 - mmengine - INFO - paramwise_options -- backbone.adapter.interactions.2.extractor.feat_norm.bias:lr=0.0001
2026/08/04 02:23:40 - mmengine - INFO - paramwise_options -- backbone.adapter.interactions.2.extractor.feat_norm.bias:weight_decay=0.01
2026/08/04 02:23:40 - mmengine - INFO - paramwise_options -- backbone.adapter.interactions.2.extractor.feat_norm.bias:lr_mult=0.1
2026/08/04 02:23:40 - mmengine - INFO - paramwise_options -- backbone.adapter.interactions.2.extractor.attn.attn.sampling_offsets.weight:lr=0.0001
2026/08/04 02:23:40 - mmengine - INFO - paramwise_options -- backbone.adapter.interactions.2.extractor.attn.attn.sampling_offsets.weight:weight_decay=0.01
2026/08/04 02:23:40 - mmengine - INFO - paramwise_options -- backbone.adapter.interactions.2.extractor.attn.attn.sampling_offsets.weight:lr_mult=0.1
2026/08/04 02:23:40 - mmengine - INFO - paramwise_options -- backbone.adapter.interactions.2.extractor.attn.attn.sampling_offsets.bias:lr=0.0001
2026/08/04 02:23:40 - mmengine - INFO - paramwise_options -- backbone.adapter.interactions.2.extractor.attn.attn.sampling_offsets.bias:weight_decay=0.01
2026/08/04 02:23:40 - mmengine - INFO - paramwise_options -- backbone.adapter.interactions.2.extractor.attn.attn.sampling_offsets.bias:lr_mult=0.1
2026/08/04 02:23:40 - mmengine - INFO - paramwise_options -- backbone.adapter.interactions.2.extractor.attn.attn.attention_weights.weight:lr=0.0001
2026/08/04 02:23:40 - mmengine - INFO - paramwise_options -- backbone.adapter.interactions.2.extractor.attn.attn.attention_weights.weight:weight_decay=0.01
2026/08/04 02:23:40 - mmengine - INFO - paramwise_options -- backbone.adapter.interactions.2.extractor.attn.attn.attention_weights.weight:lr_mult=0.1
2026/08/04 02:23:40 - mmengine - INFO - paramwise_options -- backbone.adapter.interactions.2.extractor.attn.attn.attention_weights.bias:lr=0.0001
2026/08/04 02:23:40 - mmengine - INFO - paramwise_options -- backbone.adapter.interactions.2.extractor.attn.attn.attention_weights.bias:weight_decay=0.01
2026/08/04 02:23:40 - mmengine - INFO - paramwise_options -- backbone.adapter.interactions.2.extractor.attn.attn.attention_weights.bias:lr_mult=0.1
2026/08/04 02:23:40 - mmengine - INFO - paramwise_options -- backbone.adapter.interactions.2.extractor.attn.attn.value_proj.weight:lr=0.0001
2026/08/04 02:23:40 - mmengine - INFO - paramwise_options -- backbone.adapter.interactions.2.extractor.attn.attn.value_proj.weight:weight_decay=0.01
2026/08/04 02:23:40 - mmengine - INFO - paramwise_options -- backbone.adapter.interactions.2.extractor.attn.attn.value_proj.weight:lr_mult=0.1
2026/08/04 02:23:40 - mmengine - INFO - paramwise_options -- backbone.adapter.interactions.2.extractor.attn.attn.value_proj.bias:lr=0.0001
2026/08/04 02:23:40 - mmengine - INFO - paramwise_options -- backbone.adapter.interactions.2.extractor.attn.attn.value_proj.bias:weight_decay=0.01
2026/08/04 02:23:40 - mmengine - INFO - paramwise_options -- backbone.adapter.interactions.2.extractor.attn.attn.value_proj.bias:lr_mult=0.1
2026/08/04 02:23:40 - mmengine - INFO - paramwise_options -- backbone.adapter.interactions.2.extractor.attn.attn.output_proj.weight:lr=0.0001
2026/08/04 02:23:40 - mmengine - INFO - paramwise_options -- backbone.adapter.interactions.2.extractor.attn.attn.output_proj.weight:weight_decay=0.01
2026/08/04 02:23:40 - mmengine - INFO - paramwise_options -- backbone.adapter.interactions.2.extractor.attn.attn.output_proj.weight:lr_mult=0.1
2026/08/04 02:23:40 - mmengine - INFO - paramwise_options -- backbone.adapter.interactions.2.extractor.attn.attn.output_proj.bias:lr=0.0001
2026/08/04 02:23:40 - mmengine - INFO - paramwise_options -- backbone.adapter.interactions.2.extractor.attn.attn.output_proj.bias:weight_decay=0.01
2026/08/04 02:23:40 - mmengine - INFO - paramwise_options -- backbone.adapter.interactions.2.extractor.attn.attn.output_proj.bias:lr_mult=0.1
2026/08/04 02:23:40 - mmengine - INFO - paramwise_options -- backbone.adapter.interactions.2.extractor.ffn.fc1.weight:lr=0.0001
2026/08/04 02:23:40 - mmengine - INFO - paramwise_options -- backbone.adapter.interactions.2.extractor.ffn.fc1.weight:weight_decay=0.01
2026/08/04 02:23:40 - mmengine - INFO - paramwise_options -- backbone.adapter.interactions.2.extractor.ffn.fc1.weight:lr_mult=0.1
2026/08/04 02:23:40 - mmengine - INFO - paramwise_options -- backbone.adapter.interactions.2.extractor.ffn.fc1.bias:lr=0.0001
2026/08/04 02:23:40 - mmengine - INFO - paramwise_options -- backbone.adapter.interactions.2.extractor.ffn.fc1.bias:weight_decay=0.01
2026/08/04 02:23:40 - mmengine - INFO - paramwise_options -- backbone.adapter.interactions.2.extractor.ffn.fc1.bias:lr_mult=0.1
2026/08/04 02:23:40 - mmengine - INFO - paramwise_options -- backbone.adapter.interactions.2.extractor.ffn.dwconv.dwconv.weight:lr=0.0001
2026/08/04 02:23:40 - mmengine - INFO - paramwise_options -- backbone.adapter.interactions.2.extractor.ffn.dwconv.dwconv.weight:weight_decay=0.01
2026/08/04 02:23:40 - mmengine - INFO - paramwise_options -- backbone.adapter.interactions.2.extractor.ffn.dwconv.dwconv.weight:lr_mult=0.1
2026/08/04 02:23:40 - mmengine - INFO - paramwise_options -- backbone.adapter.interactions.2.extractor.ffn.dwconv.dwconv.bias:lr=0.0001
2026/08/04 02:23:40 - mmengine - INFO - paramwise_options -- backbone.adapter.interactions.2.extractor.ffn.dwconv.dwconv.bias:weight_decay=0.01
2026/08/04 02:23:40 - mmengine - INFO - paramwise_options -- backbone.adapter.interactions.2.extractor.ffn.dwconv.dwconv.bias:lr_mult=0.1
2026/08/04 02:23:40 - mmengine - INFO - paramwise_options -- backbone.adapter.interactions.2.extractor.ffn.fc2.weight:lr=0.0001
2026/08/04 02:23:40 - mmengine - INFO - paramwise_options -- backbone.adapter.interactions.2.extractor.ffn.fc2.weight:weight_decay=0.01
2026/08/04 02:23:40 - mmengine - INFO - paramwise_options -- backbone.adapter.interactions.2.extractor.ffn.fc2.weight:lr_mult=0.1
2026/08/04 02:23:40 - mmengine - INFO - paramwise_options -- backbone.adapter.interactions.2.extractor.ffn.fc2.bias:lr=0.0001
2026/08/04 02:23:40 - mmengine - INFO - paramwise_options -- backbone.adapter.interactions.2.extractor.ffn.fc2.bias:weight_decay=0.01
2026/08/04 02:23:40 - mmengine - INFO - paramwise_options -- backbone.adapter.interactions.2.extractor.ffn.fc2.bias:lr_mult=0.1
2026/08/04 02:23:40 - mmengine - INFO - paramwise_options -- backbone.adapter.interactions.2.extractor.ffn_norm.weight:lr=0.0001
2026/08/04 02:23:40 - mmengine - INFO - paramwise_options -- backbone.adapter.interactions.2.extractor.ffn_norm.weight:weight_decay=0.01
2026/08/04 02:23:40 - mmengine - INFO - paramwise_options -- backbone.adapter.interactions.2.extractor.ffn_norm.weight:lr_mult=0.1
2026/08/04 02:23:40 - mmengine - INFO - paramwise_options -- backbone.adapter.interactions.2.extractor.ffn_norm.bias:lr=0.0001
2026/08/04 02:23:40 - mmengine - INFO - paramwise_options -- backbone.adapter.interactions.2.extractor.ffn_norm.bias:weight_decay=0.01
2026/08/04 02:23:40 - mmengine - INFO - paramwise_options -- backbone.adapter.interactions.2.extractor.ffn_norm.bias:lr_mult=0.1
2026/08/04 02:23:40 - mmengine - INFO - paramwise_options -- backbone.adapter.interactions.3.extractor.query_norm.weight:lr=0.0001
2026/08/04 02:23:40 - mmengine - INFO - paramwise_options -- backbone.adapter.interactions.3.extractor.query_norm.weight:weight_decay=0.01
2026/08/04 02:23:40 - mmengine - INFO - paramwise_options -- backbone.adapter.interactions.3.extractor.query_norm.weight:lr_mult=0.1
2026/08/04 02:23:40 - mmengine - INFO - paramwise_options -- backbone.adapter.interactions.3.extractor.query_norm.bias:lr=0.0001
2026/08/04 02:23:40 - mmengine - INFO - paramwise_options -- backbone.adapter.interactions.3.extractor.query_norm.bias:weight_decay=0.01
2026/08/04 02:23:40 - mmengine - INFO - paramwise_options -- backbone.adapter.interactions.3.extractor.query_norm.bias:lr_mult=0.1
2026/08/04 02:23:40 - mmengine - INFO - paramwise_options -- backbone.adapter.interactions.3.extractor.feat_norm.weight:lr=0.0001
2026/08/04 02:23:40 - mmengine - INFO - paramwise_options -- backbone.adapter.interactions.3.extractor.feat_norm.weight:weight_decay=0.01
2026/08/04 02:23:40 - mmengine - INFO - paramwise_options -- backbone.adapter.interactions.3.extractor.feat_norm.weight:lr_mult=0.1
2026/08/04 02:23:40 - mmengine - INFO - paramwise_options -- backbone.adapter.interactions.3.extractor.feat_norm.bias:lr=0.0001
2026/08/04 02:23:40 - mmengine - INFO - paramwise_options -- backbone.adapter.interactions.3.extractor.feat_norm.bias:weight_decay=0.01
2026/08/04 02:23:40 - mmengine - INFO - paramwise_options -- backbone.adapter.interactions.3.extractor.feat_norm.bias:lr_mult=0.1
2026/08/04 02:23:40 - mmengine - INFO - paramwise_options -- backbone.adapter.interactions.3.extractor.attn.attn.sampling_offsets.weight:lr=0.0001
2026/08/04 02:23:40 - mmengine - INFO - paramwise_options -- backbone.adapter.interactions.3.extractor.attn.attn.sampling_offsets.weight:weight_decay=0.01
2026/08/04 02:23:40 - mmengine - INFO - paramwise_options -- backbone.adapter.interactions.3.extractor.attn.attn.sampling_offsets.weight:lr_mult=0.1
2026/08/04 02:23:40 - mmengine - INFO - paramwise_options -- backbone.adapter.interactions.3.extractor.attn.attn.sampling_offsets.bias:lr=0.0001
2026/08/04 02:23:40 - mmengine - INFO - paramwise_options -- backbone.adapter.interactions.3.extractor.attn.attn.sampling_offsets.bias:weight_decay=0.01
2026/08/04 02:23:40 - mmengine - INFO - paramwise_options -- backbone.adapter.interactions.3.extractor.attn.attn.sampling_offsets.bias:lr_mult=0.1
2026/08/04 02:23:40 - mmengine - INFO - paramwise_options -- backbone.adapter.interactions.3.extractor.attn.attn.attention_weights.weight:lr=0.0001
2026/08/04 02:23:40 - mmengine - INFO - paramwise_options -- backbone.adapter.interactions.3.extractor.attn.attn.attention_weights.weight:weight_decay=0.01
2026/08/04 02:23:40 - mmengine - INFO - paramwise_options -- backbone.adapter.interactions.3.extractor.attn.attn.attention_weights.weight:lr_mult=0.1
2026/08/04 02:23:40 - mmengine - INFO - paramwise_options -- backbone.adapter.interactions.3.extractor.attn.attn.attention_weights.bias:lr=0.0001
2026/08/04 02:23:40 - mmengine - INFO - paramwise_options -- backbone.adapter.interactions.3.extractor.attn.attn.attention_weights.bias:weight_decay=0.01
2026/08/04 02:23:40 - mmengine - INFO - paramwise_options -- backbone.adapter.interactions.3.extractor.attn.attn.attention_weights.bias:lr_mult=0.1
2026/08/04 02:23:40 - mmengine - INFO - paramwise_options -- backbone.adapter.interactions.3.extractor.attn.attn.value_proj.weight:lr=0.0001
2026/08/04 02:23:40 - mmengine - INFO - paramwise_options -- backbone.adapter.interactions.3.extractor.attn.attn.value_proj.weight:weight_decay=0.01
2026/08/04 02:23:40 - mmengine - INFO - paramwise_options -- backbone.adapter.interactions.3.extractor.attn.attn.value_proj.weight:lr_mult=0.1
2026/08/04 02:23:40 - mmengine - INFO - paramwise_options -- backbone.adapter.interactions.3.extractor.attn.attn.value_proj.bias:lr=0.0001
2026/08/04 02:23:40 - mmengine - INFO - paramwise_options -- backbone.adapter.interactions.3.extractor.attn.attn.value_proj.bias:weight_decay=0.01
2026/08/04 02:23:40 - mmengine - INFO - paramwise_options -- backbone.adapter.interactions.3.extractor.attn.attn.value_proj.bias:lr_mult=0.1
2026/08/04 02:23:40 - mmengine - INFO - paramwise_options -- backbone.adapter.interactions.3.extractor.attn.attn.output_proj.weight:lr=0.0001
2026/08/04 02:23:40 - mmengine - INFO - paramwise_options -- backbone.adapter.interactions.3.extractor.attn.attn.output_proj.weight:weight_decay=0.01
2026/08/04 02:23:40 - mmengine - INFO - paramwise_options -- backbone.adapter.interactions.3.extractor.attn.attn.output_proj.weight:lr_mult=0.1
2026/08/04 02:23:40 - mmengine - INFO - paramwise_options -- backbone.adapter.interactions.3.extractor.attn.attn.output_proj.bias:lr=0.0001
2026/08/04 02:23:40 - mmengine - INFO - paramwise_options -- backbone.adapter.interactions.3.extractor.attn.attn.output_proj.bias:weight_decay=0.01
2026/08/04 02:23:40 - mmengine - INFO - paramwise_options -- backbone.adapter.interactions.3.extractor.attn.attn.output_proj.bias:lr_mult=0.1
2026/08/04 02:23:40 - mmengine - INFO - paramwise_options -- backbone.adapter.interactions.3.extractor.ffn.fc1.weight:lr=0.0001
2026/08/04 02:23:40 - mmengine - INFO - paramwise_options -- backbone.adapter.interactions.3.extractor.ffn.fc1.weight:weight_decay=0.01
2026/08/04 02:23:40 - mmengine - INFO - paramwise_options -- backbone.adapter.interactions.3.extractor.ffn.fc1.weight:lr_mult=0.1
2026/08/04 02:23:40 - mmengine - INFO - paramwise_options -- backbone.adapter.interactions.3.extractor.ffn.fc1.bias:lr=0.0001
2026/08/04 02:23:40 - mmengine - INFO - paramwise_options -- backbone.adapter.interactions.3.extractor.ffn.fc1.bias:weight_decay=0.01
2026/08/04 02:23:40 - mmengine - INFO - paramwise_options -- backbone.adapter.interactions.3.extractor.ffn.fc1.bias:lr_mult=0.1
2026/08/04 02:23:40 - mmengine - INFO - paramwise_options -- backbone.adapter.interactions.3.extractor.ffn.dwconv.dwconv.weight:lr=0.0001
2026/08/04 02:23:40 - mmengine - INFO - paramwise_options -- backbone.adapter.interactions.3.extractor.ffn.dwconv.dwconv.weight:weight_decay=0.01
2026/08/04 02:23:40 - mmengine - INFO - paramwise_options -- backbone.adapter.interactions.3.extractor.ffn.dwconv.dwconv.weight:lr_mult=0.1
2026/08/04 02:23:40 - mmengine - INFO - paramwise_options -- backbone.adapter.interactions.3.extractor.ffn.dwconv.dwconv.bias:lr=0.0001
2026/08/04 02:23:40 - mmengine - INFO - paramwise_options -- backbone.adapter.interactions.3.extractor.ffn.dwconv.dwconv.bias:weight_decay=0.01
2026/08/04 02:23:40 - mmengine - INFO - paramwise_options -- backbone.adapter.interactions.3.extractor.ffn.dwconv.dwconv.bias:lr_mult=0.1
2026/08/04 02:23:40 - mmengine - INFO - paramwise_options -- backbone.adapter.interactions.3.extractor.ffn.fc2.weight:lr=0.0001
2026/08/04 02:23:40 - mmengine - INFO - paramwise_options -- backbone.adapter.interactions.3.extractor.ffn.fc2.weight:weight_decay=0.01
2026/08/04 02:23:40 - mmengine - INFO - paramwise_options -- backbone.adapter.interactions.3.extractor.ffn.fc2.weight:lr_mult=0.1
2026/08/04 02:23:40 - mmengine - INFO - paramwise_options -- backbone.adapter.interactions.3.extractor.ffn.fc2.bias:lr=0.0001
2026/08/04 02:23:40 - mmengine - INFO - paramwise_options -- backbone.adapter.interactions.3.extractor.ffn.fc2.bias:weight_decay=0.01
2026/08/04 02:23:40 - mmengine - INFO - paramwise_options -- backbone.adapter.interactions.3.extractor.ffn.fc2.bias:lr_mult=0.1
2026/08/04 02:23:40 - mmengine - INFO - paramwise_options -- backbone.adapter.interactions.3.extractor.ffn_norm.weight:lr=0.0001
2026/08/04 02:23:40 - mmengine - INFO - paramwise_options -- backbone.adapter.interactions.3.extractor.ffn_norm.weight:weight_decay=0.01
2026/08/04 02:23:40 - mmengine - INFO - paramwise_options -- backbone.adapter.interactions.3.extractor.ffn_norm.weight:lr_mult=0.1
2026/08/04 02:23:40 - mmengine - INFO - paramwise_options -- backbone.adapter.interactions.3.extractor.ffn_norm.bias:lr=0.0001
2026/08/04 02:23:40 - mmengine - INFO - paramwise_options -- backbone.adapter.interactions.3.extractor.ffn_norm.bias:weight_decay=0.01
2026/08/04 02:23:40 - mmengine - INFO - paramwise_options -- backbone.adapter.interactions.3.extractor.ffn_norm.bias:lr_mult=0.1
2026/08/04 02:23:40 - mmengine - INFO - paramwise_options -- backbone.adapter.interactions.3.extra_extractors.0.query_norm.weight:lr=0.0001
2026/08/04 02:23:40 - mmengine - INFO - paramwise_options -- backbone.adapter.interactions.3.extra_extractors.0.query_norm.weight:weight_decay=0.01
2026/08/04 02:23:40 - mmengine - INFO - paramwise_options -- backbone.adapter.interactions.3.extra_extractors.0.query_norm.weight:lr_mult=0.1
2026/08/04 02:23:40 - mmengine - INFO - paramwise_options -- backbone.adapter.interactions.3.extra_extractors.0.query_norm.bias:lr=0.0001
2026/08/04 02:23:40 - mmengine - INFO - paramwise_options -- backbone.adapter.interactions.3.extra_extractors.0.query_norm.bias:weight_decay=0.01
2026/08/04 02:23:40 - mmengine - INFO - paramwise_options -- backbone.adapter.interactions.3.extra_extractors.0.query_norm.bias:lr_mult=0.1
2026/08/04 02:23:40 - mmengine - INFO - paramwise_options -- backbone.adapter.interactions.3.extra_extractors.0.feat_norm.weight:lr=0.0001
2026/08/04 02:23:40 - mmengine - INFO - paramwise_options -- backbone.adapter.interactions.3.extra_extractors.0.feat_norm.weight:weight_decay=0.01
2026/08/04 02:23:40 - mmengine - INFO - paramwise_options -- backbone.adapter.interactions.3.extra_extractors.0.feat_norm.weight:lr_mult=0.1
2026/08/04 02:23:40 - mmengine - INFO - paramwise_options -- backbone.adapter.interactions.3.extra_extractors.0.feat_norm.bias:lr=0.0001
2026/08/04 02:23:40 - mmengine - INFO - paramwise_options -- backbone.adapter.interactions.3.extra_extractors.0.feat_norm.bias:weight_decay=0.01
2026/08/04 02:23:40 - mmengine - INFO - paramwise_options -- backbone.adapter.interactions.3.extra_extractors.0.feat_norm.bias:lr_mult=0.1
2026/08/04 02:23:40 - mmengine - INFO - paramwise_options -- backbone.adapter.interactions.3.extra_extractors.0.attn.attn.sampling_offsets.weight:lr=0.0001
2026/08/04 02:23:40 - mmengine - INFO - paramwise_options -- backbone.adapter.interactions.3.extra_extractors.0.attn.attn.sampling_offsets.weight:weight_decay=0.01
2026/08/04 02:23:40 - mmengine - INFO - paramwise_options -- backbone.adapter.interactions.3.extra_extractors.0.attn.attn.sampling_offsets.weight:lr_mult=0.1
2026/08/04 02:23:40 - mmengine - INFO - paramwise_options -- backbone.adapter.interactions.3.extra_extractors.0.attn.attn.sampling_offsets.bias:lr=0.0001
2026/08/04 02:23:40 - mmengine - INFO - paramwise_options -- backbone.adapter.interactions.3.extra_extractors.0.attn.attn.sampling_offsets.bias:weight_decay=0.01
2026/08/04 02:23:40 - mmengine - INFO - paramwise_options -- backbone.adapter.interactions.3.extra_extractors.0.attn.attn.sampling_offsets.bias:lr_mult=0.1
2026/08/04 02:23:40 - mmengine - INFO - paramwise_options -- backbone.adapter.interactions.3.extra_extractors.0.attn.attn.attention_weights.weight:lr=0.0001
2026/08/04 02:23:40 - mmengine - INFO - paramwise_options -- backbone.adapter.interactions.3.extra_extractors.0.attn.attn.attention_weights.weight:weight_decay=0.01
2026/08/04 02:23:40 - mmengine - INFO - paramwise_options -- backbone.adapter.interactions.3.extra_extractors.0.attn.attn.attention_weights.weight:lr_mult=0.1
2026/08/04 02:23:40 - mmengine - INFO - paramwise_options -- backbone.adapter.interactions.3.extra_extractors.0.attn.attn.attention_weights.bias:lr=0.0001
2026/08/04 02:23:40 - mmengine - INFO - paramwise_options -- backbone.adapter.interactions.3.extra_extractors.0.attn.attn.attention_weights.bias:weight_decay=0.01
2026/08/04 02:23:40 - mmengine - INFO - paramwise_options -- backbone.adapter.interactions.3.extra_extractors.0.attn.attn.attention_weights.bias:lr_mult=0.1
2026/08/04 02:23:40 - mmengine - INFO - paramwise_options -- backbone.adapter.interactions.3.extra_extractors.0.attn.attn.value_proj.weight:lr=0.0001
2026/08/04 02:23:40 - mmengine - INFO - paramwise_options -- backbone.adapter.interactions.3.extra_extractors.0.attn.attn.value_proj.weight:weight_decay=0.01
2026/08/04 02:23:40 - mmengine - INFO - paramwise_options -- backbone.adapter.interactions.3.extra_extractors.0.attn.attn.value_proj.weight:lr_mult=0.1
2026/08/04 02:23:40 - mmengine - INFO - paramwise_options -- backbone.adapter.interactions.3.extra_extractors.0.attn.attn.value_proj.bias:lr=0.0001
2026/08/04 02:23:40 - mmengine - INFO - paramwise_options -- backbone.adapter.interactions.3.extra_extractors.0.attn.attn.value_proj.bias:weight_decay=0.01
2026/08/04 02:23:40 - mmengine - INFO - paramwise_options -- backbone.adapter.interactions.3.extra_extractors.0.attn.attn.value_proj.bias:lr_mult=0.1
2026/08/04 02:23:40 - mmengine - INFO - paramwise_options -- backbone.adapter.interactions.3.extra_extractors.0.attn.attn.output_proj.weight:lr=0.0001
2026/08/04 02:23:40 - mmengine - INFO - paramwise_options -- backbone.adapter.interactions.3.extra_extractors.0.attn.attn.output_proj.weight:weight_decay=0.01
2026/08/04 02:23:40 - mmengine - INFO - paramwise_options -- backbone.adapter.interactions.3.extra_extractors.0.attn.attn.output_proj.weight:lr_mult=0.1
2026/08/04 02:23:40 - mmengine - INFO - paramwise_options -- backbone.adapter.interactions.3.extra_extractors.0.attn.attn.output_proj.bias:lr=0.0001
2026/08/04 02:23:40 - mmengine - INFO - paramwise_options -- backbone.adapter.interactions.3.extra_extractors.0.attn.attn.output_proj.bias:weight_decay=0.01
2026/08/04 02:23:40 - mmengine - INFO - paramwise_options -- backbone.adapter.interactions.3.extra_extractors.0.attn.attn.output_proj.bias:lr_mult=0.1
2026/08/04 02:23:40 - mmengine - INFO - paramwise_options -- backbone.adapter.interactions.3.extra_extractors.0.ffn.fc1.weight:lr=0.0001
2026/08/04 02:23:40 - mmengine - INFO - paramwise_options -- backbone.adapter.interactions.3.extra_extractors.0.ffn.fc1.weight:weight_decay=0.01
2026/08/04 02:23:40 - mmengine - INFO - paramwise_options -- backbone.adapter.interactions.3.extra_extractors.0.ffn.fc1.weight:lr_mult=0.1
2026/08/04 02:23:40 - mmengine - INFO - paramwise_options -- backbone.adapter.interactions.3.extra_extractors.0.ffn.fc1.bias:lr=0.0001
2026/08/04 02:23:40 - mmengine - INFO - paramwise_options -- backbone.adapter.interactions.3.extra_extractors.0.ffn.fc1.bias:weight_decay=0.01
2026/08/04 02:23:40 - mmengine - INFO - paramwise_options -- backbone.adapter.interactions.3.extra_extractors.0.ffn.fc1.bias:lr_mult=0.1
2026/08/04 02:23:40 - mmengine - INFO - paramwise_options -- backbone.adapter.interactions.3.extra_extractors.0.ffn.dwconv.dwconv.weight:lr=0.0001
2026/08/04 02:23:40 - mmengine - INFO - paramwise_options -- backbone.adapter.interactions.3.extra_extractors.0.ffn.dwconv.dwconv.weight:weight_decay=0.01
2026/08/04 02:23:40 - mmengine - INFO - paramwise_options -- backbone.adapter.interactions.3.extra_extractors.0.ffn.dwconv.dwconv.weight:lr_mult=0.1
2026/08/04 02:23:40 - mmengine - INFO - paramwise_options -- backbone.adapter.interactions.3.extra_extractors.0.ffn.dwconv.dwconv.bias:lr=0.0001
2026/08/04 02:23:40 - mmengine - INFO - paramwise_options -- backbone.adapter.interactions.3.extra_extractors.0.ffn.dwconv.dwconv.bias:weight_decay=0.01
2026/08/04 02:23:40 - mmengine - INFO - paramwise_options -- backbone.adapter.interactions.3.extra_extractors.0.ffn.dwconv.dwconv.bias:lr_mult=0.1
2026/08/04 02:23:40 - mmengine - INFO - paramwise_options -- backbone.adapter.interactions.3.extra_extractors.0.ffn.fc2.weight:lr=0.0001
2026/08/04 02:23:40 - mmengine - INFO - paramwise_options -- backbone.adapter.interactions.3.extra_extractors.0.ffn.fc2.weight:weight_decay=0.01
2026/08/04 02:23:40 - mmengine - INFO - paramwise_options -- backbone.adapter.interactions.3.extra_extractors.0.ffn.fc2.weight:lr_mult=0.1
2026/08/04 02:23:40 - mmengine - INFO - paramwise_options -- backbone.adapter.interactions.3.extra_extractors.0.ffn.fc2.bias:lr=0.0001
2026/08/04 02:23:40 - mmengine - INFO - paramwise_options -- backbone.adapter.interactions.3.extra_extractors.0.ffn.fc2.bias:weight_decay=0.01
2026/08/04 02:23:40 - mmengine - INFO - paramwise_options -- backbone.adapter.interactions.3.extra_extractors.0.ffn.fc2.bias:lr_mult=0.1
2026/08/04 02:23:40 - mmengine - INFO - paramwise_options -- backbone.adapter.interactions.3.extra_extractors.0.ffn_norm.weight:lr=0.0001
2026/08/04 02:23:40 - mmengine - INFO - paramwise_options -- backbone.adapter.interactions.3.extra_extractors.0.ffn_norm.weight:weight_decay=0.01
2026/08/04 02:23:40 - mmengine - INFO - paramwise_options -- backbone.adapter.interactions.3.extra_extractors.0.ffn_norm.weight:lr_mult=0.1
2026/08/04 02:23:40 - mmengine - INFO - paramwise_options -- backbone.adapter.interactions.3.extra_extractors.0.ffn_norm.bias:lr=0.0001
2026/08/04 02:23:40 - mmengine - INFO - paramwise_options -- backbone.adapter.interactions.3.extra_extractors.0.ffn_norm.bias:weight_decay=0.01
2026/08/04 02:23:40 - mmengine - INFO - paramwise_options -- backbone.adapter.interactions.3.extra_extractors.0.ffn_norm.bias:lr_mult=0.1
2026/08/04 02:23:40 - mmengine - INFO - paramwise_options -- backbone.adapter.interactions.3.extra_extractors.1.query_norm.weight:lr=0.0001
2026/08/04 02:23:40 - mmengine - INFO - paramwise_options -- backbone.adapter.interactions.3.extra_extractors.1.query_norm.weight:weight_decay=0.01
2026/08/04 02:23:40 - mmengine - INFO - paramwise_options -- backbone.adapter.interactions.3.extra_extractors.1.query_norm.weight:lr_mult=0.1
2026/08/04 02:23:40 - mmengine - INFO - paramwise_options -- backbone.adapter.interactions.3.extra_extractors.1.query_norm.bias:lr=0.0001
2026/08/04 02:23:40 - mmengine - INFO - paramwise_options -- backbone.adapter.interactions.3.extra_extractors.1.query_norm.bias:weight_decay=0.01
2026/08/04 02:23:40 - mmengine - INFO - paramwise_options -- backbone.adapter.interactions.3.extra_extractors.1.query_norm.bias:lr_mult=0.1
2026/08/04 02:23:40 - mmengine - INFO - paramwise_options -- backbone.adapter.interactions.3.extra_extractors.1.feat_norm.weight:lr=0.0001
2026/08/04 02:23:40 - mmengine - INFO - paramwise_options -- backbone.adapter.interactions.3.extra_extractors.1.feat_norm.weight:weight_decay=0.01
2026/08/04 02:23:40 - mmengine - INFO - paramwise_options -- backbone.adapter.interactions.3.extra_extractors.1.feat_norm.weight:lr_mult=0.1
2026/08/04 02:23:40 - mmengine - INFO - paramwise_options -- backbone.adapter.interactions.3.extra_extractors.1.feat_norm.bias:lr=0.0001
2026/08/04 02:23:40 - mmengine - INFO - paramwise_options -- backbone.adapter.interactions.3.extra_extractors.1.feat_norm.bias:weight_decay=0.01
2026/08/04 02:23:40 - mmengine - INFO - paramwise_options -- backbone.adapter.interactions.3.extra_extractors.1.feat_norm.bias:lr_mult=0.1
2026/08/04 02:23:40 - mmengine - INFO - paramwise_options -- backbone.adapter.interactions.3.extra_extractors.1.attn.attn.sampling_offsets.weight:lr=0.0001
2026/08/04 02:23:40 - mmengine - INFO - paramwise_options -- backbone.adapter.interactions.3.extra_extractors.1.attn.attn.sampling_offsets.weight:weight_decay=0.01
2026/08/04 02:23:40 - mmengine - INFO - paramwise_options -- backbone.adapter.interactions.3.extra_extractors.1.attn.attn.sampling_offsets.weight:lr_mult=0.1
2026/08/04 02:23:40 - mmengine - INFO - paramwise_options -- backbone.adapter.interactions.3.extra_extractors.1.attn.attn.sampling_offsets.bias:lr=0.0001
2026/08/04 02:23:40 - mmengine - INFO - paramwise_options -- backbone.adapter.interactions.3.extra_extractors.1.attn.attn.sampling_offsets.bias:weight_decay=0.01
2026/08/04 02:23:40 - mmengine - INFO - paramwise_options -- backbone.adapter.interactions.3.extra_extractors.1.attn.attn.sampling_offsets.bias:lr_mult=0.1
2026/08/04 02:23:40 - mmengine - INFO - paramwise_options -- backbone.adapter.interactions.3.extra_extractors.1.attn.attn.attention_weights.weight:lr=0.0001
2026/08/04 02:23:40 - mmengine - INFO - paramwise_options -- backbone.adapter.interactions.3.extra_extractors.1.attn.attn.attention_weights.weight:weight_decay=0.01
2026/08/04 02:23:40 - mmengine - INFO - paramwise_options -- backbone.adapter.interactions.3.extra_extractors.1.attn.attn.attention_weights.weight:lr_mult=0.1
2026/08/04 02:23:40 - mmengine - INFO - paramwise_options -- backbone.adapter.interactions.3.extra_extractors.1.attn.attn.attention_weights.bias:lr=0.0001
2026/08/04 02:23:40 - mmengine - INFO - paramwise_options -- backbone.adapter.interactions.3.extra_extractors.1.attn.attn.attention_weights.bias:weight_decay=0.01
2026/08/04 02:23:40 - mmengine - INFO - paramwise_options -- backbone.adapter.interactions.3.extra_extractors.1.attn.attn.attention_weights.bias:lr_mult=0.1
2026/08/04 02:23:40 - mmengine - INFO - paramwise_options -- backbone.adapter.interactions.3.extra_extractors.1.attn.attn.value_proj.weight:lr=0.0001
2026/08/04 02:23:40 - mmengine - INFO - paramwise_options -- backbone.adapter.interactions.3.extra_extractors.1.attn.attn.value_proj.weight:weight_decay=0.01
2026/08/04 02:23:40 - mmengine - INFO - paramwise_options -- backbone.adapter.interactions.3.extra_extractors.1.attn.attn.value_proj.weight:lr_mult=0.1
2026/08/04 02:23:40 - mmengine - INFO - paramwise_options -- backbone.adapter.interactions.3.extra_extractors.1.attn.attn.value_proj.bias:lr=0.0001
2026/08/04 02:23:40 - mmengine - INFO - paramwise_options -- backbone.adapter.interactions.3.extra_extractors.1.attn.attn.value_proj.bias:weight_decay=0.01
2026/08/04 02:23:40 - mmengine - INFO - paramwise_options -- backbone.adapter.interactions.3.extra_extractors.1.attn.attn.value_proj.bias:lr_mult=0.1
2026/08/04 02:23:40 - mmengine - INFO - paramwise_options -- backbone.adapter.interactions.3.extra_extractors.1.attn.attn.output_proj.weight:lr=0.0001
2026/08/04 02:23:40 - mmengine - INFO - paramwise_options -- backbone.adapter.interactions.3.extra_extractors.1.attn.attn.output_proj.weight:weight_decay=0.01
2026/08/04 02:23:40 - mmengine - INFO - paramwise_options -- backbone.adapter.interactions.3.extra_extractors.1.attn.attn.output_proj.weight:lr_mult=0.1
2026/08/04 02:23:40 - mmengine - INFO - paramwise_options -- backbone.adapter.interactions.3.extra_extractors.1.attn.attn.output_proj.bias:lr=0.0001
2026/08/04 02:23:40 - mmengine - INFO - paramwise_options -- backbone.adapter.interactions.3.extra_extractors.1.attn.attn.output_proj.bias:weight_decay=0.01
2026/08/04 02:23:40 - mmengine - INFO - paramwise_options -- backbone.adapter.interactions.3.extra_extractors.1.attn.attn.output_proj.bias:lr_mult=0.1
2026/08/04 02:23:40 - mmengine - INFO - paramwise_options -- backbone.adapter.interactions.3.extra_extractors.1.ffn.fc1.weight:lr=0.0001
2026/08/04 02:23:40 - mmengine - INFO - paramwise_options -- backbone.adapter.interactions.3.extra_extractors.1.ffn.fc1.weight:weight_decay=0.01
2026/08/04 02:23:40 - mmengine - INFO - paramwise_options -- backbone.adapter.interactions.3.extra_extractors.1.ffn.fc1.weight:lr_mult=0.1
2026/08/04 02:23:40 - mmengine - INFO - paramwise_options -- backbone.adapter.interactions.3.extra_extractors.1.ffn.fc1.bias:lr=0.0001
2026/08/04 02:23:40 - mmengine - INFO - paramwise_options -- backbone.adapter.interactions.3.extra_extractors.1.ffn.fc1.bias:weight_decay=0.01
2026/08/04 02:23:40 - mmengine - INFO - paramwise_options -- backbone.adapter.interactions.3.extra_extractors.1.ffn.fc1.bias:lr_mult=0.1
2026/08/04 02:23:40 - mmengine - INFO - paramwise_options -- backbone.adapter.interactions.3.extra_extractors.1.ffn.dwconv.dwconv.weight:lr=0.0001
2026/08/04 02:23:40 - mmengine - INFO - paramwise_options -- backbone.adapter.interactions.3.extra_extractors.1.ffn.dwconv.dwconv.weight:weight_decay=0.01
2026/08/04 02:23:40 - mmengine - INFO - paramwise_options -- backbone.adapter.interactions.3.extra_extractors.1.ffn.dwconv.dwconv.weight:lr_mult=0.1
2026/08/04 02:23:40 - mmengine - INFO - paramwise_options -- backbone.adapter.interactions.3.extra_extractors.1.ffn.dwconv.dwconv.bias:lr=0.0001
2026/08/04 02:23:40 - mmengine - INFO - paramwise_options -- backbone.adapter.interactions.3.extra_extractors.1.ffn.dwconv.dwconv.bias:weight_decay=0.01
2026/08/04 02:23:40 - mmengine - INFO - paramwise_options -- backbone.adapter.interactions.3.extra_extractors.1.ffn.dwconv.dwconv.bias:lr_mult=0.1
2026/08/04 02:23:40 - mmengine - INFO - paramwise_options -- backbone.adapter.interactions.3.extra_extractors.1.ffn.fc2.weight:lr=0.0001
2026/08/04 02:23:40 - mmengine - INFO - paramwise_options -- backbone.adapter.interactions.3.extra_extractors.1.ffn.fc2.weight:weight_decay=0.01
2026/08/04 02:23:40 - mmengine - INFO - paramwise_options -- backbone.adapter.interactions.3.extra_extractors.1.ffn.fc2.weight:lr_mult=0.1
2026/08/04 02:23:40 - mmengine - INFO - paramwise_options -- backbone.adapter.interactions.3.extra_extractors.1.ffn.fc2.bias:lr=0.0001
2026/08/04 02:23:40 - mmengine - INFO - paramwise_options -- backbone.adapter.interactions.3.extra_extractors.1.ffn.fc2.bias:weight_decay=0.01
2026/08/04 02:23:40 - mmengine - INFO - paramwise_options -- backbone.adapter.interactions.3.extra_extractors.1.ffn.fc2.bias:lr_mult=0.1
2026/08/04 02:23:40 - mmengine - INFO - paramwise_options -- backbone.adapter.interactions.3.extra_extractors.1.ffn_norm.weight:lr=0.0001
2026/08/04 02:23:40 - mmengine - INFO - paramwise_options -- backbone.adapter.interactions.3.extra_extractors.1.ffn_norm.weight:weight_decay=0.01
2026/08/04 02:23:40 - mmengine - INFO - paramwise_options -- backbone.adapter.interactions.3.extra_extractors.1.ffn_norm.weight:lr_mult=0.1
2026/08/04 02:23:40 - mmengine - INFO - paramwise_options -- backbone.adapter.interactions.3.extra_extractors.1.ffn_norm.bias:lr=0.0001
2026/08/04 02:23:40 - mmengine - INFO - paramwise_options -- backbone.adapter.interactions.3.extra_extractors.1.ffn_norm.bias:weight_decay=0.01
2026/08/04 02:23:40 - mmengine - INFO - paramwise_options -- backbone.adapter.interactions.3.extra_extractors.1.ffn_norm.bias:lr_mult=0.1
2026/08/04 02:23:40 - mmengine - INFO - paramwise_options -- backbone.adapter.up.weight:lr=0.0001
2026/08/04 02:23:40 - mmengine - INFO - paramwise_options -- backbone.adapter.up.weight:weight_decay=0.01
2026/08/04 02:23:40 - mmengine - INFO - paramwise_options -- backbone.adapter.up.weight:lr_mult=0.1
2026/08/04 02:23:40 - mmengine - INFO - paramwise_options -- backbone.adapter.up.bias:lr=0.0001
2026/08/04 02:23:40 - mmengine - INFO - paramwise_options -- backbone.adapter.up.bias:weight_decay=0.01
2026/08/04 02:23:40 - mmengine - INFO - paramwise_options -- backbone.adapter.up.bias:lr_mult=0.1
2026/08/04 02:23:40 - mmengine - INFO - paramwise_options -- backbone.adapter.norm1.weight:lr=0.0001
2026/08/04 02:23:40 - mmengine - INFO - paramwise_options -- backbone.adapter.norm1.weight:weight_decay=0.01
2026/08/04 02:23:40 - mmengine - INFO - paramwise_options -- backbone.adapter.norm1.weight:lr_mult=0.1
2026/08/04 02:23:40 - mmengine - INFO - paramwise_options -- backbone.adapter.norm1.bias:lr=0.0001
2026/08/04 02:23:40 - mmengine - INFO - paramwise_options -- backbone.adapter.norm1.bias:weight_decay=0.01
2026/08/04 02:23:40 - mmengine - INFO - paramwise_options -- backbone.adapter.norm1.bias:lr_mult=0.1
2026/08/04 02:23:40 - mmengine - INFO - paramwise_options -- backbone.adapter.norm2.weight:lr=0.0001
2026/08/04 02:23:40 - mmengine - INFO - paramwise_options -- backbone.adapter.norm2.weight:weight_decay=0.01
2026/08/04 02:23:40 - mmengine - INFO - paramwise_options -- backbone.adapter.norm2.weight:lr_mult=0.1
2026/08/04 02:23:40 - mmengine - INFO - paramwise_options -- backbone.adapter.norm2.bias:lr=0.0001
2026/08/04 02:23:40 - mmengine - INFO - paramwise_options -- backbone.adapter.norm2.bias:weight_decay=0.01
2026/08/04 02:23:40 - mmengine - INFO - paramwise_options -- backbone.adapter.norm2.bias:lr_mult=0.1
2026/08/04 02:23:40 - mmengine - INFO - paramwise_options -- backbone.adapter.norm3.weight:lr=0.0001
2026/08/04 02:23:40 - mmengine - INFO - paramwise_options -- backbone.adapter.norm3.weight:weight_decay=0.01
2026/08/04 02:23:40 - mmengine - INFO - paramwise_options -- backbone.adapter.norm3.weight:lr_mult=0.1
2026/08/04 02:23:40 - mmengine - INFO - paramwise_options -- backbone.adapter.norm3.bias:lr=0.0001
2026/08/04 02:23:40 - mmengine - INFO - paramwise_options -- backbone.adapter.norm3.bias:weight_decay=0.01
2026/08/04 02:23:40 - mmengine - INFO - paramwise_options -- backbone.adapter.norm3.bias:lr_mult=0.1
2026/08/04 02:23:40 - mmengine - INFO - paramwise_options -- backbone.adapter.norm4.weight:lr=0.0001
2026/08/04 02:23:40 - mmengine - INFO - paramwise_options -- backbone.adapter.norm4.weight:weight_decay=0.01
2026/08/04 02:23:40 - mmengine - INFO - paramwise_options -- backbone.adapter.norm4.weight:lr_mult=0.1
2026/08/04 02:23:40 - mmengine - INFO - paramwise_options -- backbone.adapter.norm4.bias:lr=0.0001
2026/08/04 02:23:40 - mmengine - INFO - paramwise_options -- backbone.adapter.norm4.bias:weight_decay=0.01
2026/08/04 02:23:40 - mmengine - INFO - paramwise_options -- backbone.adapter.norm4.bias:lr_mult=0.1
2026/08/04 02:23:40 - mmengine - INFO - paramwise_options -- decode_head.pixel_decoder.input_convs.0.gn.weight:weight_decay=0.0
2026/08/04 02:23:40 - mmengine - INFO - paramwise_options -- decode_head.pixel_decoder.input_convs.0.gn.bias:weight_decay=0.0
2026/08/04 02:23:40 - mmengine - INFO - paramwise_options -- decode_head.pixel_decoder.input_convs.1.gn.weight:weight_decay=0.0
2026/08/04 02:23:40 - mmengine - INFO - paramwise_options -- decode_head.pixel_decoder.input_convs.1.gn.bias:weight_decay=0.0
2026/08/04 02:23:40 - mmengine - INFO - paramwise_options -- decode_head.pixel_decoder.input_convs.2.gn.weight:weight_decay=0.0
2026/08/04 02:23:40 - mmengine - INFO - paramwise_options -- decode_head.pixel_decoder.input_convs.2.gn.bias:weight_decay=0.0
2026/08/04 02:23:40 - mmengine - INFO - paramwise_options -- decode_head.pixel_decoder.encoder.layers.0.norms.0.weight:weight_decay=0.0
2026/08/04 02:23:40 - mmengine - INFO - paramwise_options -- decode_head.pixel_decoder.encoder.layers.0.norms.0.bias:weight_decay=0.0
2026/08/04 02:23:40 - mmengine - INFO - paramwise_options -- decode_head.pixel_decoder.encoder.layers.0.norms.1.weight:weight_decay=0.0
2026/08/04 02:23:40 - mmengine - INFO - paramwise_options -- decode_head.pixel_decoder.encoder.layers.0.norms.1.bias:weight_decay=0.0
2026/08/04 02:23:40 - mmengine - INFO - paramwise_options -- decode_head.pixel_decoder.encoder.layers.1.norms.0.weight:weight_decay=0.0
2026/08/04 02:23:40 - mmengine - INFO - paramwise_options -- decode_head.pixel_decoder.encoder.layers.1.norms.0.bias:weight_decay=0.0
2026/08/04 02:23:40 - mmengine - INFO - paramwise_options -- decode_head.pixel_decoder.encoder.layers.1.norms.1.weight:weight_decay=0.0
2026/08/04 02:23:40 - mmengine - INFO - paramwise_options -- decode_head.pixel_decoder.encoder.layers.1.norms.1.bias:weight_decay=0.0
2026/08/04 02:23:40 - mmengine - INFO - paramwise_options -- decode_head.pixel_decoder.encoder.layers.2.norms.0.weight:weight_decay=0.0
2026/08/04 02:23:40 - mmengine - INFO - paramwise_options -- decode_head.pixel_decoder.encoder.layers.2.norms.0.bias:weight_decay=0.0
2026/08/04 02:23:40 - mmengine - INFO - paramwise_options -- decode_head.pixel_decoder.encoder.layers.2.norms.1.weight:weight_decay=0.0
2026/08/04 02:23:40 - mmengine - INFO - paramwise_options -- decode_head.pixel_decoder.encoder.layers.2.norms.1.bias:weight_decay=0.0
2026/08/04 02:23:40 - mmengine - INFO - paramwise_options -- decode_head.pixel_decoder.encoder.layers.3.norms.0.weight:weight_decay=0.0
2026/08/04 02:23:40 - mmengine - INFO - paramwise_options -- decode_head.pixel_decoder.encoder.layers.3.norms.0.bias:weight_decay=0.0
2026/08/04 02:23:40 - mmengine - INFO - paramwise_options -- decode_head.pixel_decoder.encoder.layers.3.norms.1.weight:weight_decay=0.0
2026/08/04 02:23:40 - mmengine - INFO - paramwise_options -- decode_head.pixel_decoder.encoder.layers.3.norms.1.bias:weight_decay=0.0
2026/08/04 02:23:40 - mmengine - INFO - paramwise_options -- decode_head.pixel_decoder.encoder.layers.4.norms.0.weight:weight_decay=0.0
2026/08/04 02:23:40 - mmengine - INFO - paramwise_options -- decode_head.pixel_decoder.encoder.layers.4.norms.0.bias:weight_decay=0.0
2026/08/04 02:23:40 - mmengine - INFO - paramwise_options -- decode_head.pixel_decoder.encoder.layers.4.norms.1.weight:weight_decay=0.0
2026/08/04 02:23:40 - mmengine - INFO - paramwise_options -- decode_head.pixel_decoder.encoder.layers.4.norms.1.bias:weight_decay=0.0
2026/08/04 02:23:40 - mmengine - INFO - paramwise_options -- decode_head.pixel_decoder.encoder.layers.5.norms.0.weight:weight_decay=0.0
2026/08/04 02:23:40 - mmengine - INFO - paramwise_options -- decode_head.pixel_decoder.encoder.layers.5.norms.0.bias:weight_decay=0.0
2026/08/04 02:23:40 - mmengine - INFO - paramwise_options -- decode_head.pixel_decoder.encoder.layers.5.norms.1.weight:weight_decay=0.0
2026/08/04 02:23:40 - mmengine - INFO - paramwise_options -- decode_head.pixel_decoder.encoder.layers.5.norms.1.bias:weight_decay=0.0
2026/08/04 02:23:40 - mmengine - INFO - paramwise_options -- decode_head.pixel_decoder.lateral_convs.0.gn.weight:weight_decay=0.0
2026/08/04 02:23:40 - mmengine - INFO - paramwise_options -- decode_head.pixel_decoder.lateral_convs.0.gn.bias:weight_decay=0.0
2026/08/04 02:23:40 - mmengine - INFO - paramwise_options -- decode_head.pixel_decoder.output_convs.0.gn.weight:weight_decay=0.0
2026/08/04 02:23:40 - mmengine - INFO - paramwise_options -- decode_head.pixel_decoder.output_convs.0.gn.bias:weight_decay=0.0
2026/08/04 02:23:40 - mmengine - INFO - paramwise_options -- decode_head.transformer_decoder.layers.0.norms.0.weight:weight_decay=0.0
2026/08/04 02:23:40 - mmengine - INFO - paramwise_options -- decode_head.transformer_decoder.layers.0.norms.0.bias:weight_decay=0.0
2026/08/04 02:23:40 - mmengine - INFO - paramwise_options -- decode_head.transformer_decoder.layers.0.norms.1.weight:weight_decay=0.0
2026/08/04 02:23:40 - mmengine - INFO - paramwise_options -- decode_head.transformer_decoder.layers.0.norms.1.bias:weight_decay=0.0
2026/08/04 02:23:40 - mmengine - INFO - paramwise_options -- decode_head.transformer_decoder.layers.0.norms.2.weight:weight_decay=0.0
2026/08/04 02:23:40 - mmengine - INFO - paramwise_options -- decode_head.transformer_decoder.layers.0.norms.2.bias:weight_decay=0.0
2026/08/04 02:23:40 - mmengine - INFO - paramwise_options -- decode_head.transformer_decoder.layers.1.norms.0.weight:weight_decay=0.0
2026/08/04 02:23:40 - mmengine - INFO - paramwise_options -- decode_head.transformer_decoder.layers.1.norms.0.bias:weight_decay=0.0
2026/08/04 02:23:40 - mmengine - INFO - paramwise_options -- decode_head.transformer_decoder.layers.1.norms.1.weight:weight_decay=0.0
2026/08/04 02:23:40 - mmengine - INFO - paramwise_options -- decode_head.transformer_decoder.layers.1.norms.1.bias:weight_decay=0.0
2026/08/04 02:23:40 - mmengine - INFO - paramwise_options -- decode_head.transformer_decoder.layers.1.norms.2.weight:weight_decay=0.0
2026/08/04 02:23:40 - mmengine - INFO - paramwise_options -- decode_head.transformer_decoder.layers.1.norms.2.bias:weight_decay=0.0
2026/08/04 02:23:40 - mmengine - INFO - paramwise_options -- decode_head.transformer_decoder.layers.2.norms.0.weight:weight_decay=0.0
2026/08/04 02:23:40 - mmengine - INFO - paramwise_options -- decode_head.transformer_decoder.layers.2.norms.0.bias:weight_decay=0.0
2026/08/04 02:23:40 - mmengine - INFO - paramwise_options -- decode_head.transformer_decoder.layers.2.norms.1.weight:weight_decay=0.0
2026/08/04 02:23:40 - mmengine - INFO - paramwise_options -- decode_head.transformer_decoder.layers.2.norms.1.bias:weight_decay=0.0
2026/08/04 02:23:40 - mmengine - INFO - paramwise_options -- decode_head.transformer_decoder.layers.2.norms.2.weight:weight_decay=0.0
2026/08/04 02:23:40 - mmengine - INFO - paramwise_options -- decode_head.transformer_decoder.layers.2.norms.2.bias:weight_decay=0.0
2026/08/04 02:23:40 - mmengine - INFO - paramwise_options -- decode_head.transformer_decoder.layers.3.norms.0.weight:weight_decay=0.0
2026/08/04 02:23:40 - mmengine - INFO - paramwise_options -- decode_head.transformer_decoder.layers.3.norms.0.bias:weight_decay=0.0
2026/08/04 02:23:40 - mmengine - INFO - paramwise_options -- decode_head.transformer_decoder.layers.3.norms.1.weight:weight_decay=0.0
2026/08/04 02:23:40 - mmengine - INFO - paramwise_options -- decode_head.transformer_decoder.layers.3.norms.1.bias:weight_decay=0.0
2026/08/04 02:23:40 - mmengine - INFO - paramwise_options -- decode_head.transformer_decoder.layers.3.norms.2.weight:weight_decay=0.0
2026/08/04 02:23:40 - mmengine - INFO - paramwise_options -- decode_head.transformer_decoder.layers.3.norms.2.bias:weight_decay=0.0
2026/08/04 02:23:40 - mmengine - INFO - paramwise_options -- decode_head.transformer_decoder.layers.4.norms.0.weight:weight_decay=0.0
2026/08/04 02:23:40 - mmengine - INFO - paramwise_options -- decode_head.transformer_decoder.layers.4.norms.0.bias:weight_decay=0.0
2026/08/04 02:23:40 - mmengine - INFO - paramwise_options -- decode_head.transformer_decoder.layers.4.norms.1.weight:weight_decay=0.0
2026/08/04 02:23:40 - mmengine - INFO - paramwise_options -- decode_head.transformer_decoder.layers.4.norms.1.bias:weight_decay=0.0
2026/08/04 02:23:40 - mmengine - INFO - paramwise_options -- decode_head.transformer_decoder.layers.4.norms.2.weight:weight_decay=0.0
2026/08/04 02:23:40 - mmengine - INFO - paramwise_options -- decode_head.transformer_decoder.layers.4.norms.2.bias:weight_decay=0.0
2026/08/04 02:23:40 - mmengine - INFO - paramwise_options -- decode_head.transformer_decoder.layers.5.norms.0.weight:weight_decay=0.0
2026/08/04 02:23:40 - mmengine - INFO - paramwise_options -- decode_head.transformer_decoder.layers.5.norms.0.bias:weight_decay=0.0
2026/08/04 02:23:40 - mmengine - INFO - paramwise_options -- decode_head.transformer_decoder.layers.5.norms.1.weight:weight_decay=0.0
2026/08/04 02:23:40 - mmengine - INFO - paramwise_options -- decode_head.transformer_decoder.layers.5.norms.1.bias:weight_decay=0.0
2026/08/04 02:23:40 - mmengine - INFO - paramwise_options -- decode_head.transformer_decoder.layers.5.norms.2.weight:weight_decay=0.0
2026/08/04 02:23:40 - mmengine - INFO - paramwise_options -- decode_head.transformer_decoder.layers.5.norms.2.bias:weight_decay=0.0
2026/08/04 02:23:40 - mmengine - INFO - paramwise_options -- decode_head.transformer_decoder.layers.6.norms.0.weight:weight_decay=0.0
2026/08/04 02:23:40 - mmengine - INFO - paramwise_options -- decode_head.transformer_decoder.layers.6.norms.0.bias:weight_decay=0.0
2026/08/04 02:23:40 - mmengine - INFO - paramwise_options -- decode_head.transformer_decoder.layers.6.norms.1.weight:weight_decay=0.0
2026/08/04 02:23:40 - mmengine - INFO - paramwise_options -- decode_head.transformer_decoder.layers.6.norms.1.bias:weight_decay=0.0
2026/08/04 02:23:40 - mmengine - INFO - paramwise_options -- decode_head.transformer_decoder.layers.6.norms.2.weight:weight_decay=0.0
2026/08/04 02:23:40 - mmengine - INFO - paramwise_options -- decode_head.transformer_decoder.layers.6.norms.2.bias:weight_decay=0.0
2026/08/04 02:23:40 - mmengine - INFO - paramwise_options -- decode_head.transformer_decoder.layers.7.norms.0.weight:weight_decay=0.0
2026/08/04 02:23:40 - mmengine - INFO - paramwise_options -- decode_head.transformer_decoder.layers.7.norms.0.bias:weight_decay=0.0
2026/08/04 02:23:40 - mmengine - INFO - paramwise_options -- decode_head.transformer_decoder.layers.7.norms.1.weight:weight_decay=0.0
2026/08/04 02:23:40 - mmengine - INFO - paramwise_options -- decode_head.transformer_decoder.layers.7.norms.1.bias:weight_decay=0.0
2026/08/04 02:23:40 - mmengine - INFO - paramwise_options -- decode_head.transformer_decoder.layers.7.norms.2.weight:weight_decay=0.0
2026/08/04 02:23:40 - mmengine - INFO - paramwise_options -- decode_head.transformer_decoder.layers.7.norms.2.bias:weight_decay=0.0
2026/08/04 02:23:40 - mmengine - INFO - paramwise_options -- decode_head.transformer_decoder.layers.8.norms.0.weight:weight_decay=0.0
2026/08/04 02:23:40 - mmengine - INFO - paramwise_options -- decode_head.transformer_decoder.layers.8.norms.0.bias:weight_decay=0.0
2026/08/04 02:23:40 - mmengine - INFO - paramwise_options -- decode_head.transformer_decoder.layers.8.norms.1.weight:weight_decay=0.0
2026/08/04 02:23:40 - mmengine - INFO - paramwise_options -- decode_head.transformer_decoder.layers.8.norms.1.bias:weight_decay=0.0
2026/08/04 02:23:40 - mmengine - INFO - paramwise_options -- decode_head.transformer_decoder.layers.8.norms.2.weight:weight_decay=0.0
2026/08/04 02:23:40 - mmengine - INFO - paramwise_options -- decode_head.transformer_decoder.layers.8.norms.2.bias:weight_decay=0.0
2026/08/04 02:23:40 - mmengine - INFO - paramwise_options -- decode_head.transformer_decoder.post_norm.weight:weight_decay=0.0
2026/08/04 02:23:40 - mmengine - INFO - paramwise_options -- decode_head.transformer_decoder.post_norm.bias:weight_decay=0.0
2026/08/04 02:23:42 - mmengine - WARNING - The prefix is not set in metric class IoUMetric.
Name of parameter - Initialization information

backbone.backbone.cls_token - torch.Size([1, 1, 1024]): 
The value is the same before and after calling `init_weights` of EncoderDecoder  

backbone.backbone.storage_tokens - torch.Size([1, 4, 1024]): 
The value is the same before and after calling `init_weights` of EncoderDecoder  

backbone.backbone.mask_token - torch.Size([1, 1024]): 
The value is the same before and after calling `init_weights` of EncoderDecoder  

backbone.backbone.patch_embed.proj.weight - torch.Size([1024, 3, 16, 16]): 
The value is the same before and after calling `init_weights` of EncoderDecoder  

backbone.backbone.patch_embed.proj.bias - torch.Size([1024]): 
The value is the same before and after calling `init_weights` of EncoderDecoder  

backbone.backbone.blocks.0.norm1.weight - torch.Size([1024]): 
The value is the same before and after calling `init_weights` of EncoderDecoder  

backbone.backbone.blocks.0.norm1.bias - torch.Size([1024]): 
The value is the same before and after calling `init_weights` of EncoderDecoder  

backbone.backbone.blocks.0.attn.qkv.weight - torch.Size([3072, 1024]): 
The value is the same before and after calling `init_weights` of EncoderDecoder  

backbone.backbone.blocks.0.attn.qkv.bias - torch.Size([3072]): 
The value is the same before and after calling `init_weights` of EncoderDecoder  

backbone.backbone.blocks.0.attn.proj.weight - torch.Size([1024, 1024]): 
The value is the same before and after calling `init_weights` of EncoderDecoder  

backbone.backbone.blocks.0.attn.proj.bias - torch.Size([1024]): 
The value is the same before and after calling `init_weights` of EncoderDecoder  

backbone.backbone.blocks.0.ls1.gamma - torch.Size([1024]): 
The value is the same before and after calling `init_weights` of EncoderDecoder  

backbone.backbone.blocks.0.norm2.weight - torch.Size([1024]): 
The value is the same before and after calling `init_weights` of EncoderDecoder  

backbone.backbone.blocks.0.norm2.bias - torch.Size([1024]): 
The value is the same before and after calling `init_weights` of EncoderDecoder  

backbone.backbone.blocks.0.mlp.fc1.weight - torch.Size([4096, 1024]): 
The value is the same before and after calling `init_weights` of EncoderDecoder  

backbone.backbone.blocks.0.mlp.fc1.bias - torch.Size([4096]): 
The value is the same before and after calling `init_weights` of EncoderDecoder  

backbone.backbone.blocks.0.mlp.fc2.weight - torch.Size([1024, 4096]): 
The value is the same before and after calling `init_weights` of EncoderDecoder  

backbone.backbone.blocks.0.mlp.fc2.bias - torch.Size([1024]): 
The value is the same before and after calling `init_weights` of EncoderDecoder  

backbone.backbone.blocks.0.ls2.gamma - torch.Size([1024]): 
The value is the same before and after calling `init_weights` of EncoderDecoder  

backbone.backbone.blocks.1.norm1.weight - torch.Size([1024]): 
The value is the same before and after calling `init_weights` of EncoderDecoder  

backbone.backbone.blocks.1.norm1.bias - torch.Size([1024]): 
The value is the same before and after calling `init_weights` of EncoderDecoder  

backbone.backbone.blocks.1.attn.qkv.weight - torch.Size([3072, 1024]): 
The value is the same before and after calling `init_weights` of EncoderDecoder  

backbone.backbone.blocks.1.attn.qkv.bias - torch.Size([3072]): 
The value is the same before and after calling `init_weights` of EncoderDecoder  

backbone.backbone.blocks.1.attn.proj.weight - torch.Size([1024, 1024]): 
The value is the same before and after calling `init_weights` of EncoderDecoder  

backbone.backbone.blocks.1.attn.proj.bias - torch.Size([1024]): 
The value is the same before and after calling `init_weights` of EncoderDecoder  

backbone.backbone.blocks.1.ls1.gamma - torch.Size([1024]): 
The value is the same before and after calling `init_weights` of EncoderDecoder  

backbone.backbone.blocks.1.norm2.weight - torch.Size([1024]): 
The value is the same before and after calling `init_weights` of EncoderDecoder  

backbone.backbone.blocks.1.norm2.bias - torch.Size([1024]): 
The value is the same before and after calling `init_weights` of EncoderDecoder  

backbone.backbone.blocks.1.mlp.fc1.weight - torch.Size([4096, 1024]): 
The value is the same before and after calling `init_weights` of EncoderDecoder  

backbone.backbone.blocks.1.mlp.fc1.bias - torch.Size([4096]): 
The value is the same before and after calling `init_weights` of EncoderDecoder  

backbone.backbone.blocks.1.mlp.fc2.weight - torch.Size([1024, 4096]): 
The value is the same before and after calling `init_weights` of EncoderDecoder  

backbone.backbone.blocks.1.mlp.fc2.bias - torch.Size([1024]): 
The value is the same before and after calling `init_weights` of EncoderDecoder  

backbone.backbone.blocks.1.ls2.gamma - torch.Size([1024]): 
The value is the same before and after calling `init_weights` of EncoderDecoder  

backbone.backbone.blocks.2.norm1.weight - torch.Size([1024]): 
The value is the same before and after calling `init_weights` of EncoderDecoder  

backbone.backbone.blocks.2.norm1.bias - torch.Size([1024]): 
The value is the same before and after calling `init_weights` of EncoderDecoder  

backbone.backbone.blocks.2.attn.qkv.weight - torch.Size([3072, 1024]): 
The value is the same before and after calling `init_weights` of EncoderDecoder  

backbone.backbone.blocks.2.attn.qkv.bias - torch.Size([3072]): 
The value is the same before and after calling `init_weights` of EncoderDecoder  

backbone.backbone.blocks.2.attn.proj.weight - torch.Size([1024, 1024]): 
The value is the same before and after calling `init_weights` of EncoderDecoder  

backbone.backbone.blocks.2.attn.proj.bias - torch.Size([1024]): 
The value is the same before and after calling `init_weights` of EncoderDecoder  

backbone.backbone.blocks.2.ls1.gamma - torch.Size([1024]): 
The value is the same before and after calling `init_weights` of EncoderDecoder  

backbone.backbone.blocks.2.norm2.weight - torch.Size([1024]): 
The value is the same before and after calling `init_weights` of EncoderDecoder  

backbone.backbone.blocks.2.norm2.bias - torch.Size([1024]): 
The value is the same before and after calling `init_weights` of EncoderDecoder  

backbone.backbone.blocks.2.mlp.fc1.weight - torch.Size([4096, 1024]): 
The value is the same before and after calling `init_weights` of EncoderDecoder  

backbone.backbone.blocks.2.mlp.fc1.bias - torch.Size([4096]): 
The value is the same before and after calling `init_weights` of EncoderDecoder  

backbone.backbone.blocks.2.mlp.fc2.weight - torch.Size([1024, 4096]): 
The value is the same before and after calling `init_weights` of EncoderDecoder  

backbone.backbone.blocks.2.mlp.fc2.bias - torch.Size([1024]): 
The value is the same before and after calling `init_weights` of EncoderDecoder  

backbone.backbone.blocks.2.ls2.gamma - torch.Size([1024]): 
The value is the same before and after calling `init_weights` of EncoderDecoder  

backbone.backbone.blocks.3.norm1.weight - torch.Size([1024]): 
The value is the same before and after calling `init_weights` of EncoderDecoder  

backbone.backbone.blocks.3.norm1.bias - torch.Size([1024]): 
The value is the same before and after calling `init_weights` of EncoderDecoder  

backbone.backbone.blocks.3.attn.qkv.weight - torch.Size([3072, 1024]): 
The value is the same before and after calling `init_weights` of EncoderDecoder  

backbone.backbone.blocks.3.attn.qkv.bias - torch.Size([3072]): 
The value is the same before and after calling `init_weights` of EncoderDecoder  

backbone.backbone.blocks.3.attn.proj.weight - torch.Size([1024, 1024]): 
The value is the same before and after calling `init_weights` of EncoderDecoder  

backbone.backbone.blocks.3.attn.proj.bias - torch.Size([1024]): 
The value is the same before and after calling `init_weights` of EncoderDecoder  

backbone.backbone.blocks.3.ls1.gamma - torch.Size([1024]): 
The value is the same before and after calling `init_weights` of EncoderDecoder  

backbone.backbone.blocks.3.norm2.weight - torch.Size([1024]): 
The value is the same before and after calling `init_weights` of EncoderDecoder  

backbone.backbone.blocks.3.norm2.bias - torch.Size([1024]): 
The value is the same before and after calling `init_weights` of EncoderDecoder  

backbone.backbone.blocks.3.mlp.fc1.weight - torch.Size([4096, 1024]): 
The value is the same before and after calling `init_weights` of EncoderDecoder  

backbone.backbone.blocks.3.mlp.fc1.bias - torch.Size([4096]): 
The value is the same before and after calling `init_weights` of EncoderDecoder  

backbone.backbone.blocks.3.mlp.fc2.weight - torch.Size([1024, 4096]): 
The value is the same before and after calling `init_weights` of EncoderDecoder  

backbone.backbone.blocks.3.mlp.fc2.bias - torch.Size([1024]): 
The value is the same before and after calling `init_weights` of EncoderDecoder  

backbone.backbone.blocks.3.ls2.gamma - torch.Size([1024]): 
The value is the same before and after calling `init_weights` of EncoderDecoder  

backbone.backbone.blocks.4.norm1.weight - torch.Size([1024]): 
The value is the same before and after calling `init_weights` of EncoderDecoder  

backbone.backbone.blocks.4.norm1.bias - torch.Size([1024]): 
The value is the same before and after calling `init_weights` of EncoderDecoder  

backbone.backbone.blocks.4.attn.qkv.weight - torch.Size([3072, 1024]): 
The value is the same before and after calling `init_weights` of EncoderDecoder  

backbone.backbone.blocks.4.attn.qkv.bias - torch.Size([3072]): 
The value is the same before and after calling `init_weights` of EncoderDecoder  

backbone.backbone.blocks.4.attn.proj.weight - torch.Size([1024, 1024]): 
The value is the same before and after calling `init_weights` of EncoderDecoder  

backbone.backbone.blocks.4.attn.proj.bias - torch.Size([1024]): 
The value is the same before and after calling `init_weights` of EncoderDecoder  

backbone.backbone.blocks.4.ls1.gamma - torch.Size([1024]): 
The value is the same before and after calling `init_weights` of EncoderDecoder  

backbone.backbone.blocks.4.norm2.weight - torch.Size([1024]): 
The value is the same before and after calling `init_weights` of EncoderDecoder  

backbone.backbone.blocks.4.norm2.bias - torch.Size([1024]): 
The value is the same before and after calling `init_weights` of EncoderDecoder  

backbone.backbone.blocks.4.mlp.fc1.weight - torch.Size([4096, 1024]): 
The value is the same before and after calling `init_weights` of EncoderDecoder  

backbone.backbone.blocks.4.mlp.fc1.bias - torch.Size([4096]): 
The value is the same before and after calling `init_weights` of EncoderDecoder  

backbone.backbone.blocks.4.mlp.fc2.weight - torch.Size([1024, 4096]): 
The value is the same before and after calling `init_weights` of EncoderDecoder  

backbone.backbone.blocks.4.mlp.fc2.bias - torch.Size([1024]): 
The value is the same before and after calling `init_weights` of EncoderDecoder  

backbone.backbone.blocks.4.ls2.gamma - torch.Size([1024]): 
The value is the same before and after calling `init_weights` of EncoderDecoder  

backbone.backbone.blocks.5.norm1.weight - torch.Size([1024]): 
The value is the same before and after calling `init_weights` of EncoderDecoder  

backbone.backbone.blocks.5.norm1.bias - torch.Size([1024]): 
The value is the same before and after calling `init_weights` of EncoderDecoder  

backbone.backbone.blocks.5.attn.qkv.weight - torch.Size([3072, 1024]): 
The value is the same before and after calling `init_weights` of EncoderDecoder  

backbone.backbone.blocks.5.attn.qkv.bias - torch.Size([3072]): 
The value is the same before and after calling `init_weights` of EncoderDecoder  

backbone.backbone.blocks.5.attn.proj.weight - torch.Size([1024, 1024]): 
The value is the same before and after calling `init_weights` of EncoderDecoder  

backbone.backbone.blocks.5.attn.proj.bias - torch.Size([1024]): 
The value is the same before and after calling `init_weights` of EncoderDecoder  

backbone.backbone.blocks.5.ls1.gamma - torch.Size([1024]): 
The value is the same before and after calling `init_weights` of EncoderDecoder  

backbone.backbone.blocks.5.norm2.weight - torch.Size([1024]): 
The value is the same before and after calling `init_weights` of EncoderDecoder  

backbone.backbone.blocks.5.norm2.bias - torch.Size([1024]): 
The value is the same before and after calling `init_weights` of EncoderDecoder  

backbone.backbone.blocks.5.mlp.fc1.weight - torch.Size([4096, 1024]): 
The value is the same before and after calling `init_weights` of EncoderDecoder  

backbone.backbone.blocks.5.mlp.fc1.bias - torch.Size([4096]): 
The value is the same before and after calling `init_weights` of EncoderDecoder  

backbone.backbone.blocks.5.mlp.fc2.weight - torch.Size([1024, 4096]): 
The value is the same before and after calling `init_weights` of EncoderDecoder  

backbone.backbone.blocks.5.mlp.fc2.bias - torch.Size([1024]): 
The value is the same before and after calling `init_weights` of EncoderDecoder  

backbone.backbone.blocks.5.ls2.gamma - torch.Size([1024]): 
The value is the same before and after calling `init_weights` of EncoderDecoder  

backbone.backbone.blocks.6.norm1.weight - torch.Size([1024]): 
The value is the same before and after calling `init_weights` of EncoderDecoder  

backbone.backbone.blocks.6.norm1.bias - torch.Size([1024]): 
The value is the same before and after calling `init_weights` of EncoderDecoder  

backbone.backbone.blocks.6.attn.qkv.weight - torch.Size([3072, 1024]): 
The value is the same before and after calling `init_weights` of EncoderDecoder  

backbone.backbone.blocks.6.attn.qkv.bias - torch.Size([3072]): 
The value is the same before and after calling `init_weights` of EncoderDecoder  

backbone.backbone.blocks.6.attn.proj.weight - torch.Size([1024, 1024]): 
The value is the same before and after calling `init_weights` of EncoderDecoder  

backbone.backbone.blocks.6.attn.proj.bias - torch.Size([1024]): 
The value is the same before and after calling `init_weights` of EncoderDecoder  

backbone.backbone.blocks.6.ls1.gamma - torch.Size([1024]): 
The value is the same before and after calling `init_weights` of EncoderDecoder  

backbone.backbone.blocks.6.norm2.weight - torch.Size([1024]): 
The value is the same before and after calling `init_weights` of EncoderDecoder  

backbone.backbone.blocks.6.norm2.bias - torch.Size([1024]): 
The value is the same before and after calling `init_weights` of EncoderDecoder  

backbone.backbone.blocks.6.mlp.fc1.weight - torch.Size([4096, 1024]): 
The value is the same before and after calling `init_weights` of EncoderDecoder  

backbone.backbone.blocks.6.mlp.fc1.bias - torch.Size([4096]): 
The value is the same before and after calling `init_weights` of EncoderDecoder  

backbone.backbone.blocks.6.mlp.fc2.weight - torch.Size([1024, 4096]): 
The value is the same before and after calling `init_weights` of EncoderDecoder  

backbone.backbone.blocks.6.mlp.fc2.bias - torch.Size([1024]): 
The value is the same before and after calling `init_weights` of EncoderDecoder  

backbone.backbone.blocks.6.ls2.gamma - torch.Size([1024]): 
The value is the same before and after calling `init_weights` of EncoderDecoder  

backbone.backbone.blocks.7.norm1.weight - torch.Size([1024]): 
The value is the same before and after calling `init_weights` of EncoderDecoder  

backbone.backbone.blocks.7.norm1.bias - torch.Size([1024]): 
The value is the same before and after calling `init_weights` of EncoderDecoder  

backbone.backbone.blocks.7.attn.qkv.weight - torch.Size([3072, 1024]): 
The value is the same before and after calling `init_weights` of EncoderDecoder  

backbone.backbone.blocks.7.attn.qkv.bias - torch.Size([3072]): 
The value is the same before and after calling `init_weights` of EncoderDecoder  

backbone.backbone.blocks.7.attn.proj.weight - torch.Size([1024, 1024]): 
The value is the same before and after calling `init_weights` of EncoderDecoder  

backbone.backbone.blocks.7.attn.proj.bias - torch.Size([1024]): 
The value is the same before and after calling `init_weights` of EncoderDecoder  

backbone.backbone.blocks.7.ls1.gamma - torch.Size([1024]): 
The value is the same before and after calling `init_weights` of EncoderDecoder  

backbone.backbone.blocks.7.norm2.weight - torch.Size([1024]): 
The value is the same before and after calling `init_weights` of EncoderDecoder  

backbone.backbone.blocks.7.norm2.bias - torch.Size([1024]): 
The value is the same before and after calling `init_weights` of EncoderDecoder  

backbone.backbone.blocks.7.mlp.fc1.weight - torch.Size([4096, 1024]): 
The value is the same before and after calling `init_weights` of EncoderDecoder  

backbone.backbone.blocks.7.mlp.fc1.bias - torch.Size([4096]): 
The value is the same before and after calling `init_weights` of EncoderDecoder  

backbone.backbone.blocks.7.mlp.fc2.weight - torch.Size([1024, 4096]): 
The value is the same before and after calling `init_weights` of EncoderDecoder  

backbone.backbone.blocks.7.mlp.fc2.bias - torch.Size([1024]): 
The value is the same before and after calling `init_weights` of EncoderDecoder  

backbone.backbone.blocks.7.ls2.gamma - torch.Size([1024]): 
The value is the same before and after calling `init_weights` of EncoderDecoder  

backbone.backbone.blocks.8.norm1.weight - torch.Size([1024]): 
The value is the same before and after calling `init_weights` of EncoderDecoder  

backbone.backbone.blocks.8.norm1.bias - torch.Size([1024]): 
The value is the same before and after calling `init_weights` of EncoderDecoder  

backbone.backbone.blocks.8.attn.qkv.weight - torch.Size([3072, 1024]): 
The value is the same before and after calling `init_weights` of EncoderDecoder  

backbone.backbone.blocks.8.attn.qkv.bias - torch.Size([3072]): 
The value is the same before and after calling `init_weights` of EncoderDecoder  

backbone.backbone.blocks.8.attn.proj.weight - torch.Size([1024, 1024]): 
The value is the same before and after calling `init_weights` of EncoderDecoder  

backbone.backbone.blocks.8.attn.proj.bias - torch.Size([1024]): 
The value is the same before and after calling `init_weights` of EncoderDecoder  

backbone.backbone.blocks.8.ls1.gamma - torch.Size([1024]): 
The value is the same before and after calling `init_weights` of EncoderDecoder  

backbone.backbone.blocks.8.norm2.weight - torch.Size([1024]): 
The value is the same before and after calling `init_weights` of EncoderDecoder  

backbone.backbone.blocks.8.norm2.bias - torch.Size([1024]): 
The value is the same before and after calling `init_weights` of EncoderDecoder  

backbone.backbone.blocks.8.mlp.fc1.weight - torch.Size([4096, 1024]): 
The value is the same before and after calling `init_weights` of EncoderDecoder  

backbone.backbone.blocks.8.mlp.fc1.bias - torch.Size([4096]): 
The value is the same before and after calling `init_weights` of EncoderDecoder  

backbone.backbone.blocks.8.mlp.fc2.weight - torch.Size([1024, 4096]): 
The value is the same before and after calling `init_weights` of EncoderDecoder  

backbone.backbone.blocks.8.mlp.fc2.bias - torch.Size([1024]): 
The value is the same before and after calling `init_weights` of EncoderDecoder  

backbone.backbone.blocks.8.ls2.gamma - torch.Size([1024]): 
The value is the same before and after calling `init_weights` of EncoderDecoder  

backbone.backbone.blocks.9.norm1.weight - torch.Size([1024]): 
The value is the same before and after calling `init_weights` of EncoderDecoder  

backbone.backbone.blocks.9.norm1.bias - torch.Size([1024]): 
The value is the same before and after calling `init_weights` of EncoderDecoder  

backbone.backbone.blocks.9.attn.qkv.weight - torch.Size([3072, 1024]): 
The value is the same before and after calling `init_weights` of EncoderDecoder  

backbone.backbone.blocks.9.attn.qkv.bias - torch.Size([3072]): 
The value is the same before and after calling `init_weights` of EncoderDecoder  

backbone.backbone.blocks.9.attn.proj.weight - torch.Size([1024, 1024]): 
The value is the same before and after calling `init_weights` of EncoderDecoder  

backbone.backbone.blocks.9.attn.proj.bias - torch.Size([1024]): 
The value is the same before and after calling `init_weights` of EncoderDecoder  

backbone.backbone.blocks.9.ls1.gamma - torch.Size([1024]): 
The value is the same before and after calling `init_weights` of EncoderDecoder  

backbone.backbone.blocks.9.norm2.weight - torch.Size([1024]): 
The value is the same before and after calling `init_weights` of EncoderDecoder  

backbone.backbone.blocks.9.norm2.bias - torch.Size([1024]): 
The value is the same before and after calling `init_weights` of EncoderDecoder  

backbone.backbone.blocks.9.mlp.fc1.weight - torch.Size([4096, 1024]): 
The value is the same before and after calling `init_weights` of EncoderDecoder  

backbone.backbone.blocks.9.mlp.fc1.bias - torch.Size([4096]): 
The value is the same before and after calling `init_weights` of EncoderDecoder  

backbone.backbone.blocks.9.mlp.fc2.weight - torch.Size([1024, 4096]): 
The value is the same before and after calling `init_weights` of EncoderDecoder  

backbone.backbone.blocks.9.mlp.fc2.bias - torch.Size([1024]): 
The value is the same before and after calling `init_weights` of EncoderDecoder  

backbone.backbone.blocks.9.ls2.gamma - torch.Size([1024]): 
The value is the same before and after calling `init_weights` of EncoderDecoder  

backbone.backbone.blocks.10.norm1.weight - torch.Size([1024]): 
The value is the same before and after calling `init_weights` of EncoderDecoder  

backbone.backbone.blocks.10.norm1.bias - torch.Size([1024]): 
The value is the same before and after calling `init_weights` of EncoderDecoder  

backbone.backbone.blocks.10.attn.qkv.weight - torch.Size([3072, 1024]): 
The value is the same before and after calling `init_weights` of EncoderDecoder  

backbone.backbone.blocks.10.attn.qkv.bias - torch.Size([3072]): 
The value is the same before and after calling `init_weights` of EncoderDecoder  

backbone.backbone.blocks.10.attn.proj.weight - torch.Size([1024, 1024]): 
The value is the same before and after calling `init_weights` of EncoderDecoder  

backbone.backbone.blocks.10.attn.proj.bias - torch.Size([1024]): 
The value is the same before and after calling `init_weights` of EncoderDecoder  

backbone.backbone.blocks.10.ls1.gamma - torch.Size([1024]): 
The value is the same before and after calling `init_weights` of EncoderDecoder  

backbone.backbone.blocks.10.norm2.weight - torch.Size([1024]): 
The value is the same before and after calling `init_weights` of EncoderDecoder  

backbone.backbone.blocks.10.norm2.bias - torch.Size([1024]): 
The value is the same before and after calling `init_weights` of EncoderDecoder  

backbone.backbone.blocks.10.mlp.fc1.weight - torch.Size([4096, 1024]): 
The value is the same before and after calling `init_weights` of EncoderDecoder  

backbone.backbone.blocks.10.mlp.fc1.bias - torch.Size([4096]): 
The value is the same before and after calling `init_weights` of EncoderDecoder  

backbone.backbone.blocks.10.mlp.fc2.weight - torch.Size([1024, 4096]): 
The value is the same before and after calling `init_weights` of EncoderDecoder  

backbone.backbone.blocks.10.mlp.fc2.bias - torch.Size([1024]): 
The value is the same before and after calling `init_weights` of EncoderDecoder  

backbone.backbone.blocks.10.ls2.gamma - torch.Size([1024]): 
The value is the same before and after calling `init_weights` of EncoderDecoder  

backbone.backbone.blocks.11.norm1.weight - torch.Size([1024]): 
The value is the same before and after calling `init_weights` of EncoderDecoder  

backbone.backbone.blocks.11.norm1.bias - torch.Size([1024]): 
The value is the same before and after calling `init_weights` of EncoderDecoder  

backbone.backbone.blocks.11.attn.qkv.weight - torch.Size([3072, 1024]): 
The value is the same before and after calling `init_weights` of EncoderDecoder  

backbone.backbone.blocks.11.attn.qkv.bias - torch.Size([3072]): 
The value is the same before and after calling `init_weights` of EncoderDecoder  

backbone.backbone.blocks.11.attn.proj.weight - torch.Size([1024, 1024]): 
The value is the same before and after calling `init_weights` of EncoderDecoder  

backbone.backbone.blocks.11.attn.proj.bias - torch.Size([1024]): 
The value is the same before and after calling `init_weights` of EncoderDecoder  

backbone.backbone.blocks.11.ls1.gamma - torch.Size([1024]): 
The value is the same before and after calling `init_weights` of EncoderDecoder  

backbone.backbone.blocks.11.norm2.weight - torch.Size([1024]): 
The value is the same before and after calling `init_weights` of EncoderDecoder  

backbone.backbone.blocks.11.norm2.bias - torch.Size([1024]): 
The value is the same before and after calling `init_weights` of EncoderDecoder  

backbone.backbone.blocks.11.mlp.fc1.weight - torch.Size([4096, 1024]): 
The value is the same before and after calling `init_weights` of EncoderDecoder  

backbone.backbone.blocks.11.mlp.fc1.bias - torch.Size([4096]): 
The value is the same before and after calling `init_weights` of EncoderDecoder  

backbone.backbone.blocks.11.mlp.fc2.weight - torch.Size([1024, 4096]): 
The value is the same before and after calling `init_weights` of EncoderDecoder  

backbone.backbone.blocks.11.mlp.fc2.bias - torch.Size([1024]): 
The value is the same before and after calling `init_weights` of EncoderDecoder  

backbone.backbone.blocks.11.ls2.gamma - torch.Size([1024]): 
The value is the same before and after calling `init_weights` of EncoderDecoder  

backbone.backbone.blocks.12.norm1.weight - torch.Size([1024]): 
The value is the same before and after calling `init_weights` of EncoderDecoder  

backbone.backbone.blocks.12.norm1.bias - torch.Size([1024]): 
The value is the same before and after calling `init_weights` of EncoderDecoder  

backbone.backbone.blocks.12.attn.qkv.weight - torch.Size([3072, 1024]): 
The value is the same before and after calling `init_weights` of EncoderDecoder  

backbone.backbone.blocks.12.attn.qkv.bias - torch.Size([3072]): 
The value is the same before and after calling `init_weights` of EncoderDecoder  

backbone.backbone.blocks.12.attn.proj.weight - torch.Size([1024, 1024]): 
The value is the same before and after calling `init_weights` of EncoderDecoder  

backbone.backbone.blocks.12.attn.proj.bias - torch.Size([1024]): 
The value is the same before and after calling `init_weights` of EncoderDecoder  

backbone.backbone.blocks.12.ls1.gamma - torch.Size([1024]): 
The value is the same before and after calling `init_weights` of EncoderDecoder  

backbone.backbone.blocks.12.norm2.weight - torch.Size([1024]): 
The value is the same before and after calling `init_weights` of EncoderDecoder  

backbone.backbone.blocks.12.norm2.bias - torch.Size([1024]): 
The value is the same before and after calling `init_weights` of EncoderDecoder  

backbone.backbone.blocks.12.mlp.fc1.weight - torch.Size([4096, 1024]): 
The value is the same before and after calling `init_weights` of EncoderDecoder  

backbone.backbone.blocks.12.mlp.fc1.bias - torch.Size([4096]): 
The value is the same before and after calling `init_weights` of EncoderDecoder  

backbone.backbone.blocks.12.mlp.fc2.weight - torch.Size([1024, 4096]): 
The value is the same before and after calling `init_weights` of EncoderDecoder  

backbone.backbone.blocks.12.mlp.fc2.bias - torch.Size([1024]): 
The value is the same before and after calling `init_weights` of EncoderDecoder  

backbone.backbone.blocks.12.ls2.gamma - torch.Size([1024]): 
The value is the same before and after calling `init_weights` of EncoderDecoder  

backbone.backbone.blocks.13.norm1.weight - torch.Size([1024]): 
The value is the same before and after calling `init_weights` of EncoderDecoder  

backbone.backbone.blocks.13.norm1.bias - torch.Size([1024]): 
The value is the same before and after calling `init_weights` of EncoderDecoder  

backbone.backbone.blocks.13.attn.qkv.weight - torch.Size([3072, 1024]): 
The value is the same before and after calling `init_weights` of EncoderDecoder  

backbone.backbone.blocks.13.attn.qkv.bias - torch.Size([3072]): 
The value is the same before and after calling `init_weights` of EncoderDecoder  

backbone.backbone.blocks.13.attn.proj.weight - torch.Size([1024, 1024]): 
The value is the same before and after calling `init_weights` of EncoderDecoder  

backbone.backbone.blocks.13.attn.proj.bias - torch.Size([1024]): 
The value is the same before and after calling `init_weights` of EncoderDecoder  

backbone.backbone.blocks.13.ls1.gamma - torch.Size([1024]): 
The value is the same before and after calling `init_weights` of EncoderDecoder  

backbone.backbone.blocks.13.norm2.weight - torch.Size([1024]): 
The value is the same before and after calling `init_weights` of EncoderDecoder  

backbone.backbone.blocks.13.norm2.bias - torch.Size([1024]): 
The value is the same before and after calling `init_weights` of EncoderDecoder  

backbone.backbone.blocks.13.mlp.fc1.weight - torch.Size([4096, 1024]): 
The value is the same before and after calling `init_weights` of EncoderDecoder  

backbone.backbone.blocks.13.mlp.fc1.bias - torch.Size([4096]): 
The value is the same before and after calling `init_weights` of EncoderDecoder  

backbone.backbone.blocks.13.mlp.fc2.weight - torch.Size([1024, 4096]): 
The value is the same before and after calling `init_weights` of EncoderDecoder  

backbone.backbone.blocks.13.mlp.fc2.bias - torch.Size([1024]): 
The value is the same before and after calling `init_weights` of EncoderDecoder  

backbone.backbone.blocks.13.ls2.gamma - torch.Size([1024]): 
The value is the same before and after calling `init_weights` of EncoderDecoder  

backbone.backbone.blocks.14.norm1.weight - torch.Size([1024]): 
The value is the same before and after calling `init_weights` of EncoderDecoder  

backbone.backbone.blocks.14.norm1.bias - torch.Size([1024]): 
The value is the same before and after calling `init_weights` of EncoderDecoder  

backbone.backbone.blocks.14.attn.qkv.weight - torch.Size([3072, 1024]): 
The value is the same before and after calling `init_weights` of EncoderDecoder  

backbone.backbone.blocks.14.attn.qkv.bias - torch.Size([3072]): 
The value is the same before and after calling `init_weights` of EncoderDecoder  

backbone.backbone.blocks.14.attn.proj.weight - torch.Size([1024, 1024]): 
The value is the same before and after calling `init_weights` of EncoderDecoder  

backbone.backbone.blocks.14.attn.proj.bias - torch.Size([1024]): 
The value is the same before and after calling `init_weights` of EncoderDecoder  

backbone.backbone.blocks.14.ls1.gamma - torch.Size([1024]): 
The value is the same before and after calling `init_weights` of EncoderDecoder  

backbone.backbone.blocks.14.norm2.weight - torch.Size([1024]): 
The value is the same before and after calling `init_weights` of EncoderDecoder  

backbone.backbone.blocks.14.norm2.bias - torch.Size([1024]): 
The value is the same before and after calling `init_weights` of EncoderDecoder  

backbone.backbone.blocks.14.mlp.fc1.weight - torch.Size([4096, 1024]): 
The value is the same before and after calling `init_weights` of EncoderDecoder  

backbone.backbone.blocks.14.mlp.fc1.bias - torch.Size([4096]): 
The value is the same before and after calling `init_weights` of EncoderDecoder  

backbone.backbone.blocks.14.mlp.fc2.weight - torch.Size([1024, 4096]): 
The value is the same before and after calling `init_weights` of EncoderDecoder  

backbone.backbone.blocks.14.mlp.fc2.bias - torch.Size([1024]): 
The value is the same before and after calling `init_weights` of EncoderDecoder  

backbone.backbone.blocks.14.ls2.gamma - torch.Size([1024]): 
The value is the same before and after calling `init_weights` of EncoderDecoder  

backbone.backbone.blocks.15.norm1.weight - torch.Size([1024]): 
The value is the same before and after calling `init_weights` of EncoderDecoder  

backbone.backbone.blocks.15.norm1.bias - torch.Size([1024]): 
The value is the same before and after calling `init_weights` of EncoderDecoder  

backbone.backbone.blocks.15.attn.qkv.weight - torch.Size([3072, 1024]): 
The value is the same before and after calling `init_weights` of EncoderDecoder  

backbone.backbone.blocks.15.attn.qkv.bias - torch.Size([3072]): 
The value is the same before and after calling `init_weights` of EncoderDecoder  

backbone.backbone.blocks.15.attn.proj.weight - torch.Size([1024, 1024]): 
The value is the same before and after calling `init_weights` of EncoderDecoder  

backbone.backbone.blocks.15.attn.proj.bias - torch.Size([1024]): 
The value is the same before and after calling `init_weights` of EncoderDecoder  

backbone.backbone.blocks.15.ls1.gamma - torch.Size([1024]): 
The value is the same before and after calling `init_weights` of EncoderDecoder  

backbone.backbone.blocks.15.norm2.weight - torch.Size([1024]): 
The value is the same before and after calling `init_weights` of EncoderDecoder  

backbone.backbone.blocks.15.norm2.bias - torch.Size([1024]): 
The value is the same before and after calling `init_weights` of EncoderDecoder  

backbone.backbone.blocks.15.mlp.fc1.weight - torch.Size([4096, 1024]): 
The value is the same before and after calling `init_weights` of EncoderDecoder  

backbone.backbone.blocks.15.mlp.fc1.bias - torch.Size([4096]): 
The value is the same before and after calling `init_weights` of EncoderDecoder  

backbone.backbone.blocks.15.mlp.fc2.weight - torch.Size([1024, 4096]): 
The value is the same before and after calling `init_weights` of EncoderDecoder  

backbone.backbone.blocks.15.mlp.fc2.bias - torch.Size([1024]): 
The value is the same before and after calling `init_weights` of EncoderDecoder  

backbone.backbone.blocks.15.ls2.gamma - torch.Size([1024]): 
The value is the same before and after calling `init_weights` of EncoderDecoder  

backbone.backbone.blocks.16.norm1.weight - torch.Size([1024]): 
The value is the same before and after calling `init_weights` of EncoderDecoder  

backbone.backbone.blocks.16.norm1.bias - torch.Size([1024]): 
The value is the same before and after calling `init_weights` of EncoderDecoder  

backbone.backbone.blocks.16.attn.qkv.weight - torch.Size([3072, 1024]): 
The value is the same before and after calling `init_weights` of EncoderDecoder  

backbone.backbone.blocks.16.attn.qkv.bias - torch.Size([3072]): 
The value is the same before and after calling `init_weights` of EncoderDecoder  

backbone.backbone.blocks.16.attn.proj.weight - torch.Size([1024, 1024]): 
The value is the same before and after calling `init_weights` of EncoderDecoder  

backbone.backbone.blocks.16.attn.proj.bias - torch.Size([1024]): 
The value is the same before and after calling `init_weights` of EncoderDecoder  

backbone.backbone.blocks.16.ls1.gamma - torch.Size([1024]): 
The value is the same before and after calling `init_weights` of EncoderDecoder  

backbone.backbone.blocks.16.norm2.weight - torch.Size([1024]): 
The value is the same before and after calling `init_weights` of EncoderDecoder  

backbone.backbone.blocks.16.norm2.bias - torch.Size([1024]): 
The value is the same before and after calling `init_weights` of EncoderDecoder  

backbone.backbone.blocks.16.mlp.fc1.weight - torch.Size([4096, 1024]): 
The value is the same before and after calling `init_weights` of EncoderDecoder  

backbone.backbone.blocks.16.mlp.fc1.bias - torch.Size([4096]): 
The value is the same before and after calling `init_weights` of EncoderDecoder  

backbone.backbone.blocks.16.mlp.fc2.weight - torch.Size([1024, 4096]): 
The value is the same before and after calling `init_weights` of EncoderDecoder  

backbone.backbone.blocks.16.mlp.fc2.bias - torch.Size([1024]): 
The value is the same before and after calling `init_weights` of EncoderDecoder  

backbone.backbone.blocks.16.ls2.gamma - torch.Size([1024]): 
The value is the same before and after calling `init_weights` of EncoderDecoder  

backbone.backbone.blocks.17.norm1.weight - torch.Size([1024]): 
The value is the same before and after calling `init_weights` of EncoderDecoder  

backbone.backbone.blocks.17.norm1.bias - torch.Size([1024]): 
The value is the same before and after calling `init_weights` of EncoderDecoder  

backbone.backbone.blocks.17.attn.qkv.weight - torch.Size([3072, 1024]): 
The value is the same before and after calling `init_weights` of EncoderDecoder  

backbone.backbone.blocks.17.attn.qkv.bias - torch.Size([3072]): 
The value is the same before and after calling `init_weights` of EncoderDecoder  

backbone.backbone.blocks.17.attn.proj.weight - torch.Size([1024, 1024]): 
The value is the same before and after calling `init_weights` of EncoderDecoder  

backbone.backbone.blocks.17.attn.proj.bias - torch.Size([1024]): 
The value is the same before and after calling `init_weights` of EncoderDecoder  

backbone.backbone.blocks.17.ls1.gamma - torch.Size([1024]): 
The value is the same before and after calling `init_weights` of EncoderDecoder  

backbone.backbone.blocks.17.norm2.weight - torch.Size([1024]): 
The value is the same before and after calling `init_weights` of EncoderDecoder  

backbone.backbone.blocks.17.norm2.bias - torch.Size([1024]): 
The value is the same before and after calling `init_weights` of EncoderDecoder  

backbone.backbone.blocks.17.mlp.fc1.weight - torch.Size([4096, 1024]): 
The value is the same before and after calling `init_weights` of EncoderDecoder  

backbone.backbone.blocks.17.mlp.fc1.bias - torch.Size([4096]): 
The value is the same before and after calling `init_weights` of EncoderDecoder  

backbone.backbone.blocks.17.mlp.fc2.weight - torch.Size([1024, 4096]): 
The value is the same before and after calling `init_weights` of EncoderDecoder  

backbone.backbone.blocks.17.mlp.fc2.bias - torch.Size([1024]): 
The value is the same before and after calling `init_weights` of EncoderDecoder  

backbone.backbone.blocks.17.ls2.gamma - torch.Size([1024]): 
The value is the same before and after calling `init_weights` of EncoderDecoder  

backbone.backbone.blocks.18.norm1.weight - torch.Size([1024]): 
The value is the same before and after calling `init_weights` of EncoderDecoder  

backbone.backbone.blocks.18.norm1.bias - torch.Size([1024]): 
The value is the same before and after calling `init_weights` of EncoderDecoder  

backbone.backbone.blocks.18.attn.qkv.weight - torch.Size([3072, 1024]): 
The value is the same before and after calling `init_weights` of EncoderDecoder  

backbone.backbone.blocks.18.attn.qkv.bias - torch.Size([3072]): 
The value is the same before and after calling `init_weights` of EncoderDecoder  

backbone.backbone.blocks.18.attn.proj.weight - torch.Size([1024, 1024]): 
The value is the same before and after calling `init_weights` of EncoderDecoder  

backbone.backbone.blocks.18.attn.proj.bias - torch.Size([1024]): 
The value is the same before and after calling `init_weights` of EncoderDecoder  

backbone.backbone.blocks.18.ls1.gamma - torch.Size([1024]): 
The value is the same before and after calling `init_weights` of EncoderDecoder  

backbone.backbone.blocks.18.norm2.weight - torch.Size([1024]): 
The value is the same before and after calling `init_weights` of EncoderDecoder  

backbone.backbone.blocks.18.norm2.bias - torch.Size([1024]): 
The value is the same before and after calling `init_weights` of EncoderDecoder  

backbone.backbone.blocks.18.mlp.fc1.weight - torch.Size([4096, 1024]): 
The value is the same before and after calling `init_weights` of EncoderDecoder  

backbone.backbone.blocks.18.mlp.fc1.bias - torch.Size([4096]): 
The value is the same before and after calling `init_weights` of EncoderDecoder  

backbone.backbone.blocks.18.mlp.fc2.weight - torch.Size([1024, 4096]): 
The value is the same before and after calling `init_weights` of EncoderDecoder  

backbone.backbone.blocks.18.mlp.fc2.bias - torch.Size([1024]): 
The value is the same before and after calling `init_weights` of EncoderDecoder  

backbone.backbone.blocks.18.ls2.gamma - torch.Size([1024]): 
The value is the same before and after calling `init_weights` of EncoderDecoder  

backbone.backbone.blocks.19.norm1.weight - torch.Size([1024]): 
The value is the same before and after calling `init_weights` of EncoderDecoder  

backbone.backbone.blocks.19.norm1.bias - torch.Size([1024]): 
The value is the same before and after calling `init_weights` of EncoderDecoder  

backbone.backbone.blocks.19.attn.qkv.weight - torch.Size([3072, 1024]): 
The value is the same before and after calling `init_weights` of EncoderDecoder  

backbone.backbone.blocks.19.attn.qkv.bias - torch.Size([3072]): 
The value is the same before and after calling `init_weights` of EncoderDecoder  

backbone.backbone.blocks.19.attn.proj.weight - torch.Size([1024, 1024]): 
The value is the same before and after calling `init_weights` of EncoderDecoder  

backbone.backbone.blocks.19.attn.proj.bias - torch.Size([1024]): 
The value is the same before and after calling `init_weights` of EncoderDecoder  

backbone.backbone.blocks.19.ls1.gamma - torch.Size([1024]): 
The value is the same before and after calling `init_weights` of EncoderDecoder  

backbone.backbone.blocks.19.norm2.weight - torch.Size([1024]): 
The value is the same before and after calling `init_weights` of EncoderDecoder  

backbone.backbone.blocks.19.norm2.bias - torch.Size([1024]): 
The value is the same before and after calling `init_weights` of EncoderDecoder  

backbone.backbone.blocks.19.mlp.fc1.weight - torch.Size([4096, 1024]): 
The value is the same before and after calling `init_weights` of EncoderDecoder  

backbone.backbone.blocks.19.mlp.fc1.bias - torch.Size([4096]): 
The value is the same before and after calling `init_weights` of EncoderDecoder  

backbone.backbone.blocks.19.mlp.fc2.weight - torch.Size([1024, 4096]): 
The value is the same before and after calling `init_weights` of EncoderDecoder  

backbone.backbone.blocks.19.mlp.fc2.bias - torch.Size([1024]): 
The value is the same before and after calling `init_weights` of EncoderDecoder  

backbone.backbone.blocks.19.ls2.gamma - torch.Size([1024]): 
The value is the same before and after calling `init_weights` of EncoderDecoder  

backbone.backbone.blocks.20.norm1.weight - torch.Size([1024]): 
The value is the same before and after calling `init_weights` of EncoderDecoder  

backbone.backbone.blocks.20.norm1.bias - torch.Size([1024]): 
The value is the same before and after calling `init_weights` of EncoderDecoder  

backbone.backbone.blocks.20.attn.qkv.weight - torch.Size([3072, 1024]): 
The value is the same before and after calling `init_weights` of EncoderDecoder  

backbone.backbone.blocks.20.attn.qkv.bias - torch.Size([3072]): 
The value is the same before and after calling `init_weights` of EncoderDecoder  

backbone.backbone.blocks.20.attn.proj.weight - torch.Size([1024, 1024]): 
The value is the same before and after calling `init_weights` of EncoderDecoder  

backbone.backbone.blocks.20.attn.proj.bias - torch.Size([1024]): 
The value is the same before and after calling `init_weights` of EncoderDecoder  

backbone.backbone.blocks.20.ls1.gamma - torch.Size([1024]): 
The value is the same before and after calling `init_weights` of EncoderDecoder  

backbone.backbone.blocks.20.norm2.weight - torch.Size([1024]): 
The value is the same before and after calling `init_weights` of EncoderDecoder  

backbone.backbone.blocks.20.norm2.bias - torch.Size([1024]): 
The value is the same before and after calling `init_weights` of EncoderDecoder  

backbone.backbone.blocks.20.mlp.fc1.weight - torch.Size([4096, 1024]): 
The value is the same before and after calling `init_weights` of EncoderDecoder  

backbone.backbone.blocks.20.mlp.fc1.bias - torch.Size([4096]): 
The value is the same before and after calling `init_weights` of EncoderDecoder  

backbone.backbone.blocks.20.mlp.fc2.weight - torch.Size([1024, 4096]): 
The value is the same before and after calling `init_weights` of EncoderDecoder  

backbone.backbone.blocks.20.mlp.fc2.bias - torch.Size([1024]): 
The value is the same before and after calling `init_weights` of EncoderDecoder  

backbone.backbone.blocks.20.ls2.gamma - torch.Size([1024]): 
The value is the same before and after calling `init_weights` of EncoderDecoder  

backbone.backbone.blocks.21.norm1.weight - torch.Size([1024]): 
The value is the same before and after calling `init_weights` of EncoderDecoder  

backbone.backbone.blocks.21.norm1.bias - torch.Size([1024]): 
The value is the same before and after calling `init_weights` of EncoderDecoder  

backbone.backbone.blocks.21.attn.qkv.weight - torch.Size([3072, 1024]): 
The value is the same before and after calling `init_weights` of EncoderDecoder  

backbone.backbone.blocks.21.attn.qkv.bias - torch.Size([3072]): 
The value is the same before and after calling `init_weights` of EncoderDecoder  

backbone.backbone.blocks.21.attn.proj.weight - torch.Size([1024, 1024]): 
The value is the same before and after calling `init_weights` of EncoderDecoder  

backbone.backbone.blocks.21.attn.proj.bias - torch.Size([1024]): 
The value is the same before and after calling `init_weights` of EncoderDecoder  

backbone.backbone.blocks.21.ls1.gamma - torch.Size([1024]): 
The value is the same before and after calling `init_weights` of EncoderDecoder  

backbone.backbone.blocks.21.norm2.weight - torch.Size([1024]): 
The value is the same before and after calling `init_weights` of EncoderDecoder  

backbone.backbone.blocks.21.norm2.bias - torch.Size([1024]): 
The value is the same before and after calling `init_weights` of EncoderDecoder  

backbone.backbone.blocks.21.mlp.fc1.weight - torch.Size([4096, 1024]): 
The value is the same before and after calling `init_weights` of EncoderDecoder  

backbone.backbone.blocks.21.mlp.fc1.bias - torch.Size([4096]): 
The value is the same before and after calling `init_weights` of EncoderDecoder  

backbone.backbone.blocks.21.mlp.fc2.weight - torch.Size([1024, 4096]): 
The value is the same before and after calling `init_weights` of EncoderDecoder  

backbone.backbone.blocks.21.mlp.fc2.bias - torch.Size([1024]): 
The value is the same before and after calling `init_weights` of EncoderDecoder  

backbone.backbone.blocks.21.ls2.gamma - torch.Size([1024]): 
The value is the same before and after calling `init_weights` of EncoderDecoder  

backbone.backbone.blocks.22.norm1.weight - torch.Size([1024]): 
The value is the same before and after calling `init_weights` of EncoderDecoder  

backbone.backbone.blocks.22.norm1.bias - torch.Size([1024]): 
The value is the same before and after calling `init_weights` of EncoderDecoder  

backbone.backbone.blocks.22.attn.qkv.weight - torch.Size([3072, 1024]): 
The value is the same before and after calling `init_weights` of EncoderDecoder  

backbone.backbone.blocks.22.attn.qkv.bias - torch.Size([3072]): 
The value is the same before and after calling `init_weights` of EncoderDecoder  

backbone.backbone.blocks.22.attn.proj.weight - torch.Size([1024, 1024]): 
The value is the same before and after calling `init_weights` of EncoderDecoder  

backbone.backbone.blocks.22.attn.proj.bias - torch.Size([1024]): 
The value is the same before and after calling `init_weights` of EncoderDecoder  

backbone.backbone.blocks.22.ls1.gamma - torch.Size([1024]): 
The value is the same before and after calling `init_weights` of EncoderDecoder  

backbone.backbone.blocks.22.norm2.weight - torch.Size([1024]): 
The value is the same before and after calling `init_weights` of EncoderDecoder  

backbone.backbone.blocks.22.norm2.bias - torch.Size([1024]): 
The value is the same before and after calling `init_weights` of EncoderDecoder  

backbone.backbone.blocks.22.mlp.fc1.weight - torch.Size([4096, 1024]): 
The value is the same before and after calling `init_weights` of EncoderDecoder  

backbone.backbone.blocks.22.mlp.fc1.bias - torch.Size([4096]): 
The value is the same before and after calling `init_weights` of EncoderDecoder  

backbone.backbone.blocks.22.mlp.fc2.weight - torch.Size([1024, 4096]): 
The value is the same before and after calling `init_weights` of EncoderDecoder  

backbone.backbone.blocks.22.mlp.fc2.bias - torch.Size([1024]): 
The value is the same before and after calling `init_weights` of EncoderDecoder  

backbone.backbone.blocks.22.ls2.gamma - torch.Size([1024]): 
The value is the same before and after calling `init_weights` of EncoderDecoder  

backbone.backbone.blocks.23.norm1.weight - torch.Size([1024]): 
The value is the same before and after calling `init_weights` of EncoderDecoder  

backbone.backbone.blocks.23.norm1.bias - torch.Size([1024]): 
The value is the same before and after calling `init_weights` of EncoderDecoder  

backbone.backbone.blocks.23.attn.qkv.weight - torch.Size([3072, 1024]): 
The value is the same before and after calling `init_weights` of EncoderDecoder  

backbone.backbone.blocks.23.attn.qkv.bias - torch.Size([3072]): 
The value is the same before and after calling `init_weights` of EncoderDecoder  

backbone.backbone.blocks.23.attn.proj.weight - torch.Size([1024, 1024]): 
The value is the same before and after calling `init_weights` of EncoderDecoder  

backbone.backbone.blocks.23.attn.proj.bias - torch.Size([1024]): 
The value is the same before and after calling `init_weights` of EncoderDecoder  

backbone.backbone.blocks.23.ls1.gamma - torch.Size([1024]): 
The value is the same before and after calling `init_weights` of EncoderDecoder  

backbone.backbone.blocks.23.norm2.weight - torch.Size([1024]): 
The value is the same before and after calling `init_weights` of EncoderDecoder  

backbone.backbone.blocks.23.norm2.bias - torch.Size([1024]): 
The value is the same before and after calling `init_weights` of EncoderDecoder  

backbone.backbone.blocks.23.mlp.fc1.weight - torch.Size([4096, 1024]): 
The value is the same before and after calling `init_weights` of EncoderDecoder  

backbone.backbone.blocks.23.mlp.fc1.bias - torch.Size([4096]): 
The value is the same before and after calling `init_weights` of EncoderDecoder  

backbone.backbone.blocks.23.mlp.fc2.weight - torch.Size([1024, 4096]): 
The value is the same before and after calling `init_weights` of EncoderDecoder  

backbone.backbone.blocks.23.mlp.fc2.bias - torch.Size([1024]): 
The value is the same before and after calling `init_weights` of EncoderDecoder  

backbone.backbone.blocks.23.ls2.gamma - torch.Size([1024]): 
The value is the same before and after calling `init_weights` of EncoderDecoder  

backbone.backbone.norm.weight - torch.Size([1024]): 
The value is the same before and after calling `init_weights` of EncoderDecoder  

backbone.backbone.norm.bias - torch.Size([1024]): 
The value is the same before and after calling `init_weights` of EncoderDecoder  

backbone.adapter.level_embed - torch.Size([3, 1024]): 
The value is the same before and after calling `init_weights` of EncoderDecoder  

backbone.adapter.spm.stem.0.weight - torch.Size([64, 3, 3, 3]): 
The value is the same before and after calling `init_weights` of EncoderDecoder  

backbone.adapter.spm.stem.1.weight - torch.Size([64]): 
The value is the same before and after calling `init_weights` of EncoderDecoder  

backbone.adapter.spm.stem.1.bias - torch.Size([64]): 
The value is the same before and after calling `init_weights` of EncoderDecoder  

backbone.adapter.spm.stem.3.weight - torch.Size([64, 64, 3, 3]): 
The value is the same before and after calling `init_weights` of EncoderDecoder  

backbone.adapter.spm.stem.4.weight - torch.Size([64]): 
The value is the same before and after calling `init_weights` of EncoderDecoder  

backbone.adapter.spm.stem.4.bias - torch.Size([64]): 
The value is the same before and after calling `init_weights` of EncoderDecoder  

backbone.adapter.spm.stem.6.weight - torch.Size([64, 64, 3, 3]): 
The value is the same before and after calling `init_weights` of EncoderDecoder  

backbone.adapter.spm.stem.7.weight - torch.Size([64]): 
The value is the same before and after calling `init_weights` of EncoderDecoder  

backbone.adapter.spm.stem.7.bias - torch.Size([64]): 
The value is the same before and after calling `init_weights` of EncoderDecoder  

backbone.adapter.spm.conv2.0.weight - torch.Size([128, 64, 3, 3]): 
The value is the same before and after calling `init_weights` of EncoderDecoder  

backbone.adapter.spm.conv2.1.weight - torch.Size([128]): 
The value is the same before and after calling `init_weights` of EncoderDecoder  

backbone.adapter.spm.conv2.1.bias - torch.Size([128]): 
The value is the same before and after calling `init_weights` of EncoderDecoder  

backbone.adapter.spm.conv3.0.weight - torch.Size([256, 128, 3, 3]): 
The value is the same before and after calling `init_weights` of EncoderDecoder  

backbone.adapter.spm.conv3.1.weight - torch.Size([256]): 
The value is the same before and after calling `init_weights` of EncoderDecoder  

backbone.adapter.spm.conv3.1.bias - torch.Size([256]): 
The value is the same before and after calling `init_weights` of EncoderDecoder  

backbone.adapter.spm.conv4.0.weight - torch.Size([256, 256, 3, 3]): 
The value is the same before and after calling `init_weights` of EncoderDecoder  

backbone.adapter.spm.conv4.1.weight - torch.Size([256]): 
The value is the same before and after calling `init_weights` of EncoderDecoder  

backbone.adapter.spm.conv4.1.bias - torch.Size([256]): 
The value is the same before and after calling `init_weights` of EncoderDecoder  

backbone.adapter.spm.fc1.weight - torch.Size([1024, 64, 1, 1]): 
The value is the same before and after calling `init_weights` of EncoderDecoder  

backbone.adapter.spm.fc1.bias - torch.Size([1024]): 
The value is the same before and after calling `init_weights` of EncoderDecoder  

backbone.adapter.spm.fc2.weight - torch.Size([1024, 128, 1, 1]): 
The value is the same before and after calling `init_weights` of EncoderDecoder  

backbone.adapter.spm.fc2.bias - torch.Size([1024]): 
The value is the same before and after calling `init_weights` of EncoderDecoder  

backbone.adapter.spm.fc3.weight - torch.Size([1024, 256, 1, 1]): 
The value is the same before and after calling `init_weights` of EncoderDecoder  

backbone.adapter.spm.fc3.bias - torch.Size([1024]): 
The value is the same before and after calling `init_weights` of EncoderDecoder  

backbone.adapter.spm.fc4.weight - torch.Size([1024, 256, 1, 1]): 
The value is the same before and after calling `init_weights` of EncoderDecoder  

backbone.adapter.spm.fc4.bias - torch.Size([1024]): 
The value is the same before and after calling `init_weights` of EncoderDecoder  

backbone.adapter.interactions.0.extractor.query_norm.weight - torch.Size([1024]): 
The value is the same before and after calling `init_weights` of EncoderDecoder  

backbone.adapter.interactions.0.extractor.query_norm.bias - torch.Size([1024]): 
The value is the same before and after calling `init_weights` of EncoderDecoder  

backbone.adapter.interactions.0.extractor.feat_norm.weight - torch.Size([1024]): 
The value is the same before and after calling `init_weights` of EncoderDecoder  

backbone.adapter.interactions.0.extractor.feat_norm.bias - torch.Size([1024]): 
The value is the same before and after calling `init_weights` of EncoderDecoder  

backbone.adapter.interactions.0.extractor.attn.attn.sampling_offsets.weight - torch.Size([128, 1024]): 
The value is the same before and after calling `init_weights` of EncoderDecoder  

backbone.adapter.interactions.0.extractor.attn.attn.sampling_offsets.bias - torch.Size([128]): 
The value is the same before and after calling `init_weights` of EncoderDecoder  

backbone.adapter.interactions.0.extractor.attn.attn.attention_weights.weight - torch.Size([64, 1024]): 
The value is the same before and after calling `init_weights` of EncoderDecoder  

backbone.adapter.interactions.0.extractor.attn.attn.attention_weights.bias - torch.Size([64]): 
The value is the same before and after calling `init_weights` of EncoderDecoder  

backbone.adapter.interactions.0.extractor.attn.attn.value_proj.weight - torch.Size([1024, 1024]): 
The value is the same before and after calling `init_weights` of EncoderDecoder  

backbone.adapter.interactions.0.extractor.attn.attn.value_proj.bias - torch.Size([1024]): 
The value is the same before and after calling `init_weights` of EncoderDecoder  

backbone.adapter.interactions.0.extractor.attn.attn.output_proj.weight - torch.Size([1024, 1024]): 
The value is the same before and after calling `init_weights` of EncoderDecoder  

backbone.adapter.interactions.0.extractor.attn.attn.output_proj.bias - torch.Size([1024]): 
The value is the same before and after calling `init_weights` of EncoderDecoder  

backbone.adapter.interactions.0.extractor.ffn.fc1.weight - torch.Size([256, 1024]): 
The value is the same before and after calling `init_weights` of EncoderDecoder  

backbone.adapter.interactions.0.extractor.ffn.fc1.bias - torch.Size([256]): 
The value is the same before and after calling `init_weights` of EncoderDecoder  

backbone.adapter.interactions.0.extractor.ffn.dwconv.dwconv.weight - torch.Size([256, 1, 3, 3]): 
The value is the same before and after calling `init_weights` of EncoderDecoder  

backbone.adapter.interactions.0.extractor.ffn.dwconv.dwconv.bias - torch.Size([256]): 
The value is the same before and after calling `init_weights` of EncoderDecoder  

backbone.adapter.interactions.0.extractor.ffn.fc2.weight - torch.Size([1024, 256]): 
The value is the same before and after calling `init_weights` of EncoderDecoder  

backbone.adapter.interactions.0.extractor.ffn.fc2.bias - torch.Size([1024]): 
The value is the same before and after calling `init_weights` of EncoderDecoder  

backbone.adapter.interactions.0.extractor.ffn_norm.weight - torch.Size([1024]): 
The value is the same before and after calling `init_weights` of EncoderDecoder  

backbone.adapter.interactions.0.extractor.ffn_norm.bias - torch.Size([1024]): 
The value is the same before and after calling `init_weights` of EncoderDecoder  

backbone.adapter.interactions.1.extractor.query_norm.weight - torch.Size([1024]): 
The value is the same before and after calling `init_weights` of EncoderDecoder  

backbone.adapter.interactions.1.extractor.query_norm.bias - torch.Size([1024]): 
The value is the same before and after calling `init_weights` of EncoderDecoder  

backbone.adapter.interactions.1.extractor.feat_norm.weight - torch.Size([1024]): 
The value is the same before and after calling `init_weights` of EncoderDecoder  

backbone.adapter.interactions.1.extractor.feat_norm.bias - torch.Size([1024]): 
The value is the same before and after calling `init_weights` of EncoderDecoder  

backbone.adapter.interactions.1.extractor.attn.attn.sampling_offsets.weight - torch.Size([128, 1024]): 
The value is the same before and after calling `init_weights` of EncoderDecoder  

backbone.adapter.interactions.1.extractor.attn.attn.sampling_offsets.bias - torch.Size([128]): 
The value is the same before and after calling `init_weights` of EncoderDecoder  

backbone.adapter.interactions.1.extractor.attn.attn.attention_weights.weight - torch.Size([64, 1024]): 
The value is the same before and after calling `init_weights` of EncoderDecoder  

backbone.adapter.interactions.1.extractor.attn.attn.attention_weights.bias - torch.Size([64]): 
The value is the same before and after calling `init_weights` of EncoderDecoder  

backbone.adapter.interactions.1.extractor.attn.attn.value_proj.weight - torch.Size([1024, 1024]): 
The value is the same before and after calling `init_weights` of EncoderDecoder  

backbone.adapter.interactions.1.extractor.attn.attn.value_proj.bias - torch.Size([1024]): 
The value is the same before and after calling `init_weights` of EncoderDecoder  

backbone.adapter.interactions.1.extractor.attn.attn.output_proj.weight - torch.Size([1024, 1024]): 
The value is the same before and after calling `init_weights` of EncoderDecoder  

backbone.adapter.interactions.1.extractor.attn.attn.output_proj.bias - torch.Size([1024]): 
The value is the same before and after calling `init_weights` of EncoderDecoder  

backbone.adapter.interactions.1.extractor.ffn.fc1.weight - torch.Size([256, 1024]): 
The value is the same before and after calling `init_weights` of EncoderDecoder  

backbone.adapter.interactions.1.extractor.ffn.fc1.bias - torch.Size([256]): 
The value is the same before and after calling `init_weights` of EncoderDecoder  

backbone.adapter.interactions.1.extractor.ffn.dwconv.dwconv.weight - torch.Size([256, 1, 3, 3]): 
The value is the same before and after calling `init_weights` of EncoderDecoder  

backbone.adapter.interactions.1.extractor.ffn.dwconv.dwconv.bias - torch.Size([256]): 
The value is the same before and after calling `init_weights` of EncoderDecoder  

backbone.adapter.interactions.1.extractor.ffn.fc2.weight - torch.Size([1024, 256]): 
The value is the same before and after calling `init_weights` of EncoderDecoder  

backbone.adapter.interactions.1.extractor.ffn.fc2.bias - torch.Size([1024]): 
The value is the same before and after calling `init_weights` of EncoderDecoder  

backbone.adapter.interactions.1.extractor.ffn_norm.weight - torch.Size([1024]): 
The value is the same before and after calling `init_weights` of EncoderDecoder  

backbone.adapter.interactions.1.extractor.ffn_norm.bias - torch.Size([1024]): 
The value is the same before and after calling `init_weights` of EncoderDecoder  

backbone.adapter.interactions.2.extractor.query_norm.weight - torch.Size([1024]): 
The value is the same before and after calling `init_weights` of EncoderDecoder  

backbone.adapter.interactions.2.extractor.query_norm.bias - torch.Size([1024]): 
The value is the same before and after calling `init_weights` of EncoderDecoder  

backbone.adapter.interactions.2.extractor.feat_norm.weight - torch.Size([1024]): 
The value is the same before and after calling `init_weights` of EncoderDecoder  

backbone.adapter.interactions.2.extractor.feat_norm.bias - torch.Size([1024]): 
The value is the same before and after calling `init_weights` of EncoderDecoder  

backbone.adapter.interactions.2.extractor.attn.attn.sampling_offsets.weight - torch.Size([128, 1024]): 
The value is the same before and after calling `init_weights` of EncoderDecoder  

backbone.adapter.interactions.2.extractor.attn.attn.sampling_offsets.bias - torch.Size([128]): 
The value is the same before and after calling `init_weights` of EncoderDecoder  

backbone.adapter.interactions.2.extractor.attn.attn.attention_weights.weight - torch.Size([64, 1024]): 
The value is the same before and after calling `init_weights` of EncoderDecoder  

backbone.adapter.interactions.2.extractor.attn.attn.attention_weights.bias - torch.Size([64]): 
The value is the same before and after calling `init_weights` of EncoderDecoder  

backbone.adapter.interactions.2.extractor.attn.attn.value_proj.weight - torch.Size([1024, 1024]): 
The value is the same before and after calling `init_weights` of EncoderDecoder  

backbone.adapter.interactions.2.extractor.attn.attn.value_proj.bias - torch.Size([1024]): 
The value is the same before and after calling `init_weights` of EncoderDecoder  

backbone.adapter.interactions.2.extractor.attn.attn.output_proj.weight - torch.Size([1024, 1024]): 
The value is the same before and after calling `init_weights` of EncoderDecoder  

backbone.adapter.interactions.2.extractor.attn.attn.output_proj.bias - torch.Size([1024]): 
The value is the same before and after calling `init_weights` of EncoderDecoder  

backbone.adapter.interactions.2.extractor.ffn.fc1.weight - torch.Size([256, 1024]): 
The value is the same before and after calling `init_weights` of EncoderDecoder  

backbone.adapter.interactions.2.extractor.ffn.fc1.bias - torch.Size([256]): 
The value is the same before and after calling `init_weights` of EncoderDecoder  

backbone.adapter.interactions.2.extractor.ffn.dwconv.dwconv.weight - torch.Size([256, 1, 3, 3]): 
The value is the same before and after calling `init_weights` of EncoderDecoder  

backbone.adapter.interactions.2.extractor.ffn.dwconv.dwconv.bias - torch.Size([256]): 
The value is the same before and after calling `init_weights` of EncoderDecoder  

backbone.adapter.interactions.2.extractor.ffn.fc2.weight - torch.Size([1024, 256]): 
The value is the same before and after calling `init_weights` of EncoderDecoder  

backbone.adapter.interactions.2.extractor.ffn.fc2.bias - torch.Size([1024]): 
The value is the same before and after calling `init_weights` of EncoderDecoder  

backbone.adapter.interactions.2.extractor.ffn_norm.weight - torch.Size([1024]): 
The value is the same before and after calling `init_weights` of EncoderDecoder  

backbone.adapter.interactions.2.extractor.ffn_norm.bias - torch.Size([1024]): 
The value is the same before and after calling `init_weights` of EncoderDecoder  

backbone.adapter.interactions.3.extractor.query_norm.weight - torch.Size([1024]): 
The value is the same before and after calling `init_weights` of EncoderDecoder  

backbone.adapter.interactions.3.extractor.query_norm.bias - torch.Size([1024]): 
The value is the same before and after calling `init_weights` of EncoderDecoder  

backbone.adapter.interactions.3.extractor.feat_norm.weight - torch.Size([1024]): 
The value is the same before and after calling `init_weights` of EncoderDecoder  

backbone.adapter.interactions.3.extractor.feat_norm.bias - torch.Size([1024]): 
The value is the same before and after calling `init_weights` of EncoderDecoder  

backbone.adapter.interactions.3.extractor.attn.attn.sampling_offsets.weight - torch.Size([128, 1024]): 
The value is the same before and after calling `init_weights` of EncoderDecoder  

backbone.adapter.interactions.3.extractor.attn.attn.sampling_offsets.bias - torch.Size([128]): 
The value is the same before and after calling `init_weights` of EncoderDecoder  

backbone.adapter.interactions.3.extractor.attn.attn.attention_weights.weight - torch.Size([64, 1024]): 
The value is the same before and after calling `init_weights` of EncoderDecoder  

backbone.adapter.interactions.3.extractor.attn.attn.attention_weights.bias - torch.Size([64]): 
The value is the same before and after calling `init_weights` of EncoderDecoder  

backbone.adapter.interactions.3.extractor.attn.attn.value_proj.weight - torch.Size([1024, 1024]): 
The value is the same before and after calling `init_weights` of EncoderDecoder  

backbone.adapter.interactions.3.extractor.attn.attn.value_proj.bias - torch.Size([1024]): 
The value is the same before and after calling `init_weights` of EncoderDecoder  

backbone.adapter.interactions.3.extractor.attn.attn.output_proj.weight - torch.Size([1024, 1024]): 
The value is the same before and after calling `init_weights` of EncoderDecoder  

backbone.adapter.interactions.3.extractor.attn.attn.output_proj.bias - torch.Size([1024]): 
The value is the same before and after calling `init_weights` of EncoderDecoder  

backbone.adapter.interactions.3.extractor.ffn.fc1.weight - torch.Size([256, 1024]): 
The value is the same before and after calling `init_weights` of EncoderDecoder  

backbone.adapter.interactions.3.extractor.ffn.fc1.bias - torch.Size([256]): 
The value is the same before and after calling `init_weights` of EncoderDecoder  

backbone.adapter.interactions.3.extractor.ffn.dwconv.dwconv.weight - torch.Size([256, 1, 3, 3]): 
The value is the same before and after calling `init_weights` of EncoderDecoder  

backbone.adapter.interactions.3.extractor.ffn.dwconv.dwconv.bias - torch.Size([256]): 
The value is the same before and after calling `init_weights` of EncoderDecoder  

backbone.adapter.interactions.3.extractor.ffn.fc2.weight - torch.Size([1024, 256]): 
The value is the same before and after calling `init_weights` of EncoderDecoder  

backbone.adapter.interactions.3.extractor.ffn.fc2.bias - torch.Size([1024]): 
The value is the same before and after calling `init_weights` of EncoderDecoder  

backbone.adapter.interactions.3.extractor.ffn_norm.weight - torch.Size([1024]): 
The value is the same before and after calling `init_weights` of EncoderDecoder  

backbone.adapter.interactions.3.extractor.ffn_norm.bias - torch.Size([1024]): 
The value is the same before and after calling `init_weights` of EncoderDecoder  

backbone.adapter.interactions.3.extra_extractors.0.query_norm.weight - torch.Size([1024]): 
The value is the same before and after calling `init_weights` of EncoderDecoder  

backbone.adapter.interactions.3.extra_extractors.0.query_norm.bias - torch.Size([1024]): 
The value is the same before and after calling `init_weights` of EncoderDecoder  

backbone.adapter.interactions.3.extra_extractors.0.feat_norm.weight - torch.Size([1024]): 
The value is the same before and after calling `init_weights` of EncoderDecoder  

backbone.adapter.interactions.3.extra_extractors.0.feat_norm.bias - torch.Size([1024]): 
The value is the same before and after calling `init_weights` of EncoderDecoder  

backbone.adapter.interactions.3.extra_extractors.0.attn.attn.sampling_offsets.weight - torch.Size([128, 1024]): 
The value is the same before and after calling `init_weights` of EncoderDecoder  

backbone.adapter.interactions.3.extra_extractors.0.attn.attn.sampling_offsets.bias - torch.Size([128]): 
The value is the same before and after calling `init_weights` of EncoderDecoder  

backbone.adapter.interactions.3.extra_extractors.0.attn.attn.attention_weights.weight - torch.Size([64, 1024]): 
The value is the same before and after calling `init_weights` of EncoderDecoder  

backbone.adapter.interactions.3.extra_extractors.0.attn.attn.attention_weights.bias - torch.Size([64]): 
The value is the same before and after calling `init_weights` of EncoderDecoder  

backbone.adapter.interactions.3.extra_extractors.0.attn.attn.value_proj.weight - torch.Size([1024, 1024]): 
The value is the same before and after calling `init_weights` of EncoderDecoder  

backbone.adapter.interactions.3.extra_extractors.0.attn.attn.value_proj.bias - torch.Size([1024]): 
The value is the same before and after calling `init_weights` of EncoderDecoder  

backbone.adapter.interactions.3.extra_extractors.0.attn.attn.output_proj.weight - torch.Size([1024, 1024]): 
The value is the same before and after calling `init_weights` of EncoderDecoder  

backbone.adapter.interactions.3.extra_extractors.0.attn.attn.output_proj.bias - torch.Size([1024]): 
The value is the same before and after calling `init_weights` of EncoderDecoder  

backbone.adapter.interactions.3.extra_extractors.0.ffn.fc1.weight - torch.Size([256, 1024]): 
The value is the same before and after calling `init_weights` of EncoderDecoder  

backbone.adapter.interactions.3.extra_extractors.0.ffn.fc1.bias - torch.Size([256]): 
The value is the same before and after calling `init_weights` of EncoderDecoder  

backbone.adapter.interactions.3.extra_extractors.0.ffn.dwconv.dwconv.weight - torch.Size([256, 1, 3, 3]): 
The value is the same before and after calling `init_weights` of EncoderDecoder  

backbone.adapter.interactions.3.extra_extractors.0.ffn.dwconv.dwconv.bias - torch.Size([256]): 
The value is the same before and after calling `init_weights` of EncoderDecoder  

backbone.adapter.interactions.3.extra_extractors.0.ffn.fc2.weight - torch.Size([1024, 256]): 
The value is the same before and after calling `init_weights` of EncoderDecoder  

backbone.adapter.interactions.3.extra_extractors.0.ffn.fc2.bias - torch.Size([1024]): 
The value is the same before and after calling `init_weights` of EncoderDecoder  

backbone.adapter.interactions.3.extra_extractors.0.ffn_norm.weight - torch.Size([1024]): 
The value is the same before and after calling `init_weights` of EncoderDecoder  

backbone.adapter.interactions.3.extra_extractors.0.ffn_norm.bias - torch.Size([1024]): 
The value is the same before and after calling `init_weights` of EncoderDecoder  

backbone.adapter.interactions.3.extra_extractors.1.query_norm.weight - torch.Size([1024]): 
The value is the same before and after calling `init_weights` of EncoderDecoder  

backbone.adapter.interactions.3.extra_extractors.1.query_norm.bias - torch.Size([1024]): 
The value is the same before and after calling `init_weights` of EncoderDecoder  

backbone.adapter.interactions.3.extra_extractors.1.feat_norm.weight - torch.Size([1024]): 
The value is the same before and after calling `init_weights` of EncoderDecoder  

backbone.adapter.interactions.3.extra_extractors.1.feat_norm.bias - torch.Size([1024]): 
The value is the same before and after calling `init_weights` of EncoderDecoder  

backbone.adapter.interactions.3.extra_extractors.1.attn.attn.sampling_offsets.weight - torch.Size([128, 1024]): 
The value is the same before and after calling `init_weights` of EncoderDecoder  

backbone.adapter.interactions.3.extra_extractors.1.attn.attn.sampling_offsets.bias - torch.Size([128]): 
The value is the same before and after calling `init_weights` of EncoderDecoder  

backbone.adapter.interactions.3.extra_extractors.1.attn.attn.attention_weights.weight - torch.Size([64, 1024]): 
The value is the same before and after calling `init_weights` of EncoderDecoder  

backbone.adapter.interactions.3.extra_extractors.1.attn.attn.attention_weights.bias - torch.Size([64]): 
The value is the same before and after calling `init_weights` of EncoderDecoder  

backbone.adapter.interactions.3.extra_extractors.1.attn.attn.value_proj.weight - torch.Size([1024, 1024]): 
The value is the same before and after calling `init_weights` of EncoderDecoder  

backbone.adapter.interactions.3.extra_extractors.1.attn.attn.value_proj.bias - torch.Size([1024]): 
The value is the same before and after calling `init_weights` of EncoderDecoder  

backbone.adapter.interactions.3.extra_extractors.1.attn.attn.output_proj.weight - torch.Size([1024, 1024]): 
The value is the same before and after calling `init_weights` of EncoderDecoder  

backbone.adapter.interactions.3.extra_extractors.1.attn.attn.output_proj.bias - torch.Size([1024]): 
The value is the same before and after calling `init_weights` of EncoderDecoder  

backbone.adapter.interactions.3.extra_extractors.1.ffn.fc1.weight - torch.Size([256, 1024]): 
The value is the same before and after calling `init_weights` of EncoderDecoder  

backbone.adapter.interactions.3.extra_extractors.1.ffn.fc1.bias - torch.Size([256]): 
The value is the same before and after calling `init_weights` of EncoderDecoder  

backbone.adapter.interactions.3.extra_extractors.1.ffn.dwconv.dwconv.weight - torch.Size([256, 1, 3, 3]): 
The value is the same before and after calling `init_weights` of EncoderDecoder  

backbone.adapter.interactions.3.extra_extractors.1.ffn.dwconv.dwconv.bias - torch.Size([256]): 
The value is the same before and after calling `init_weights` of EncoderDecoder  

backbone.adapter.interactions.3.extra_extractors.1.ffn.fc2.weight - torch.Size([1024, 256]): 
The value is the same before and after calling `init_weights` of EncoderDecoder  

backbone.adapter.interactions.3.extra_extractors.1.ffn.fc2.bias - torch.Size([1024]): 
The value is the same before and after calling `init_weights` of EncoderDecoder  

backbone.adapter.interactions.3.extra_extractors.1.ffn_norm.weight - torch.Size([1024]): 
The value is the same before and after calling `init_weights` of EncoderDecoder  

backbone.adapter.interactions.3.extra_extractors.1.ffn_norm.bias - torch.Size([1024]): 
The value is the same before and after calling `init_weights` of EncoderDecoder  

backbone.adapter.up.weight - torch.Size([1024, 1024, 2, 2]): 
The value is the same before and after calling `init_weights` of EncoderDecoder  

backbone.adapter.up.bias - torch.Size([1024]): 
The value is the same before and after calling `init_weights` of EncoderDecoder  

backbone.adapter.norm1.weight - torch.Size([1024]): 
The value is the same before and after calling `init_weights` of EncoderDecoder  

backbone.adapter.norm1.bias - torch.Size([1024]): 
The value is the same before and after calling `init_weights` of EncoderDecoder  

backbone.adapter.norm2.weight - torch.Size([1024]): 
The value is the same before and after calling `init_weights` of EncoderDecoder  

backbone.adapter.norm2.bias - torch.Size([1024]): 
The value is the same before and after calling `init_weights` of EncoderDecoder  

backbone.adapter.norm3.weight - torch.Size([1024]): 
The value is the same before and after calling `init_weights` of EncoderDecoder  

backbone.adapter.norm3.bias - torch.Size([1024]): 
The value is the same before and after calling `init_weights` of EncoderDecoder  

backbone.adapter.norm4.weight - torch.Size([1024]): 
The value is the same before and after calling `init_weights` of EncoderDecoder  

backbone.adapter.norm4.bias - torch.Size([1024]): 
The value is the same before and after calling `init_weights` of EncoderDecoder  

decode_head.pixel_decoder.input_convs.0.conv.weight - torch.Size([256, 1024, 1, 1]): 
Initialized by user-defined `init_weights` in Mask2FormerHead  

decode_head.pixel_decoder.input_convs.0.conv.bias - torch.Size([256]): 
The value is the same before and after calling `init_weights` of EncoderDecoder  

decode_head.pixel_decoder.input_convs.0.gn.weight - torch.Size([256]): 
The value is the same before and after calling `init_weights` of EncoderDecoder  

decode_head.pixel_decoder.input_convs.0.gn.bias - torch.Size([256]): 
The value is the same before and after calling `init_weights` of EncoderDecoder  

decode_head.pixel_decoder.input_convs.1.conv.weight - torch.Size([256, 1024, 1, 1]): 
Initialized by user-defined `init_weights` in Mask2FormerHead  

decode_head.pixel_decoder.input_convs.1.conv.bias - torch.Size([256]): 
The value is the same before and after calling `init_weights` of EncoderDecoder  

decode_head.pixel_decoder.input_convs.1.gn.weight - torch.Size([256]): 
The value is the same before and after calling `init_weights` of EncoderDecoder  

decode_head.pixel_decoder.input_convs.1.gn.bias - torch.Size([256]): 
The value is the same before and after calling `init_weights` of EncoderDecoder  

decode_head.pixel_decoder.input_convs.2.conv.weight - torch.Size([256, 1024, 1, 1]): 
Initialized by user-defined `init_weights` in Mask2FormerHead  

decode_head.pixel_decoder.input_convs.2.conv.bias - torch.Size([256]): 
The value is the same before and after calling `init_weights` of EncoderDecoder  

decode_head.pixel_decoder.input_convs.2.gn.weight - torch.Size([256]): 
The value is the same before and after calling `init_weights` of EncoderDecoder  

decode_head.pixel_decoder.input_convs.2.gn.bias - torch.Size([256]): 
The value is the same before and after calling `init_weights` of EncoderDecoder  

decode_head.pixel_decoder.encoder.layers.0.self_attn.sampling_offsets.weight - torch.Size([192, 256]): 
The value is the same before and after calling `init_weights` of EncoderDecoder  

decode_head.pixel_decoder.encoder.layers.0.self_attn.sampling_offsets.bias - torch.Size([192]): 
Initialized by user-defined `init_weights` in Mask2FormerHead  

decode_head.pixel_decoder.encoder.layers.0.self_attn.attention_weights.weight - torch.Size([96, 256]): 
The value is the same before and after calling `init_weights` of EncoderDecoder  

decode_head.pixel_decoder.encoder.layers.0.self_attn.attention_weights.bias - torch.Size([96]): 
The value is the same before and after calling `init_weights` of EncoderDecoder  

decode_head.pixel_decoder.encoder.layers.0.self_attn.value_proj.weight - torch.Size([256, 256]): 
Initialized by user-defined `init_weights` in Mask2FormerHead  

decode_head.pixel_decoder.encoder.layers.0.self_attn.value_proj.bias - torch.Size([256]): 
The value is the same before and after calling `init_weights` of EncoderDecoder  

decode_head.pixel_decoder.encoder.layers.0.self_attn.output_proj.weight - torch.Size([256, 256]): 
Initialized by user-defined `init_weights` in Mask2FormerHead  

decode_head.pixel_decoder.encoder.layers.0.self_attn.output_proj.bias - torch.Size([256]): 
The value is the same before and after calling `init_weights` of EncoderDecoder  

decode_head.pixel_decoder.encoder.layers.0.ffn.layers.0.0.weight - torch.Size([1024, 256]): 
Initialized by user-defined `init_weights` in Mask2FormerHead  

decode_head.pixel_decoder.encoder.layers.0.ffn.layers.0.0.bias - torch.Size([1024]): 
The value is the same before and after calling `init_weights` of EncoderDecoder  

decode_head.pixel_decoder.encoder.layers.0.ffn.layers.1.weight - torch.Size([256, 1024]): 
Initialized by user-defined `init_weights` in Mask2FormerHead  

decode_head.pixel_decoder.encoder.layers.0.ffn.layers.1.bias - torch.Size([256]): 
The value is the same before and after calling `init_weights` of EncoderDecoder  

decode_head.pixel_decoder.encoder.layers.0.norms.0.weight - torch.Size([256]): 
The value is the same before and after calling `init_weights` of EncoderDecoder  

decode_head.pixel_decoder.encoder.layers.0.norms.0.bias - torch.Size([256]): 
The value is the same before and after calling `init_weights` of EncoderDecoder  

decode_head.pixel_decoder.encoder.layers.0.norms.1.weight - torch.Size([256]): 
The value is the same before and after calling `init_weights` of EncoderDecoder  

decode_head.pixel_decoder.encoder.layers.0.norms.1.bias - torch.Size([256]): 
The value is the same before and after calling `init_weights` of EncoderDecoder  

decode_head.pixel_decoder.encoder.layers.1.self_attn.sampling_offsets.weight - torch.Size([192, 256]): 
The value is the same before and after calling `init_weights` of EncoderDecoder  

decode_head.pixel_decoder.encoder.layers.1.self_attn.sampling_offsets.bias - torch.Size([192]): 
Initialized by user-defined `init_weights` in Mask2FormerHead  

decode_head.pixel_decoder.encoder.layers.1.self_attn.attention_weights.weight - torch.Size([96, 256]): 
The value is the same before and after calling `init_weights` of EncoderDecoder  

decode_head.pixel_decoder.encoder.layers.1.self_attn.attention_weights.bias - torch.Size([96]): 
The value is the same before and after calling `init_weights` of EncoderDecoder  

decode_head.pixel_decoder.encoder.layers.1.self_attn.value_proj.weight - torch.Size([256, 256]): 
Initialized by user-defined `init_weights` in Mask2FormerHead  

decode_head.pixel_decoder.encoder.layers.1.self_attn.value_proj.bias - torch.Size([256]): 
The value is the same before and after calling `init_weights` of EncoderDecoder  

decode_head.pixel_decoder.encoder.layers.1.self_attn.output_proj.weight - torch.Size([256, 256]): 
Initialized by user-defined `init_weights` in Mask2FormerHead  

decode_head.pixel_decoder.encoder.layers.1.self_attn.output_proj.bias - torch.Size([256]): 
The value is the same before and after calling `init_weights` of EncoderDecoder  

decode_head.pixel_decoder.encoder.layers.1.ffn.layers.0.0.weight - torch.Size([1024, 256]): 
Initialized by user-defined `init_weights` in Mask2FormerHead  

decode_head.pixel_decoder.encoder.layers.1.ffn.layers.0.0.bias - torch.Size([1024]): 
The value is the same before and after calling `init_weights` of EncoderDecoder  

decode_head.pixel_decoder.encoder.layers.1.ffn.layers.1.weight - torch.Size([256, 1024]): 
Initialized by user-defined `init_weights` in Mask2FormerHead  

decode_head.pixel_decoder.encoder.layers.1.ffn.layers.1.bias - torch.Size([256]): 
The value is the same before and after calling `init_weights` of EncoderDecoder  

decode_head.pixel_decoder.encoder.layers.1.norms.0.weight - torch.Size([256]): 
The value is the same before and after calling `init_weights` of EncoderDecoder  

decode_head.pixel_decoder.encoder.layers.1.norms.0.bias - torch.Size([256]): 
The value is the same before and after calling `init_weights` of EncoderDecoder  

decode_head.pixel_decoder.encoder.layers.1.norms.1.weight - torch.Size([256]): 
The value is the same before and after calling `init_weights` of EncoderDecoder  

decode_head.pixel_decoder.encoder.layers.1.norms.1.bias - torch.Size([256]): 
The value is the same before and after calling `init_weights` of EncoderDecoder  

decode_head.pixel_decoder.encoder.layers.2.self_attn.sampling_offsets.weight - torch.Size([192, 256]): 
The value is the same before and after calling `init_weights` of EncoderDecoder  

decode_head.pixel_decoder.encoder.layers.2.self_attn.sampling_offsets.bias - torch.Size([192]): 
Initialized by user-defined `init_weights` in Mask2FormerHead  

decode_head.pixel_decoder.encoder.layers.2.self_attn.attention_weights.weight - torch.Size([96, 256]): 
The value is the same before and after calling `init_weights` of EncoderDecoder  

decode_head.pixel_decoder.encoder.layers.2.self_attn.attention_weights.bias - torch.Size([96]): 
The value is the same before and after calling `init_weights` of EncoderDecoder  

decode_head.pixel_decoder.encoder.layers.2.self_attn.value_proj.weight - torch.Size([256, 256]): 
Initialized by user-defined `init_weights` in Mask2FormerHead  

decode_head.pixel_decoder.encoder.layers.2.self_attn.value_proj.bias - torch.Size([256]): 
The value is the same before and after calling `init_weights` of EncoderDecoder  

decode_head.pixel_decoder.encoder.layers.2.self_attn.output_proj.weight - torch.Size([256, 256]): 
Initialized by user-defined `init_weights` in Mask2FormerHead  

decode_head.pixel_decoder.encoder.layers.2.self_attn.output_proj.bias - torch.Size([256]): 
The value is the same before and after calling `init_weights` of EncoderDecoder  

decode_head.pixel_decoder.encoder.layers.2.ffn.layers.0.0.weight - torch.Size([1024, 256]): 
Initialized by user-defined `init_weights` in Mask2FormerHead  

decode_head.pixel_decoder.encoder.layers.2.ffn.layers.0.0.bias - torch.Size([1024]): 
The value is the same before and after calling `init_weights` of EncoderDecoder  

decode_head.pixel_decoder.encoder.layers.2.ffn.layers.1.weight - torch.Size([256, 1024]): 
Initialized by user-defined `init_weights` in Mask2FormerHead  

decode_head.pixel_decoder.encoder.layers.2.ffn.layers.1.bias - torch.Size([256]): 
The value is the same before and after calling `init_weights` of EncoderDecoder  

decode_head.pixel_decoder.encoder.layers.2.norms.0.weight - torch.Size([256]): 
The value is the same before and after calling `init_weights` of EncoderDecoder  

decode_head.pixel_decoder.encoder.layers.2.norms.0.bias - torch.Size([256]): 
The value is the same before and after calling `init_weights` of EncoderDecoder  

decode_head.pixel_decoder.encoder.layers.2.norms.1.weight - torch.Size([256]): 
The value is the same before and after calling `init_weights` of EncoderDecoder  

decode_head.pixel_decoder.encoder.layers.2.norms.1.bias - torch.Size([256]): 
The value is the same before and after calling `init_weights` of EncoderDecoder  

decode_head.pixel_decoder.encoder.layers.3.self_attn.sampling_offsets.weight - torch.Size([192, 256]): 
The value is the same before and after calling `init_weights` of EncoderDecoder  

decode_head.pixel_decoder.encoder.layers.3.self_attn.sampling_offsets.bias - torch.Size([192]): 
Initialized by user-defined `init_weights` in Mask2FormerHead  

decode_head.pixel_decoder.encoder.layers.3.self_attn.attention_weights.weight - torch.Size([96, 256]): 
The value is the same before and after calling `init_weights` of EncoderDecoder  

decode_head.pixel_decoder.encoder.layers.3.self_attn.attention_weights.bias - torch.Size([96]): 
The value is the same before and after calling `init_weights` of EncoderDecoder  

decode_head.pixel_decoder.encoder.layers.3.self_attn.value_proj.weight - torch.Size([256, 256]): 
Initialized by user-defined `init_weights` in Mask2FormerHead  

decode_head.pixel_decoder.encoder.layers.3.self_attn.value_proj.bias - torch.Size([256]): 
The value is the same before and after calling `init_weights` of EncoderDecoder  

decode_head.pixel_decoder.encoder.layers.3.self_attn.output_proj.weight - torch.Size([256, 256]): 
Initialized by user-defined `init_weights` in Mask2FormerHead  

decode_head.pixel_decoder.encoder.layers.3.self_attn.output_proj.bias - torch.Size([256]): 
The value is the same before and after calling `init_weights` of EncoderDecoder  

decode_head.pixel_decoder.encoder.layers.3.ffn.layers.0.0.weight - torch.Size([1024, 256]): 
Initialized by user-defined `init_weights` in Mask2FormerHead  

decode_head.pixel_decoder.encoder.layers.3.ffn.layers.0.0.bias - torch.Size([1024]): 
The value is the same before and after calling `init_weights` of EncoderDecoder  

decode_head.pixel_decoder.encoder.layers.3.ffn.layers.1.weight - torch.Size([256, 1024]): 
Initialized by user-defined `init_weights` in Mask2FormerHead  

decode_head.pixel_decoder.encoder.layers.3.ffn.layers.1.bias - torch.Size([256]): 
The value is the same before and after calling `init_weights` of EncoderDecoder  

decode_head.pixel_decoder.encoder.layers.3.norms.0.weight - torch.Size([256]): 
The value is the same before and after calling `init_weights` of EncoderDecoder  

decode_head.pixel_decoder.encoder.layers.3.norms.0.bias - torch.Size([256]): 
The value is the same before and after calling `init_weights` of EncoderDecoder  

decode_head.pixel_decoder.encoder.layers.3.norms.1.weight - torch.Size([256]): 
The value is the same before and after calling `init_weights` of EncoderDecoder  

decode_head.pixel_decoder.encoder.layers.3.norms.1.bias - torch.Size([256]): 
The value is the same before and after calling `init_weights` of EncoderDecoder  

decode_head.pixel_decoder.encoder.layers.4.self_attn.sampling_offsets.weight - torch.Size([192, 256]): 
The value is the same before and after calling `init_weights` of EncoderDecoder  

decode_head.pixel_decoder.encoder.layers.4.self_attn.sampling_offsets.bias - torch.Size([192]): 
Initialized by user-defined `init_weights` in Mask2FormerHead  

decode_head.pixel_decoder.encoder.layers.4.self_attn.attention_weights.weight - torch.Size([96, 256]): 
The value is the same before and after calling `init_weights` of EncoderDecoder  

decode_head.pixel_decoder.encoder.layers.4.self_attn.attention_weights.bias - torch.Size([96]): 
The value is the same before and after calling `init_weights` of EncoderDecoder  

decode_head.pixel_decoder.encoder.layers.4.self_attn.value_proj.weight - torch.Size([256, 256]): 
Initialized by user-defined `init_weights` in Mask2FormerHead  

decode_head.pixel_decoder.encoder.layers.4.self_attn.value_proj.bias - torch.Size([256]): 
The value is the same before and after calling `init_weights` of EncoderDecoder  

decode_head.pixel_decoder.encoder.layers.4.self_attn.output_proj.weight - torch.Size([256, 256]): 
Initialized by user-defined `init_weights` in Mask2FormerHead  

decode_head.pixel_decoder.encoder.layers.4.self_attn.output_proj.bias - torch.Size([256]): 
The value is the same before and after calling `init_weights` of EncoderDecoder  

decode_head.pixel_decoder.encoder.layers.4.ffn.layers.0.0.weight - torch.Size([1024, 256]): 
Initialized by user-defined `init_weights` in Mask2FormerHead  

decode_head.pixel_decoder.encoder.layers.4.ffn.layers.0.0.bias - torch.Size([1024]): 
The value is the same before and after calling `init_weights` of EncoderDecoder  

decode_head.pixel_decoder.encoder.layers.4.ffn.layers.1.weight - torch.Size([256, 1024]): 
Initialized by user-defined `init_weights` in Mask2FormerHead  

decode_head.pixel_decoder.encoder.layers.4.ffn.layers.1.bias - torch.Size([256]): 
The value is the same before and after calling `init_weights` of EncoderDecoder  

decode_head.pixel_decoder.encoder.layers.4.norms.0.weight - torch.Size([256]): 
The value is the same before and after calling `init_weights` of EncoderDecoder  

decode_head.pixel_decoder.encoder.layers.4.norms.0.bias - torch.Size([256]): 
The value is the same before and after calling `init_weights` of EncoderDecoder  

decode_head.pixel_decoder.encoder.layers.4.norms.1.weight - torch.Size([256]): 
The value is the same before and after calling `init_weights` of EncoderDecoder  

decode_head.pixel_decoder.encoder.layers.4.norms.1.bias - torch.Size([256]): 
The value is the same before and after calling `init_weights` of EncoderDecoder  

decode_head.pixel_decoder.encoder.layers.5.self_attn.sampling_offsets.weight - torch.Size([192, 256]): 
The value is the same before and after calling `init_weights` of EncoderDecoder  

decode_head.pixel_decoder.encoder.layers.5.self_attn.sampling_offsets.bias - torch.Size([192]): 
Initialized by user-defined `init_weights` in Mask2FormerHead  

decode_head.pixel_decoder.encoder.layers.5.self_attn.attention_weights.weight - torch.Size([96, 256]): 
The value is the same before and after calling `init_weights` of EncoderDecoder  

decode_head.pixel_decoder.encoder.layers.5.self_attn.attention_weights.bias - torch.Size([96]): 
The value is the same before and after calling `init_weights` of EncoderDecoder  

decode_head.pixel_decoder.encoder.layers.5.self_attn.value_proj.weight - torch.Size([256, 256]): 
Initialized by user-defined `init_weights` in Mask2FormerHead  

decode_head.pixel_decoder.encoder.layers.5.self_attn.value_proj.bias - torch.Size([256]): 
The value is the same before and after calling `init_weights` of EncoderDecoder  

decode_head.pixel_decoder.encoder.layers.5.self_attn.output_proj.weight - torch.Size([256, 256]): 
Initialized by user-defined `init_weights` in Mask2FormerHead  

decode_head.pixel_decoder.encoder.layers.5.self_attn.output_proj.bias - torch.Size([256]): 
The value is the same before and after calling `init_weights` of EncoderDecoder  

decode_head.pixel_decoder.encoder.layers.5.ffn.layers.0.0.weight - torch.Size([1024, 256]): 
Initialized by user-defined `init_weights` in Mask2FormerHead  

decode_head.pixel_decoder.encoder.layers.5.ffn.layers.0.0.bias - torch.Size([1024]): 
The value is the same before and after calling `init_weights` of EncoderDecoder  

decode_head.pixel_decoder.encoder.layers.5.ffn.layers.1.weight - torch.Size([256, 1024]): 
Initialized by user-defined `init_weights` in Mask2FormerHead  

decode_head.pixel_decoder.encoder.layers.5.ffn.layers.1.bias - torch.Size([256]): 
The value is the same before and after calling `init_weights` of EncoderDecoder  

decode_head.pixel_decoder.encoder.layers.5.norms.0.weight - torch.Size([256]): 
The value is the same before and after calling `init_weights` of EncoderDecoder  

decode_head.pixel_decoder.encoder.layers.5.norms.0.bias - torch.Size([256]): 
The value is the same before and after calling `init_weights` of EncoderDecoder  

decode_head.pixel_decoder.encoder.layers.5.norms.1.weight - torch.Size([256]): 
The value is the same before and after calling `init_weights` of EncoderDecoder  

decode_head.pixel_decoder.encoder.layers.5.norms.1.bias - torch.Size([256]): 
The value is the same before and after calling `init_weights` of EncoderDecoder  

decode_head.pixel_decoder.level_encoding.weight - torch.Size([3, 256]): 
Initialized by user-defined `init_weights` in Mask2FormerHead  

decode_head.pixel_decoder.lateral_convs.0.conv.weight - torch.Size([256, 1024, 1, 1]): 
Initialized by user-defined `init_weights` in Mask2FormerHead  

decode_head.pixel_decoder.lateral_convs.0.gn.weight - torch.Size([256]): 
The value is the same before and after calling `init_weights` of EncoderDecoder  

decode_head.pixel_decoder.lateral_convs.0.gn.bias - torch.Size([256]): 
The value is the same before and after calling `init_weights` of EncoderDecoder  

decode_head.pixel_decoder.output_convs.0.conv.weight - torch.Size([256, 256, 3, 3]): 
Initialized by user-defined `init_weights` in Mask2FormerHead  

decode_head.pixel_decoder.output_convs.0.gn.weight - torch.Size([256]): 
The value is the same before and after calling `init_weights` of EncoderDecoder  

decode_head.pixel_decoder.output_convs.0.gn.bias - torch.Size([256]): 
The value is the same before and after calling `init_weights` of EncoderDecoder  

decode_head.pixel_decoder.mask_feature.weight - torch.Size([256, 256, 1, 1]): 
Initialized by user-defined `init_weights` in Mask2FormerHead  

decode_head.pixel_decoder.mask_feature.bias - torch.Size([256]): 
Initialized by user-defined `init_weights` in Mask2FormerHead  

decode_head.transformer_decoder.layers.0.self_attn.attn.in_proj_weight - torch.Size([768, 256]): 
Initialized by user-defined `init_weights` in Mask2FormerHead  

decode_head.transformer_decoder.layers.0.self_attn.attn.in_proj_bias - torch.Size([768]): 
The value is the same before and after calling `init_weights` of EncoderDecoder  

decode_head.transformer_decoder.layers.0.self_attn.attn.out_proj.weight - torch.Size([256, 256]): 
Initialized by user-defined `init_weights` in Mask2FormerHead  

decode_head.transformer_decoder.layers.0.self_attn.attn.out_proj.bias - torch.Size([256]): 
The value is the same before and after calling `init_weights` of EncoderDecoder  

decode_head.transformer_decoder.layers.0.cross_attn.attn.in_proj_weight - torch.Size([768, 256]): 
Initialized by user-defined `init_weights` in Mask2FormerHead  

decode_head.transformer_decoder.layers.0.cross_attn.attn.in_proj_bias - torch.Size([768]): 
The value is the same before and after calling `init_weights` of EncoderDecoder  

decode_head.transformer_decoder.layers.0.cross_attn.attn.out_proj.weight - torch.Size([256, 256]): 
Initialized by user-defined `init_weights` in Mask2FormerHead  

decode_head.transformer_decoder.layers.0.cross_attn.attn.out_proj.bias - torch.Size([256]): 
The value is the same before and after calling `init_weights` of EncoderDecoder  

decode_head.transformer_decoder.layers.0.ffn.layers.0.0.weight - torch.Size([2048, 256]): 
Initialized by user-defined `init_weights` in Mask2FormerHead  

decode_head.transformer_decoder.layers.0.ffn.layers.0.0.bias - torch.Size([2048]): 
The value is the same before and after calling `init_weights` of EncoderDecoder  

decode_head.transformer_decoder.layers.0.ffn.layers.1.weight - torch.Size([256, 2048]): 
Initialized by user-defined `init_weights` in Mask2FormerHead  

decode_head.transformer_decoder.layers.0.ffn.layers.1.bias - torch.Size([256]): 
The value is the same before and after calling `init_weights` of EncoderDecoder  

decode_head.transformer_decoder.layers.0.norms.0.weight - torch.Size([256]): 
The value is the same before and after calling `init_weights` of EncoderDecoder  

decode_head.transformer_decoder.layers.0.norms.0.bias - torch.Size([256]): 
The value is the same before and after calling `init_weights` of EncoderDecoder  

decode_head.transformer_decoder.layers.0.norms.1.weight - torch.Size([256]): 
The value is the same before and after calling `init_weights` of EncoderDecoder  

decode_head.transformer_decoder.layers.0.norms.1.bias - torch.Size([256]): 
The value is the same before and after calling `init_weights` of EncoderDecoder  

decode_head.transformer_decoder.layers.0.norms.2.weight - torch.Size([256]): 
The value is the same before and after calling `init_weights` of EncoderDecoder  

decode_head.transformer_decoder.layers.0.norms.2.bias - torch.Size([256]): 
The value is the same before and after calling `init_weights` of EncoderDecoder  

decode_head.transformer_decoder.layers.1.self_attn.attn.in_proj_weight - torch.Size([768, 256]): 
Initialized by user-defined `init_weights` in Mask2FormerHead  

decode_head.transformer_decoder.layers.1.self_attn.attn.in_proj_bias - torch.Size([768]): 
The value is the same before and after calling `init_weights` of EncoderDecoder  

decode_head.transformer_decoder.layers.1.self_attn.attn.out_proj.weight - torch.Size([256, 256]): 
Initialized by user-defined `init_weights` in Mask2FormerHead  

decode_head.transformer_decoder.layers.1.self_attn.attn.out_proj.bias - torch.Size([256]): 
The value is the same before and after calling `init_weights` of EncoderDecoder  

decode_head.transformer_decoder.layers.1.cross_attn.attn.in_proj_weight - torch.Size([768, 256]): 
Initialized by user-defined `init_weights` in Mask2FormerHead  

decode_head.transformer_decoder.layers.1.cross_attn.attn.in_proj_bias - torch.Size([768]): 
The value is the same before and after calling `init_weights` of EncoderDecoder  

decode_head.transformer_decoder.layers.1.cross_attn.attn.out_proj.weight - torch.Size([256, 256]): 
Initialized by user-defined `init_weights` in Mask2FormerHead  

decode_head.transformer_decoder.layers.1.cross_attn.attn.out_proj.bias - torch.Size([256]): 
The value is the same before and after calling `init_weights` of EncoderDecoder  

decode_head.transformer_decoder.layers.1.ffn.layers.0.0.weight - torch.Size([2048, 256]): 
Initialized by user-defined `init_weights` in Mask2FormerHead  

decode_head.transformer_decoder.layers.1.ffn.layers.0.0.bias - torch.Size([2048]): 
The value is the same before and after calling `init_weights` of EncoderDecoder  

decode_head.transformer_decoder.layers.1.ffn.layers.1.weight - torch.Size([256, 2048]): 
Initialized by user-defined `init_weights` in Mask2FormerHead  

decode_head.transformer_decoder.layers.1.ffn.layers.1.bias - torch.Size([256]): 
The value is the same before and after calling `init_weights` of EncoderDecoder  

decode_head.transformer_decoder.layers.1.norms.0.weight - torch.Size([256]): 
The value is the same before and after calling `init_weights` of EncoderDecoder  

decode_head.transformer_decoder.layers.1.norms.0.bias - torch.Size([256]): 
The value is the same before and after calling `init_weights` of EncoderDecoder  

decode_head.transformer_decoder.layers.1.norms.1.weight - torch.Size([256]): 
The value is the same before and after calling `init_weights` of EncoderDecoder  

decode_head.transformer_decoder.layers.1.norms.1.bias - torch.Size([256]): 
The value is the same before and after calling `init_weights` of EncoderDecoder  

decode_head.transformer_decoder.layers.1.norms.2.weight - torch.Size([256]): 
The value is the same before and after calling `init_weights` of EncoderDecoder  

decode_head.transformer_decoder.layers.1.norms.2.bias - torch.Size([256]): 
The value is the same before and after calling `init_weights` of EncoderDecoder  

decode_head.transformer_decoder.layers.2.self_attn.attn.in_proj_weight - torch.Size([768, 256]): 
Initialized by user-defined `init_weights` in Mask2FormerHead  

decode_head.transformer_decoder.layers.2.self_attn.attn.in_proj_bias - torch.Size([768]): 
The value is the same before and after calling `init_weights` of EncoderDecoder  

decode_head.transformer_decoder.layers.2.self_attn.attn.out_proj.weight - torch.Size([256, 256]): 
Initialized by user-defined `init_weights` in Mask2FormerHead  

decode_head.transformer_decoder.layers.2.self_attn.attn.out_proj.bias - torch.Size([256]): 
The value is the same before and after calling `init_weights` of EncoderDecoder  

decode_head.transformer_decoder.layers.2.cross_attn.attn.in_proj_weight - torch.Size([768, 256]): 
Initialized by user-defined `init_weights` in Mask2FormerHead  

decode_head.transformer_decoder.layers.2.cross_attn.attn.in_proj_bias - torch.Size([768]): 
The value is the same before and after calling `init_weights` of EncoderDecoder  

decode_head.transformer_decoder.layers.2.cross_attn.attn.out_proj.weight - torch.Size([256, 256]): 
Initialized by user-defined `init_weights` in Mask2FormerHead  

decode_head.transformer_decoder.layers.2.cross_attn.attn.out_proj.bias - torch.Size([256]): 
The value is the same before and after calling `init_weights` of EncoderDecoder  

decode_head.transformer_decoder.layers.2.ffn.layers.0.0.weight - torch.Size([2048, 256]): 
Initialized by user-defined `init_weights` in Mask2FormerHead  

decode_head.transformer_decoder.layers.2.ffn.layers.0.0.bias - torch.Size([2048]): 
The value is the same before and after calling `init_weights` of EncoderDecoder  

decode_head.transformer_decoder.layers.2.ffn.layers.1.weight - torch.Size([256, 2048]): 
Initialized by user-defined `init_weights` in Mask2FormerHead  

decode_head.transformer_decoder.layers.2.ffn.layers.1.bias - torch.Size([256]): 
The value is the same before and after calling `init_weights` of EncoderDecoder  

decode_head.transformer_decoder.layers.2.norms.0.weight - torch.Size([256]): 
The value is the same before and after calling `init_weights` of EncoderDecoder  

decode_head.transformer_decoder.layers.2.norms.0.bias - torch.Size([256]): 
The value is the same before and after calling `init_weights` of EncoderDecoder  

decode_head.transformer_decoder.layers.2.norms.1.weight - torch.Size([256]): 
The value is the same before and after calling `init_weights` of EncoderDecoder  

decode_head.transformer_decoder.layers.2.norms.1.bias - torch.Size([256]): 
The value is the same before and after calling `init_weights` of EncoderDecoder  

decode_head.transformer_decoder.layers.2.norms.2.weight - torch.Size([256]): 
The value is the same before and after calling `init_weights` of EncoderDecoder  

decode_head.transformer_decoder.layers.2.norms.2.bias - torch.Size([256]): 
The value is the same before and after calling `init_weights` of EncoderDecoder  

decode_head.transformer_decoder.layers.3.self_attn.attn.in_proj_weight - torch.Size([768, 256]): 
Initialized by user-defined `init_weights` in Mask2FormerHead  

decode_head.transformer_decoder.layers.3.self_attn.attn.in_proj_bias - torch.Size([768]): 
The value is the same before and after calling `init_weights` of EncoderDecoder  

decode_head.transformer_decoder.layers.3.self_attn.attn.out_proj.weight - torch.Size([256, 256]): 
Initialized by user-defined `init_weights` in Mask2FormerHead  

decode_head.transformer_decoder.layers.3.self_attn.attn.out_proj.bias - torch.Size([256]): 
The value is the same before and after calling `init_weights` of EncoderDecoder  

decode_head.transformer_decoder.layers.3.cross_attn.attn.in_proj_weight - torch.Size([768, 256]): 
Initialized by user-defined `init_weights` in Mask2FormerHead  

decode_head.transformer_decoder.layers.3.cross_attn.attn.in_proj_bias - torch.Size([768]): 
The value is the same before and after calling `init_weights` of EncoderDecoder  

decode_head.transformer_decoder.layers.3.cross_attn.attn.out_proj.weight - torch.Size([256, 256]): 
Initialized by user-defined `init_weights` in Mask2FormerHead  

decode_head.transformer_decoder.layers.3.cross_attn.attn.out_proj.bias - torch.Size([256]): 
The value is the same before and after calling `init_weights` of EncoderDecoder  

decode_head.transformer_decoder.layers.3.ffn.layers.0.0.weight - torch.Size([2048, 256]): 
Initialized by user-defined `init_weights` in Mask2FormerHead  

decode_head.transformer_decoder.layers.3.ffn.layers.0.0.bias - torch.Size([2048]): 
The value is the same before and after calling `init_weights` of EncoderDecoder  

decode_head.transformer_decoder.layers.3.ffn.layers.1.weight - torch.Size([256, 2048]): 
Initialized by user-defined `init_weights` in Mask2FormerHead  

decode_head.transformer_decoder.layers.3.ffn.layers.1.bias - torch.Size([256]): 
The value is the same before and after calling `init_weights` of EncoderDecoder  

decode_head.transformer_decoder.layers.3.norms.0.weight - torch.Size([256]): 
The value is the same before and after calling `init_weights` of EncoderDecoder  

decode_head.transformer_decoder.layers.3.norms.0.bias - torch.Size([256]): 
The value is the same before and after calling `init_weights` of EncoderDecoder  

decode_head.transformer_decoder.layers.3.norms.1.weight - torch.Size([256]): 
The value is the same before and after calling `init_weights` of EncoderDecoder  

decode_head.transformer_decoder.layers.3.norms.1.bias - torch.Size([256]): 
The value is the same before and after calling `init_weights` of EncoderDecoder  

decode_head.transformer_decoder.layers.3.norms.2.weight - torch.Size([256]): 
The value is the same before and after calling `init_weights` of EncoderDecoder  

decode_head.transformer_decoder.layers.3.norms.2.bias - torch.Size([256]): 
The value is the same before and after calling `init_weights` of EncoderDecoder  

decode_head.transformer_decoder.layers.4.self_attn.attn.in_proj_weight - torch.Size([768, 256]): 
Initialized by user-defined `init_weights` in Mask2FormerHead  

decode_head.transformer_decoder.layers.4.self_attn.attn.in_proj_bias - torch.Size([768]): 
The value is the same before and after calling `init_weights` of EncoderDecoder  

decode_head.transformer_decoder.layers.4.self_attn.attn.out_proj.weight - torch.Size([256, 256]): 
Initialized by user-defined `init_weights` in Mask2FormerHead  

decode_head.transformer_decoder.layers.4.self_attn.attn.out_proj.bias - torch.Size([256]): 
The value is the same before and after calling `init_weights` of EncoderDecoder  

decode_head.transformer_decoder.layers.4.cross_attn.attn.in_proj_weight - torch.Size([768, 256]): 
Initialized by user-defined `init_weights` in Mask2FormerHead  

decode_head.transformer_decoder.layers.4.cross_attn.attn.in_proj_bias - torch.Size([768]): 
The value is the same before and after calling `init_weights` of EncoderDecoder  

decode_head.transformer_decoder.layers.4.cross_attn.attn.out_proj.weight - torch.Size([256, 256]): 
Initialized by user-defined `init_weights` in Mask2FormerHead  

decode_head.transformer_decoder.layers.4.cross_attn.attn.out_proj.bias - torch.Size([256]): 
The value is the same before and after calling `init_weights` of EncoderDecoder  

decode_head.transformer_decoder.layers.4.ffn.layers.0.0.weight - torch.Size([2048, 256]): 
Initialized by user-defined `init_weights` in Mask2FormerHead  

decode_head.transformer_decoder.layers.4.ffn.layers.0.0.bias - torch.Size([2048]): 
The value is the same before and after calling `init_weights` of EncoderDecoder  

decode_head.transformer_decoder.layers.4.ffn.layers.1.weight - torch.Size([256, 2048]): 
Initialized by user-defined `init_weights` in Mask2FormerHead  

decode_head.transformer_decoder.layers.4.ffn.layers.1.bias - torch.Size([256]): 
The value is the same before and after calling `init_weights` of EncoderDecoder  

decode_head.transformer_decoder.layers.4.norms.0.weight - torch.Size([256]): 
The value is the same before and after calling `init_weights` of EncoderDecoder  

decode_head.transformer_decoder.layers.4.norms.0.bias - torch.Size([256]): 
The value is the same before and after calling `init_weights` of EncoderDecoder  

decode_head.transformer_decoder.layers.4.norms.1.weight - torch.Size([256]): 
The value is the same before and after calling `init_weights` of EncoderDecoder  

decode_head.transformer_decoder.layers.4.norms.1.bias - torch.Size([256]): 
The value is the same before and after calling `init_weights` of EncoderDecoder  

decode_head.transformer_decoder.layers.4.norms.2.weight - torch.Size([256]): 
The value is the same before and after calling `init_weights` of EncoderDecoder  

decode_head.transformer_decoder.layers.4.norms.2.bias - torch.Size([256]): 
The value is the same before and after calling `init_weights` of EncoderDecoder  

decode_head.transformer_decoder.layers.5.self_attn.attn.in_proj_weight - torch.Size([768, 256]): 
Initialized by user-defined `init_weights` in Mask2FormerHead  

decode_head.transformer_decoder.layers.5.self_attn.attn.in_proj_bias - torch.Size([768]): 
The value is the same before and after calling `init_weights` of EncoderDecoder  

decode_head.transformer_decoder.layers.5.self_attn.attn.out_proj.weight - torch.Size([256, 256]): 
Initialized by user-defined `init_weights` in Mask2FormerHead  

decode_head.transformer_decoder.layers.5.self_attn.attn.out_proj.bias - torch.Size([256]): 
The value is the same before and after calling `init_weights` of EncoderDecoder  

decode_head.transformer_decoder.layers.5.cross_attn.attn.in_proj_weight - torch.Size([768, 256]): 
Initialized by user-defined `init_weights` in Mask2FormerHead  

decode_head.transformer_decoder.layers.5.cross_attn.attn.in_proj_bias - torch.Size([768]): 
The value is the same before and after calling `init_weights` of EncoderDecoder  

decode_head.transformer_decoder.layers.5.cross_attn.attn.out_proj.weight - torch.Size([256, 256]): 
Initialized by user-defined `init_weights` in Mask2FormerHead  

decode_head.transformer_decoder.layers.5.cross_attn.attn.out_proj.bias - torch.Size([256]): 
The value is the same before and after calling `init_weights` of EncoderDecoder  

decode_head.transformer_decoder.layers.5.ffn.layers.0.0.weight - torch.Size([2048, 256]): 
Initialized by user-defined `init_weights` in Mask2FormerHead  

decode_head.transformer_decoder.layers.5.ffn.layers.0.0.bias - torch.Size([2048]): 
The value is the same before and after calling `init_weights` of EncoderDecoder  

decode_head.transformer_decoder.layers.5.ffn.layers.1.weight - torch.Size([256, 2048]): 
Initialized by user-defined `init_weights` in Mask2FormerHead  

decode_head.transformer_decoder.layers.5.ffn.layers.1.bias - torch.Size([256]): 
The value is the same before and after calling `init_weights` of EncoderDecoder  

decode_head.transformer_decoder.layers.5.norms.0.weight - torch.Size([256]): 
The value is the same before and after calling `init_weights` of EncoderDecoder  

decode_head.transformer_decoder.layers.5.norms.0.bias - torch.Size([256]): 
The value is the same before and after calling `init_weights` of EncoderDecoder  

decode_head.transformer_decoder.layers.5.norms.1.weight - torch.Size([256]): 
The value is the same before and after calling `init_weights` of EncoderDecoder  

decode_head.transformer_decoder.layers.5.norms.1.bias - torch.Size([256]): 
The value is the same before and after calling `init_weights` of EncoderDecoder  

decode_head.transformer_decoder.layers.5.norms.2.weight - torch.Size([256]): 
The value is the same before and after calling `init_weights` of EncoderDecoder  

decode_head.transformer_decoder.layers.5.norms.2.bias - torch.Size([256]): 
The value is the same before and after calling `init_weights` of EncoderDecoder  

decode_head.transformer_decoder.layers.6.self_attn.attn.in_proj_weight - torch.Size([768, 256]): 
Initialized by user-defined `init_weights` in Mask2FormerHead  

decode_head.transformer_decoder.layers.6.self_attn.attn.in_proj_bias - torch.Size([768]): 
The value is the same before and after calling `init_weights` of EncoderDecoder  

decode_head.transformer_decoder.layers.6.self_attn.attn.out_proj.weight - torch.Size([256, 256]): 
Initialized by user-defined `init_weights` in Mask2FormerHead  

decode_head.transformer_decoder.layers.6.self_attn.attn.out_proj.bias - torch.Size([256]): 
The value is the same before and after calling `init_weights` of EncoderDecoder  

decode_head.transformer_decoder.layers.6.cross_attn.attn.in_proj_weight - torch.Size([768, 256]): 
Initialized by user-defined `init_weights` in Mask2FormerHead  

decode_head.transformer_decoder.layers.6.cross_attn.attn.in_proj_bias - torch.Size([768]): 
The value is the same before and after calling `init_weights` of EncoderDecoder  

decode_head.transformer_decoder.layers.6.cross_attn.attn.out_proj.weight - torch.Size([256, 256]): 
Initialized by user-defined `init_weights` in Mask2FormerHead  

decode_head.transformer_decoder.layers.6.cross_attn.attn.out_proj.bias - torch.Size([256]): 
The value is the same before and after calling `init_weights` of EncoderDecoder  

decode_head.transformer_decoder.layers.6.ffn.layers.0.0.weight - torch.Size([2048, 256]): 
Initialized by user-defined `init_weights` in Mask2FormerHead  

decode_head.transformer_decoder.layers.6.ffn.layers.0.0.bias - torch.Size([2048]): 
The value is the same before and after calling `init_weights` of EncoderDecoder  

decode_head.transformer_decoder.layers.6.ffn.layers.1.weight - torch.Size([256, 2048]): 
Initialized by user-defined `init_weights` in Mask2FormerHead  

decode_head.transformer_decoder.layers.6.ffn.layers.1.bias - torch.Size([256]): 
The value is the same before and after calling `init_weights` of EncoderDecoder  

decode_head.transformer_decoder.layers.6.norms.0.weight - torch.Size([256]): 
The value is the same before and after calling `init_weights` of EncoderDecoder  

decode_head.transformer_decoder.layers.6.norms.0.bias - torch.Size([256]): 
The value is the same before and after calling `init_weights` of EncoderDecoder  

decode_head.transformer_decoder.layers.6.norms.1.weight - torch.Size([256]): 
The value is the same before and after calling `init_weights` of EncoderDecoder  

decode_head.transformer_decoder.layers.6.norms.1.bias - torch.Size([256]): 
The value is the same before and after calling `init_weights` of EncoderDecoder  

decode_head.transformer_decoder.layers.6.norms.2.weight - torch.Size([256]): 
The value is the same before and after calling `init_weights` of EncoderDecoder  

decode_head.transformer_decoder.layers.6.norms.2.bias - torch.Size([256]): 
The value is the same before and after calling `init_weights` of EncoderDecoder  

decode_head.transformer_decoder.layers.7.self_attn.attn.in_proj_weight - torch.Size([768, 256]): 
Initialized by user-defined `init_weights` in Mask2FormerHead  

decode_head.transformer_decoder.layers.7.self_attn.attn.in_proj_bias - torch.Size([768]): 
The value is the same before and after calling `init_weights` of EncoderDecoder  

decode_head.transformer_decoder.layers.7.self_attn.attn.out_proj.weight - torch.Size([256, 256]): 
Initialized by user-defined `init_weights` in Mask2FormerHead  

decode_head.transformer_decoder.layers.7.self_attn.attn.out_proj.bias - torch.Size([256]): 
The value is the same before and after calling `init_weights` of EncoderDecoder  

decode_head.transformer_decoder.layers.7.cross_attn.attn.in_proj_weight - torch.Size([768, 256]): 
Initialized by user-defined `init_weights` in Mask2FormerHead  

decode_head.transformer_decoder.layers.7.cross_attn.attn.in_proj_bias - torch.Size([768]): 
The value is the same before and after calling `init_weights` of EncoderDecoder  

decode_head.transformer_decoder.layers.7.cross_attn.attn.out_proj.weight - torch.Size([256, 256]): 
Initialized by user-defined `init_weights` in Mask2FormerHead  

decode_head.transformer_decoder.layers.7.cross_attn.attn.out_proj.bias - torch.Size([256]): 
The value is the same before and after calling `init_weights` of EncoderDecoder  

decode_head.transformer_decoder.layers.7.ffn.layers.0.0.weight - torch.Size([2048, 256]): 
Initialized by user-defined `init_weights` in Mask2FormerHead  

decode_head.transformer_decoder.layers.7.ffn.layers.0.0.bias - torch.Size([2048]): 
The value is the same before and after calling `init_weights` of EncoderDecoder  

decode_head.transformer_decoder.layers.7.ffn.layers.1.weight - torch.Size([256, 2048]): 
Initialized by user-defined `init_weights` in Mask2FormerHead  

decode_head.transformer_decoder.layers.7.ffn.layers.1.bias - torch.Size([256]): 
The value is the same before and after calling `init_weights` of EncoderDecoder  

decode_head.transformer_decoder.layers.7.norms.0.weight - torch.Size([256]): 
The value is the same before and after calling `init_weights` of EncoderDecoder  

decode_head.transformer_decoder.layers.7.norms.0.bias - torch.Size([256]): 
The value is the same before and after calling `init_weights` of EncoderDecoder  

decode_head.transformer_decoder.layers.7.norms.1.weight - torch.Size([256]): 
The value is the same before and after calling `init_weights` of EncoderDecoder  

decode_head.transformer_decoder.layers.7.norms.1.bias - torch.Size([256]): 
The value is the same before and after calling `init_weights` of EncoderDecoder  

decode_head.transformer_decoder.layers.7.norms.2.weight - torch.Size([256]): 
The value is the same before and after calling `init_weights` of EncoderDecoder  

decode_head.transformer_decoder.layers.7.norms.2.bias - torch.Size([256]): 
The value is the same before and after calling `init_weights` of EncoderDecoder  

decode_head.transformer_decoder.layers.8.self_attn.attn.in_proj_weight - torch.Size([768, 256]): 
Initialized by user-defined `init_weights` in Mask2FormerHead  

decode_head.transformer_decoder.layers.8.self_attn.attn.in_proj_bias - torch.Size([768]): 
The value is the same before and after calling `init_weights` of EncoderDecoder  

decode_head.transformer_decoder.layers.8.self_attn.attn.out_proj.weight - torch.Size([256, 256]): 
Initialized by user-defined `init_weights` in Mask2FormerHead  

decode_head.transformer_decoder.layers.8.self_attn.attn.out_proj.bias - torch.Size([256]): 
The value is the same before and after calling `init_weights` of EncoderDecoder  

decode_head.transformer_decoder.layers.8.cross_attn.attn.in_proj_weight - torch.Size([768, 256]): 
Initialized by user-defined `init_weights` in Mask2FormerHead  

decode_head.transformer_decoder.layers.8.cross_attn.attn.in_proj_bias - torch.Size([768]): 
The value is the same before and after calling `init_weights` of EncoderDecoder  

decode_head.transformer_decoder.layers.8.cross_attn.attn.out_proj.weight - torch.Size([256, 256]): 
Initialized by user-defined `init_weights` in Mask2FormerHead  

decode_head.transformer_decoder.layers.8.cross_attn.attn.out_proj.bias - torch.Size([256]): 
The value is the same before and after calling `init_weights` of EncoderDecoder  

decode_head.transformer_decoder.layers.8.ffn.layers.0.0.weight - torch.Size([2048, 256]): 
Initialized by user-defined `init_weights` in Mask2FormerHead  

decode_head.transformer_decoder.layers.8.ffn.layers.0.0.bias - torch.Size([2048]): 
The value is the same before and after calling `init_weights` of EncoderDecoder  

decode_head.transformer_decoder.layers.8.ffn.layers.1.weight - torch.Size([256, 2048]): 
Initialized by user-defined `init_weights` in Mask2FormerHead  

decode_head.transformer_decoder.layers.8.ffn.layers.1.bias - torch.Size([256]): 
The value is the same before and after calling `init_weights` of EncoderDecoder  

decode_head.transformer_decoder.layers.8.norms.0.weight - torch.Size([256]): 
The value is the same before and after calling `init_weights` of EncoderDecoder  

decode_head.transformer_decoder.layers.8.norms.0.bias - torch.Size([256]): 
The value is the same before and after calling `init_weights` of EncoderDecoder  

decode_head.transformer_decoder.layers.8.norms.1.weight - torch.Size([256]): 
The value is the same before and after calling `init_weights` of EncoderDecoder  

decode_head.transformer_decoder.layers.8.norms.1.bias - torch.Size([256]): 
The value is the same before and after calling `init_weights` of EncoderDecoder  

decode_head.transformer_decoder.layers.8.norms.2.weight - torch.Size([256]): 
The value is the same before and after calling `init_weights` of EncoderDecoder  

decode_head.transformer_decoder.layers.8.norms.2.bias - torch.Size([256]): 
The value is the same before and after calling `init_weights` of EncoderDecoder  

decode_head.transformer_decoder.post_norm.weight - torch.Size([256]): 
The value is the same before and after calling `init_weights` of EncoderDecoder  

decode_head.transformer_decoder.post_norm.bias - torch.Size([256]): 
The value is the same before and after calling `init_weights` of EncoderDecoder  

decode_head.query_embed.weight - torch.Size([50, 256]): 
The value is the same before and after calling `init_weights` of EncoderDecoder  

decode_head.query_feat.weight - torch.Size([50, 256]): 
The value is the same before and after calling `init_weights` of EncoderDecoder  

decode_head.level_embed.weight - torch.Size([3, 256]): 
The value is the same before and after calling `init_weights` of EncoderDecoder  

decode_head.cls_embed.weight - torch.Size([9, 256]): 
The value is the same before and after calling `init_weights` of EncoderDecoder  

decode_head.cls_embed.bias - torch.Size([9]): 
The value is the same before and after calling `init_weights` of EncoderDecoder  

decode_head.mask_embed.0.weight - torch.Size([256, 256]): 
The value is the same before and after calling `init_weights` of EncoderDecoder  

decode_head.mask_embed.0.bias - torch.Size([256]): 
The value is the same before and after calling `init_weights` of EncoderDecoder  

decode_head.mask_embed.2.weight - torch.Size([256, 256]): 
The value is the same before and after calling `init_weights` of EncoderDecoder  

decode_head.mask_embed.2.bias - torch.Size([256]): 
The value is the same before and after calling `init_weights` of EncoderDecoder  

decode_head.mask_embed.4.weight - torch.Size([256, 256]): 
The value is the same before and after calling `init_weights` of EncoderDecoder  

decode_head.mask_embed.4.bias - torch.Size([256]): 
The value is the same before and after calling `init_weights` of EncoderDecoder  
2026/08/04 02:23:42 - mmengine - WARNING - "FileClient" will be deprecated in future. Please use io functions in https://mmengine.readthedocs.io/en/latest/api/fileio.html#file-io
2026/08/04 02:23:42 - mmengine - WARNING - "HardDiskBackend" is the alias of "LocalBackend" and the former will be deprecated in future.
2026/08/04 02:23:42 - mmengine - INFO - Checkpoints will be saved to /mnt/htzzb2/EO_test/wj1/qh2_work_dirs/ningbo2m_new_dinov3_m2f_tune12_50e_512x512.
2026/08/04 02:24:45 - mmengine - INFO - Epoch(train)  [1][ 50/102]  base_lr: 3.2375e-05 lr: 3.2375e-06  eta: 1:46:25  time: 1.0245  data_time: 0.0125  memory: 59341  grad_norm: 45.6023  loss: 70.1350  decode.loss_cls: 1.1462  decode.loss_mask: 1.8436  decode.loss_dice: 3.9109  decode.d0.loss_cls: 4.4170  decode.d0.loss_mask: 1.6944  decode.d0.loss_dice: 3.7866  decode.d1.loss_cls: 1.1321  decode.d1.loss_mask: 1.7150  decode.d1.loss_dice: 3.7370  decode.d2.loss_cls: 1.1024  decode.d2.loss_mask: 1.6962  decode.d2.loss_dice: 3.7548  decode.d3.loss_cls: 1.1398  decode.d3.loss_mask: 1.6946  decode.d3.loss_dice: 3.7806  decode.d4.loss_cls: 1.1147  decode.d4.loss_mask: 1.6748  decode.d4.loss_dice: 3.8275  decode.d5.loss_cls: 1.1100  decode.d5.loss_mask: 1.6421  decode.d5.loss_dice: 3.8423  decode.d6.loss_cls: 1.1282  decode.d6.loss_mask: 1.7089  decode.d6.loss_dice: 3.8565  decode.d7.loss_cls: 1.1358  decode.d7.loss_mask: 1.7363  decode.d7.loss_dice: 3.9257  decode.d8.loss_cls: 1.1418  decode.d8.loss_mask: 1.8117  decode.d8.loss_dice: 3.9275
2026/08/04 02:25:36 - mmengine - INFO - Epoch(train)  [1][100/102]  base_lr: 6.4763e-05 lr: 6.4763e-06  eta: 1:34:49  time: 1.0031  data_time: 0.0147  memory: 29442  grad_norm: 43.4320  loss: 62.9155  decode.loss_cls: 1.0999  decode.loss_mask: 1.6811  decode.loss_dice: 3.2706  decode.d0.loss_cls: 4.2686  decode.d0.loss_mask: 1.7056  decode.d0.loss_dice: 3.3816  decode.d1.loss_cls: 1.0666  decode.d1.loss_mask: 1.6788  decode.d1.loss_dice: 3.2475  decode.d2.loss_cls: 1.0853  decode.d2.loss_mask: 1.7006  decode.d2.loss_dice: 3.1707  decode.d3.loss_cls: 1.0801  decode.d3.loss_mask: 1.7017  decode.d3.loss_dice: 3.1426  decode.d4.loss_cls: 1.0692  decode.d4.loss_mask: 1.6802  decode.d4.loss_dice: 3.1261  decode.d5.loss_cls: 1.0714  decode.d5.loss_mask: 1.7259  decode.d5.loss_dice: 3.1560  decode.d6.loss_cls: 1.0615  decode.d6.loss_mask: 1.7142  decode.d6.loss_dice: 3.1690  decode.d7.loss_cls: 1.0559  decode.d7.loss_mask: 1.6973  decode.d7.loss_dice: 3.1612  decode.d8.loss_cls: 1.0863  decode.d8.loss_mask: 1.7000  decode.d8.loss_dice: 3.1600
2026/08/04 02:25:38 - mmengine - INFO - Exp name: ningbo2m_new_dinov3_m2f_tune12_50e_512x512_20260804_022319
2026/08/04 02:25:38 - mmengine - INFO - Saving checkpoint at 1 epochs
2026/08/04 02:26:03 - mmengine - INFO - per class results:
2026/08/04 02:26:03 - mmengine - INFO - 
+-------------+-------+-------+--------+-----------+--------+
|    Class    |  IoU  |  Acc  | Fscore | Precision | Recall |
+-------------+-------+-------+--------+-----------+--------+
|  background |  0.02 |  0.02 |  0.04  |    8.95   |  0.02  |
|  grassland  |  1.47 |  1.53 |  2.89  |   26.07   |  1.53  |
|   bareland  |  8.76 | 11.34 | 16.11  |   27.79   | 11.34  |
|     road    |  0.07 |  0.07 |  0.13  |    15.6   |  0.07  |
|    forest   | 61.39 | 94.68 | 76.08  |   63.58   | 94.68  |
|    river    | 12.96 | 27.02 | 22.95  |   19.94   | 27.02  |
|   cropland  | 22.59 | 24.73 | 36.86  |   72.35   | 24.73  |
| residential |  49.7 | 85.43 |  66.4  |    54.3   | 85.43  |
+-------------+-------+-------+--------+-----------+--------+
2026/08/04 02:26:03 - mmengine - INFO - Epoch(val) [1][27/27]    aAcc: 53.7100  mIoU: 19.6200  mAcc: 30.6000  mFscore: 27.6800  mPrecision: 36.0700  mRecall: 30.6000  data_time: 0.0262  time: 0.3759
2026/08/04 02:26:07 - mmengine - INFO - The best checkpoint with 19.6200 mIoU at 1 epoch is saved to best_mIoU_epoch_1.pth.
2026/08/04 02:27:13 - mmengine - INFO - Epoch(train)  [2][ 50/102]  base_lr: 9.7752e-05 lr: 9.7752e-06  eta: 1:30:29  time: 0.9976  data_time: 0.0149  memory: 41039  grad_norm: 58.3744  loss: 53.7359  decode.loss_cls: 0.9251  decode.loss_mask: 1.5388  decode.loss_dice: 2.6285  decode.d0.loss_cls: 3.9760  decode.d0.loss_mask: 1.4985  decode.d0.loss_dice: 2.9242  decode.d1.loss_cls: 0.9434  decode.d1.loss_mask: 1.5043  decode.d1.loss_dice: 2.6892  decode.d2.loss_cls: 0.8939  decode.d2.loss_mask: 1.5345  decode.d2.loss_dice: 2.6002  decode.d3.loss_cls: 0.8686  decode.d3.loss_mask: 1.5441  decode.d3.loss_dice: 2.5524  decode.d4.loss_cls: 0.8604  decode.d4.loss_mask: 1.5695  decode.d4.loss_dice: 2.5910  decode.d5.loss_cls: 0.8837  decode.d5.loss_mask: 1.5553  decode.d5.loss_dice: 2.5894  decode.d6.loss_cls: 0.8761  decode.d6.loss_mask: 1.5222  decode.d6.loss_dice: 2.5946  decode.d7.loss_cls: 0.8723  decode.d7.loss_mask: 1.5612  decode.d7.loss_dice: 2.6026  decode.d8.loss_cls: 0.8941  decode.d8.loss_mask: 1.5428  decode.d8.loss_dice: 2.5990
2026/08/04 02:28:03 - mmengine - INFO - Epoch(train)  [2][100/102]  base_lr: 1.2880e-04 lr: 1.2880e-05  eta: 1:27:41  time: 0.9993  data_time: 0.0166  memory: 29437  grad_norm: 65.7055  loss: 45.2951  decode.loss_cls: 0.6275  decode.loss_mask: 1.4091  decode.loss_dice: 2.2365  decode.d0.loss_cls: 3.6686  decode.d0.loss_mask: 1.3489  decode.d0.loss_dice: 2.4414  decode.d1.loss_cls: 0.6999  decode.d1.loss_mask: 1.3516  decode.d1.loss_dice: 2.2311  decode.d2.loss_cls: 0.6006  decode.d2.loss_mask: 1.3735  decode.d2.loss_dice: 2.1900  decode.d3.loss_cls: 0.5553  decode.d3.loss_mask: 1.3890  decode.d3.loss_dice: 2.1632  decode.d4.loss_cls: 0.5500  decode.d4.loss_mask: 1.4088  decode.d4.loss_dice: 2.1907  decode.d5.loss_cls: 0.5853  decode.d5.loss_mask: 1.4133  decode.d5.loss_dice: 2.1818  decode.d6.loss_cls: 0.5910  decode.d6.loss_mask: 1.4236  decode.d6.loss_dice: 2.1891  decode.d7.loss_cls: 0.5853  decode.d7.loss_mask: 1.4357  decode.d7.loss_dice: 2.2102  decode.d8.loss_cls: 0.5885  decode.d8.loss_mask: 1.4388  decode.d8.loss_dice: 2.2171
2026/08/04 02:28:05 - mmengine - INFO - Exp name: ningbo2m_new_dinov3_m2f_tune12_50e_512x512_20260804_022319
2026/08/04 02:28:05 - mmengine - INFO - Saving checkpoint at 2 epochs
2026/08/04 02:28:27 - mmengine - INFO - per class results:
2026/08/04 02:28:27 - mmengine - INFO - 
+-------------+-------+-------+--------+-----------+--------+
|    Class    |  IoU  |  Acc  | Fscore | Precision | Recall |
+-------------+-------+-------+--------+-----------+--------+
|  background |  1.65 |  1.67 |  3.25  |   62.54   |  1.67  |
|  grassland  | 30.42 | 37.45 | 46.64  |   61.83   | 37.45  |
|   bareland  |  38.4 | 46.79 | 55.49  |   68.18   | 46.79  |
|     road    | 55.12 | 77.64 | 71.07  |   65.52   | 77.64  |
|    forest   | 84.12 | 96.61 | 91.37  |   86.67   | 96.61  |
|    river    | 75.66 | 87.02 | 86.15  |   85.29   | 87.02  |
|   cropland  |  76.6 | 91.09 | 86.75  |   82.81   | 91.09  |
| residential | 75.31 | 86.49 | 85.92  |   85.35   | 86.49  |
+-------------+-------+-------+--------+-----------+--------+
2026/08/04 02:28:27 - mmengine - INFO - Epoch(val) [2][27/27]    aAcc: 82.6800  mIoU: 54.6600  mAcc: 65.5900  mFscore: 65.8300  mPrecision: 74.7700  mRecall: 65.5900  data_time: 0.0303  time: 0.3583
2026/08/04 02:28:27 - mmengine - INFO - The previous best checkpoint /mnt/htzzb2/EO_test/wj1/qh2_work_dirs/ningbo2m_new_dinov3_m2f_tune12_50e_512x512/best_mIoU_epoch_1.pth is removed
2026/08/04 02:28:32 - mmengine - INFO - The best checkpoint with 54.6600 mIoU at 2 epoch is saved to best_mIoU_epoch_2.pth.
2026/08/04 02:29:35 - mmengine - INFO - Epoch(train)  [3][ 50/102]  base_lr: 1.6041e-04 lr: 1.6041e-05  eta: 1:25:46  time: 0.9966  data_time: 0.0142  memory: 29427  grad_norm: 63.5117  loss: 41.6723  decode.loss_cls: 0.4104  decode.loss_mask: 1.4077  decode.loss_dice: 2.0882  decode.d0.loss_cls: 3.2345  decode.d0.loss_mask: 1.3563  decode.d0.loss_dice: 2.1967  decode.d1.loss_cls: 0.5233  decode.d1.loss_mask: 1.3670  decode.d1.loss_dice: 2.0554  decode.d2.loss_cls: 0.3966  decode.d2.loss_mask: 1.4119  decode.d2.loss_dice: 2.0563  decode.d3.loss_cls: 0.3738  decode.d3.loss_mask: 1.4037  decode.d3.loss_dice: 2.0554  decode.d4.loss_cls: 0.3677  decode.d4.loss_mask: 1.4107  decode.d4.loss_dice: 2.0731  decode.d5.loss_cls: 0.3720  decode.d5.loss_mask: 1.4125  decode.d5.loss_dice: 2.0773  decode.d6.loss_cls: 0.3669  decode.d6.loss_mask: 1.4335  decode.d6.loss_dice: 2.0809  decode.d7.loss_cls: 0.3854  decode.d7.loss_mask: 1.4034  decode.d7.loss_dice: 2.0639  decode.d8.loss_cls: 0.3902  decode.d8.loss_mask: 1.4067  decode.d8.loss_dice: 2.0909
2026/08/04 02:30:26 - mmengine - INFO - Epoch(train)  [3][100/102]  base_lr: 1.9012e-04 lr: 1.9012e-05  eta: 1:24:16  time: 1.0519  data_time: 0.0144  memory: 29456  grad_norm: 75.6702  loss: 38.7986  decode.loss_cls: 0.3969  decode.loss_mask: 1.3044  decode.loss_dice: 1.9614  decode.d0.loss_cls: 2.7549  decode.d0.loss_mask: 1.2752  decode.d0.loss_dice: 2.0764  decode.d1.loss_cls: 0.4107  decode.d1.loss_mask: 1.2851  decode.d1.loss_dice: 1.9799  decode.d2.loss_cls: 0.3825  decode.d2.loss_mask: 1.2937  decode.d2.loss_dice: 1.9574  decode.d3.loss_cls: 0.3670  decode.d3.loss_mask: 1.3085  decode.d3.loss_dice: 1.9361  decode.d4.loss_cls: 0.3699  decode.d4.loss_mask: 1.2912  decode.d4.loss_dice: 1.9521  decode.d5.loss_cls: 0.3795  decode.d5.loss_mask: 1.2908  decode.d5.loss_dice: 1.9376  decode.d6.loss_cls: 0.3878  decode.d6.loss_mask: 1.3003  decode.d6.loss_dice: 1.9365  decode.d7.loss_cls: 0.3745  decode.d7.loss_mask: 1.3095  decode.d7.loss_dice: 1.9633  decode.d8.loss_cls: 0.3795  decode.d8.loss_mask: 1.2863  decode.d8.loss_dice: 1.9494
2026/08/04 02:30:28 - mmengine - INFO - Exp name: ningbo2m_new_dinov3_m2f_tune12_50e_512x512_20260804_022319
2026/08/04 02:30:28 - mmengine - INFO - Saving checkpoint at 3 epochs
2026/08/04 02:30:49 - mmengine - INFO - per class results:
2026/08/04 02:30:49 - mmengine - INFO - 
+-------------+-------+-------+--------+-----------+--------+
|    Class    |  IoU  |  Acc  | Fscore | Precision | Recall |
+-------------+-------+-------+--------+-----------+--------+
|  background | 27.74 | 30.01 | 43.43  |   78.56   | 30.01  |
|  grassland  | 41.93 | 56.19 | 59.08  |   62.29   | 56.19  |
|   bareland  | 46.38 | 55.47 | 63.37  |   73.89   | 55.47  |
|     road    | 59.95 | 74.48 | 74.96  |   75.45   | 74.48  |
|    forest   | 84.74 | 91.87 | 91.74  |   91.61   | 91.87  |
|    river    | 79.18 | 86.53 | 88.38  |   90.32   | 86.53  |
|   cropland  | 79.44 | 91.32 | 88.54  |   85.94   | 91.32  |
| residential | 73.87 |  95.6 | 84.97  |   76.47   |  95.6  |
+-------------+-------+-------+--------+-----------+--------+
2026/08/04 02:30:49 - mmengine - INFO - Epoch(val) [3][27/27]    aAcc: 84.5000  mIoU: 61.6500  mAcc: 72.6800  mFscore: 74.3100  mPrecision: 79.3200  mRecall: 72.6800  data_time: 0.0303  time: 0.2689
2026/08/04 02:30:49 - mmengine - INFO - The previous best checkpoint /mnt/htzzb2/EO_test/wj1/qh2_work_dirs/ningbo2m_new_dinov3_m2f_tune12_50e_512x512/best_mIoU_epoch_2.pth is removed
2026/08/04 02:30:53 - mmengine - INFO - The best checkpoint with 61.6500 mIoU at 3 epoch is saved to best_mIoU_epoch_3.pth.
2026/08/04 02:31:58 - mmengine - INFO - Epoch(train)  [4][ 50/102]  base_lr: 2.2034e-04 lr: 2.2034e-05  eta: 1:23:01  time: 0.9997  data_time: 0.0159  memory: 29421  grad_norm: 54.3084  loss: 36.7448  decode.loss_cls: 0.2932  decode.loss_mask: 1.2899  decode.loss_dice: 1.9187  decode.d0.loss_cls: 2.2014  decode.d0.loss_mask: 1.2330  decode.d0.loss_dice: 1.9852  decode.d1.loss_cls: 0.2930  decode.d1.loss_mask: 1.2684  decode.d1.loss_dice: 1.9507  decode.d2.loss_cls: 0.2710  decode.d2.loss_mask: 1.2942  decode.d2.loss_dice: 1.9157  decode.d3.loss_cls: 0.2742  decode.d3.loss_mask: 1.2828  decode.d3.loss_dice: 1.8976  decode.d4.loss_cls: 0.2598  decode.d4.loss_mask: 1.3002  decode.d4.loss_dice: 1.9178  decode.d5.loss_cls: 0.2748  decode.d5.loss_mask: 1.2868  decode.d5.loss_dice: 1.9180  decode.d6.loss_cls: 0.2780  decode.d6.loss_mask: 1.2724  decode.d6.loss_dice: 1.9082  decode.d7.loss_cls: 0.2910  decode.d7.loss_mask: 1.2736  decode.d7.loss_dice: 1.9260  decode.d8.loss_cls: 0.3020  decode.d8.loss_mask: 1.2641  decode.d8.loss_dice: 1.9029
2026/08/04 02:32:49 - mmengine - INFO - Epoch(train)  [4][100/102]  base_lr: 2.4872e-04 lr: 2.4872e-05  eta: 1:21:44  time: 1.0057  data_time: 0.0153  memory: 29478  grad_norm: 61.6661  loss: 37.0732  decode.loss_cls: 0.3277  decode.loss_mask: 1.3474  decode.loss_dice: 1.9162  decode.d0.loss_cls: 1.7082  decode.d0.loss_mask: 1.2948  decode.d0.loss_dice: 1.9384  decode.d1.loss_cls: 0.3172  decode.d1.loss_mask: 1.3378  decode.d1.loss_dice: 1.9334  decode.d2.loss_cls: 0.2951  decode.d2.loss_mask: 1.3453  decode.d2.loss_dice: 1.9087  decode.d3.loss_cls: 0.3079  decode.d3.loss_mask: 1.3336  decode.d3.loss_dice: 1.9039  decode.d4.loss_cls: 0.3052  decode.d4.loss_mask: 1.3347  decode.d4.loss_dice: 1.9220  decode.d5.loss_cls: 0.3091  decode.d5.loss_mask: 1.3451  decode.d5.loss_dice: 1.9139  decode.d6.loss_cls: 0.3112  decode.d6.loss_mask: 1.3528  decode.d6.loss_dice: 1.9097  decode.d7.loss_cls: 0.3312  decode.d7.loss_mask: 1.3389  decode.d7.loss_dice: 1.9099  decode.d8.loss_cls: 0.3140  decode.d8.loss_mask: 1.3460  decode.d8.loss_dice: 1.9141
2026/08/04 02:32:51 - mmengine - INFO - Exp name: ningbo2m_new_dinov3_m2f_tune12_50e_512x512_20260804_022319
2026/08/04 02:32:51 - mmengine - INFO - Saving checkpoint at 4 epochs
2026/08/04 02:33:13 - mmengine - INFO - per class results:
2026/08/04 02:33:13 - mmengine - INFO - 
+-------------+-------+-------+--------+-----------+--------+
|    Class    |  IoU  |  Acc  | Fscore | Precision | Recall |
+-------------+-------+-------+--------+-----------+--------+
|  background | 37.04 | 42.28 | 54.06  |   74.92   | 42.28  |
|  grassland  | 44.15 | 54.02 | 61.26  |   70.74   | 54.02  |
|   bareland  |  54.3 | 66.29 | 70.38  |   75.01   | 66.29  |
|     road    | 65.48 | 80.42 | 79.14  |    77.9   | 80.42  |
|    forest   |  86.6 | 95.95 | 92.82  |   89.88   | 95.95  |
|    river    | 80.78 | 89.07 | 89.37  |   89.67   | 89.07  |
|   cropland  | 81.93 | 89.67 | 90.07  |   90.47   | 89.67  |
| residential | 78.49 | 92.83 | 87.95  |   83.56   | 92.83  |
+-------------+-------+-------+--------+-----------+--------+
2026/08/04 02:33:13 - mmengine - INFO - Epoch(val) [4][27/27]    aAcc: 86.5800  mIoU: 66.1000  mAcc: 76.3200  mFscore: 78.1300  mPrecision: 81.5200  mRecall: 76.3200  data_time: 0.0309  time: 0.2698
2026/08/04 02:33:13 - mmengine - INFO - The previous best checkpoint /mnt/htzzb2/EO_test/wj1/qh2_work_dirs/ningbo2m_new_dinov3_m2f_tune12_50e_512x512/best_mIoU_epoch_3.pth is removed
2026/08/04 02:33:18 - mmengine - INFO - The best checkpoint with 66.1000 mIoU at 4 epoch is saved to best_mIoU_epoch_4.pth.
2026/08/04 02:34:22 - mmengine - INFO - Epoch(train)  [5][ 50/102]  base_lr: 2.7755e-04 lr: 2.7755e-05  eta: 1:20:34  time: 1.0047  data_time: 0.0148  memory: 29418  grad_norm: 54.5777  loss: 32.5940  decode.loss_cls: 0.3004  decode.loss_mask: 1.1454  decode.loss_dice: 1.7125  decode.d0.loss_cls: 1.1916  decode.d0.loss_mask: 1.1368  decode.d0.loss_dice: 1.7984  decode.d1.loss_cls: 0.2938  decode.d1.loss_mask: 1.1272  decode.d1.loss_dice: 1.7688  decode.d2.loss_cls: 0.2882  decode.d2.loss_mask: 1.1379  decode.d2.loss_dice: 1.7533  decode.d3.loss_cls: 0.2830  decode.d3.loss_mask: 1.1396  decode.d3.loss_dice: 1.7296  decode.d4.loss_cls: 0.2875  decode.d4.loss_mask: 1.1519  decode.d4.loss_dice: 1.7208  decode.d5.loss_cls: 0.2891  decode.d5.loss_mask: 1.1377  decode.d5.loss_dice: 1.7155  decode.d6.loss_cls: 0.3190  decode.d6.loss_mask: 1.1271  decode.d6.loss_dice: 1.6916  decode.d7.loss_cls: 0.3052  decode.d7.loss_mask: 1.1578  decode.d7.loss_dice: 1.7196  decode.d8.loss_cls: 0.2970  decode.d8.loss_mask: 1.1485  decode.d8.loss_dice: 1.7193
2026/08/04 02:35:11 - mmengine - INFO - Epoch(train)  [5][100/102]  base_lr: 3.0460e-04 lr: 3.0460e-05  eta: 1:19:22  time: 0.9974  data_time: 0.0153  memory: 29448  grad_norm: 65.7611  loss: 27.6727  decode.loss_cls: 0.2596  decode.loss_mask: 0.9544  decode.loss_dice: 1.4881  decode.d0.loss_cls: 0.8772  decode.d0.loss_mask: 0.9442  decode.d0.loss_dice: 1.5637  decode.d1.loss_cls: 0.2290  decode.d1.loss_mask: 0.9603  decode.d1.loss_dice: 1.5362  decode.d2.loss_cls: 0.2470  decode.d2.loss_mask: 0.9546  decode.d2.loss_dice: 1.4979  decode.d3.loss_cls: 0.2552  decode.d3.loss_mask: 0.9440  decode.d3.loss_dice: 1.4911  decode.d4.loss_cls: 0.2362  decode.d4.loss_mask: 0.9637  decode.d4.loss_dice: 1.4899  decode.d5.loss_cls: 0.2394  decode.d5.loss_mask: 0.9529  decode.d5.loss_dice: 1.4890  decode.d6.loss_cls: 0.2607  decode.d6.loss_mask: 0.9412  decode.d6.loss_dice: 1.4805  decode.d7.loss_cls: 0.2588  decode.d7.loss_mask: 0.9567  decode.d7.loss_dice: 1.4941  decode.d8.loss_cls: 0.2525  decode.d8.loss_mask: 0.9527  decode.d8.loss_dice: 1.5018
2026/08/04 02:35:13 - mmengine - INFO - Exp name: ningbo2m_new_dinov3_m2f_tune12_50e_512x512_20260804_022319
2026/08/04 02:35:14 - mmengine - INFO - Saving checkpoint at 5 epochs
2026/08/04 02:35:36 - mmengine - INFO - per class results:
2026/08/04 02:35:36 - mmengine - INFO - 
+-------------+-------+-------+--------+-----------+--------+
|    Class    |  IoU  |  Acc  | Fscore | Precision | Recall |
+-------------+-------+-------+--------+-----------+--------+
|  background | 38.88 | 43.73 | 55.99  |   77.78   | 43.73  |
|  grassland  | 45.81 | 55.22 | 62.84  |   72.89   | 55.22  |
|   bareland  | 56.08 | 74.35 | 71.86  |   69.53   | 74.35  |
|     road    | 65.48 | 73.62 | 79.14  |   85.56   | 73.62  |
|    forest   | 87.11 | 96.86 | 93.11  |   89.65   | 96.86  |
|    river    |  81.2 | 87.57 | 89.62  |   91.77   | 87.57  |
|   cropland  | 82.01 | 93.21 | 90.11  |   87.22   | 93.21  |
| residential | 78.84 | 84.87 | 88.17  |   91.73   | 84.87  |
+-------------+-------+-------+--------+-----------+--------+
2026/08/04 02:35:36 - mmengine - INFO - Epoch(val) [5][27/27]    aAcc: 86.9600  mIoU: 66.9300  mAcc: 76.1800  mFscore: 78.8600  mPrecision: 83.2700  mRecall: 76.1800  data_time: 0.0315  time: 0.2702
2026/08/04 02:35:36 - mmengine - INFO - The previous best checkpoint /mnt/htzzb2/EO_test/wj1/qh2_work_dirs/ningbo2m_new_dinov3_m2f_tune12_50e_512x512/best_mIoU_epoch_4.pth is removed
2026/08/04 02:35:41 - mmengine - INFO - The best checkpoint with 66.9300 mIoU at 5 epoch is saved to best_mIoU_epoch_5.pth.
2026/08/04 02:36:44 - mmengine - INFO - Epoch(train)  [6][ 50/102]  base_lr: 3.3203e-04 lr: 3.3203e-05  eta: 1:18:17  time: 0.9953  data_time: 0.0136  memory: 29437  grad_norm: 57.0779  loss: 30.6851  decode.loss_cls: 0.2747  decode.loss_mask: 1.0924  decode.loss_dice: 1.6508  decode.d0.loss_cls: 0.6752  decode.d0.loss_mask: 1.0886  decode.d0.loss_dice: 1.7365  decode.d1.loss_cls: 0.2811  decode.d1.loss_mask: 1.0723  decode.d1.loss_dice: 1.6827  decode.d2.loss_cls: 0.2721  decode.d2.loss_mask: 1.0785  decode.d2.loss_dice: 1.6860  decode.d3.loss_cls: 0.2830  decode.d3.loss_mask: 1.0748  decode.d3.loss_dice: 1.6655  decode.d4.loss_cls: 0.2710  decode.d4.loss_mask: 1.0647  decode.d4.loss_dice: 1.6786  decode.d5.loss_cls: 0.2668  decode.d5.loss_mask: 1.0784  decode.d5.loss_dice: 1.6717  decode.d6.loss_cls: 0.2617  decode.d6.loss_mask: 1.0715  decode.d6.loss_dice: 1.6659  decode.d7.loss_cls: 0.2804  decode.d7.loss_mask: 1.0782  decode.d7.loss_dice: 1.6639  decode.d8.loss_cls: 0.2691  decode.d8.loss_mask: 1.0823  decode.d8.loss_dice: 1.6667
2026/08/04 02:37:34 - mmengine - INFO - Epoch(train)  [6][100/102]  base_lr: 3.5775e-04 lr: 3.5775e-05  eta: 1:17:11  time: 0.9943  data_time: 0.0154  memory: 29457  grad_norm: 225.3838  loss: 32.2715  decode.loss_cls: 0.2344  decode.loss_mask: 1.2713  decode.loss_dice: 1.7028  decode.d0.loss_cls: 0.5370  decode.d0.loss_mask: 1.2625  decode.d0.loss_dice: 1.7807  decode.d1.loss_cls: 0.2452  decode.d1.loss_mask: 1.2414  decode.d1.loss_dice: 1.7303  decode.d2.loss_cls: 0.2348  decode.d2.loss_mask: 1.2369  decode.d2.loss_dice: 1.6983  decode.d3.loss_cls: 0.2445  decode.d3.loss_mask: 1.2365  decode.d3.loss_dice: 1.6861  decode.d4.loss_cls: 0.2350  decode.d4.loss_mask: 1.2333  decode.d4.loss_dice: 1.6979  decode.d5.loss_cls: 0.2425  decode.d5.loss_mask: 1.2459  decode.d5.loss_dice: 1.6908  decode.d6.loss_cls: 0.2448  decode.d6.loss_mask: 1.2508  decode.d6.loss_dice: 1.6847  decode.d7.loss_cls: 0.2404  decode.d7.loss_mask: 1.2724  decode.d7.loss_dice: 1.6980  decode.d8.loss_cls: 0.2418  decode.d8.loss_mask: 1.2671  decode.d8.loss_dice: 1.6833
2026/08/04 02:37:36 - mmengine - INFO - Exp name: ningbo2m_new_dinov3_m2f_tune12_50e_512x512_20260804_022319
2026/08/04 02:37:36 - mmengine - INFO - Saving checkpoint at 6 epochs
2026/08/04 02:37:59 - mmengine - INFO - per class results:
2026/08/04 02:37:59 - mmengine - INFO - 
+-------------+-------+-------+--------+-----------+--------+
|    Class    |  IoU  |  Acc  | Fscore | Precision | Recall |
+-------------+-------+-------+--------+-----------+--------+
|  background | 43.61 | 54.04 | 60.73  |   69.32   | 54.04  |
|  grassland  | 47.38 | 60.36 |  64.3  |   68.79   | 60.36  |
|   bareland  | 54.59 | 65.61 | 70.63  |   76.48   | 65.61  |
|     road    | 66.07 | 73.42 | 79.57  |   86.85   | 73.42  |
|    forest   | 87.01 | 95.76 | 93.05  |    90.5   | 95.76  |
|    river    | 80.73 | 86.31 | 89.34  |   92.59   | 86.31  |
|   cropland  | 81.99 | 93.32 |  90.1  |    87.1   | 93.32  |
| residential | 80.63 | 89.88 | 89.28  |   88.69   | 89.88  |
+-------------+-------+-------+--------+-----------+--------+
2026/08/04 02:37:59 - mmengine - INFO - Epoch(val) [6][27/27]    aAcc: 87.0400  mIoU: 67.7500  mAcc: 77.3400  mFscore: 79.6300  mPrecision: 82.5400  mRecall: 77.3400  data_time: 0.0307  time: 0.2700
2026/08/04 02:37:59 - mmengine - INFO - The previous best checkpoint /mnt/htzzb2/EO_test/wj1/qh2_work_dirs/ningbo2m_new_dinov3_m2f_tune12_50e_512x512/best_mIoU_epoch_5.pth is removed
2026/08/04 02:38:03 - mmengine - INFO - The best checkpoint with 67.7500 mIoU at 6 epoch is saved to best_mIoU_epoch_6.pth.
2026/08/04 02:39:08 - mmengine - INFO - Epoch(train)  [7][ 50/102]  base_lr: 3.8380e-04 lr: 3.8380e-05  eta: 1:16:11  time: 0.9991  data_time: 0.0163  memory: 29437  grad_norm: 60.9969  loss: 31.0409  decode.loss_cls: 0.2326  decode.loss_mask: 1.1267  decode.loss_dice: 1.7231  decode.d0.loss_cls: 0.4863  decode.d0.loss_mask: 1.1676  decode.d0.loss_dice: 1.7587  decode.d1.loss_cls: 0.2454  decode.d1.loss_mask: 1.1418  decode.d1.loss_dice: 1.7192  decode.d2.loss_cls: 0.2341  decode.d2.loss_mask: 1.1376  decode.d2.loss_dice: 1.6989  decode.d3.loss_cls: 0.2336  decode.d3.loss_mask: 1.1327  decode.d3.loss_dice: 1.6866  decode.d4.loss_cls: 0.2271  decode.d4.loss_mask: 1.1349  decode.d4.loss_dice: 1.7031  decode.d5.loss_cls: 0.2413  decode.d5.loss_mask: 1.1289  decode.d5.loss_dice: 1.6549  decode.d6.loss_cls: 0.2440  decode.d6.loss_mask: 1.1193  decode.d6.loss_dice: 1.6818  decode.d7.loss_cls: 0.2345  decode.d7.loss_mask: 1.1382  decode.d7.loss_dice: 1.7087  decode.d8.loss_cls: 0.2357  decode.d8.loss_mask: 1.1329  decode.d8.loss_dice: 1.7308
2026/08/04 02:39:58 - mmengine - INFO - Epoch(train)  [7][100/102]  base_lr: 4.0818e-04 lr: 4.0818e-05  eta: 1:15:13  time: 1.0292  data_time: 0.0153  memory: 29448  grad_norm: 57.9459  loss: 28.6450  decode.loss_cls: 0.2504  decode.loss_mask: 1.0271  decode.loss_dice: 1.5602  decode.d0.loss_cls: 0.4665  decode.d0.loss_mask: 1.0118  decode.d0.loss_dice: 1.6167  decode.d1.loss_cls: 0.2715  decode.d1.loss_mask: 1.0111  decode.d1.loss_dice: 1.5674  decode.d2.loss_cls: 0.2593  decode.d2.loss_mask: 1.0186  decode.d2.loss_dice: 1.5453  decode.d3.loss_cls: 0.2552  decode.d3.loss_mask: 1.0211  decode.d3.loss_dice: 1.5468  decode.d4.loss_cls: 0.2508  decode.d4.loss_mask: 1.0291  decode.d4.loss_dice: 1.5630  decode.d5.loss_cls: 0.2390  decode.d5.loss_mask: 1.0244  decode.d5.loss_dice: 1.5724  decode.d6.loss_cls: 0.2508  decode.d6.loss_mask: 1.0294  decode.d6.loss_dice: 1.5674  decode.d7.loss_cls: 0.2566  decode.d7.loss_mask: 1.0299  decode.d7.loss_dice: 1.5647  decode.d8.loss_cls: 0.2432  decode.d8.loss_mask: 1.0343  decode.d8.loss_dice: 1.5610
2026/08/04 02:40:00 - mmengine - INFO - Exp name: ningbo2m_new_dinov3_m2f_tune12_50e_512x512_20260804_022319
2026/08/04 02:40:00 - mmengine - INFO - Saving checkpoint at 7 epochs
2026/08/04 02:40:22 - mmengine - INFO - per class results:
2026/08/04 02:40:22 - mmengine - INFO - 
+-------------+-------+-------+--------+-----------+--------+
|    Class    |  IoU  |  Acc  | Fscore | Precision | Recall |
+-------------+-------+-------+--------+-----------+--------+
|  background | 33.43 | 35.35 | 50.11  |   86.03   | 35.35  |
|  grassland  | 50.07 | 69.74 | 66.73  |   63.98   | 69.74  |
|   bareland  | 57.28 | 70.78 | 72.84  |   75.02   | 70.78  |
|     road    | 68.39 | 83.53 | 81.23  |   79.06   | 83.53  |
|    forest   | 87.01 | 94.53 | 93.05  |   91.62   | 94.53  |
|    river    | 81.45 | 89.33 | 89.78  |   90.23   | 89.33  |
|   cropland  | 81.83 | 87.91 | 90.01  |   92.21   | 87.91  |
| residential | 80.58 | 90.17 | 89.25  |   88.34   | 90.17  |
+-------------+-------+-------+--------+-----------+--------+
2026/08/04 02:40:22 - mmengine - INFO - Epoch(val) [7][27/27]    aAcc: 87.1100  mIoU: 67.5100  mAcc: 77.6700  mFscore: 79.1200  mPrecision: 83.3100  mRecall: 77.6700  data_time: 0.0285  time: 0.2666
2026/08/04 02:41:12 - mmengine - INFO - Epoch(train)  [8][ 50/102]  base_lr: 4.3284e-04 lr: 4.3284e-05  eta: 1:14:15  time: 0.9964  data_time: 0.0144  memory: 29418  grad_norm: 54.7746  loss: 30.0152  decode.loss_cls: 0.2105  decode.loss_mask: 1.1497  decode.loss_dice: 1.6193  decode.d0.loss_cls: 0.4082  decode.d0.loss_mask: 1.1588  decode.d0.loss_dice: 1.6286  decode.d1.loss_cls: 0.2257  decode.d1.loss_mask: 1.1557  decode.d1.loss_dice: 1.6181  decode.d2.loss_cls: 0.2130  decode.d2.loss_mask: 1.1624  decode.d2.loss_dice: 1.6196  decode.d3.loss_cls: 0.2087  decode.d3.loss_mask: 1.1564  decode.d3.loss_dice: 1.5972  decode.d4.loss_cls: 0.2014  decode.d4.loss_mask: 1.1593  decode.d4.loss_dice: 1.5878  decode.d5.loss_cls: 0.2037  decode.d5.loss_mask: 1.1530  decode.d5.loss_dice: 1.6154  decode.d6.loss_cls: 0.2142  decode.d6.loss_mask: 1.1582  decode.d6.loss_dice: 1.6164  decode.d7.loss_cls: 0.2267  decode.d7.loss_mask: 1.1626  decode.d7.loss_dice: 1.6000  decode.d8.loss_cls: 0.2294  decode.d8.loss_mask: 1.1528  decode.d8.loss_dice: 1.6020
2026/08/04 02:42:03 - mmengine - INFO - Epoch(train)  [8][100/102]  base_lr: 4.5589e-04 lr: 4.5589e-05  eta: 1:13:19  time: 1.0188  data_time: 0.0152  memory: 29456  grad_norm: 49.1332  loss: 28.1590  decode.loss_cls: 0.2189  decode.loss_mask: 1.0341  decode.loss_dice: 1.5384  decode.d0.loss_cls: 0.3774  decode.d0.loss_mask: 1.0357  decode.d0.loss_dice: 1.5842  decode.d1.loss_cls: 0.2479  decode.d1.loss_mask: 1.0200  decode.d1.loss_dice: 1.5450  decode.d2.loss_cls: 0.2311  decode.d2.loss_mask: 1.0405  decode.d2.loss_dice: 1.5097  decode.d3.loss_cls: 0.2171  decode.d3.loss_mask: 1.0487  decode.d3.loss_dice: 1.5171  decode.d4.loss_cls: 0.2132  decode.d4.loss_mask: 1.0512  decode.d4.loss_dice: 1.5382  decode.d5.loss_cls: 0.2100  decode.d5.loss_mask: 1.0483  decode.d5.loss_dice: 1.5359  decode.d6.loss_cls: 0.2066  decode.d6.loss_mask: 1.0476  decode.d6.loss_dice: 1.5490  decode.d7.loss_cls: 0.2176  decode.d7.loss_mask: 1.0461  decode.d7.loss_dice: 1.5212  decode.d8.loss_cls: 0.2091  decode.d8.loss_mask: 1.0631  decode.d8.loss_dice: 1.5359
2026/08/04 02:42:05 - mmengine - INFO - Exp name: ningbo2m_new_dinov3_m2f_tune12_50e_512x512_20260804_022319
2026/08/04 02:42:05 - mmengine - INFO - Saving checkpoint at 8 epochs
2026/08/04 02:42:26 - mmengine - INFO - per class results:
2026/08/04 02:42:26 - mmengine - INFO - 
+-------------+-------+-------+--------+-----------+--------+
|    Class    |  IoU  |  Acc  | Fscore | Precision | Recall |
+-------------+-------+-------+--------+-----------+--------+
|  background | 47.43 | 62.17 | 64.34  |   66.67   | 62.17  |
|  grassland  | 51.21 | 64.79 | 67.73  |   70.95   | 64.79  |
|   bareland  | 59.17 | 77.61 | 74.35  |   71.35   | 77.61  |
|     road    | 69.71 | 82.41 | 82.15  |    81.9   | 82.41  |
|    forest   | 87.67 |  95.0 | 93.43  |   91.91   |  95.0  |
|    river    | 81.36 | 89.12 | 89.72  |   90.33   | 89.12  |
|   cropland  | 83.13 | 89.82 | 90.79  |   91.78   | 89.82  |
| residential |  81.1 | 88.19 | 89.56  |   90.98   | 88.19  |
+-------------+-------+-------+--------+-----------+--------+
2026/08/04 02:42:26 - mmengine - INFO - Epoch(val) [8][27/27]    aAcc: 87.8100  mIoU: 70.1000  mAcc: 81.1400  mFscore: 81.5100  mPrecision: 81.9800  mRecall: 81.1400  data_time: 0.0280  time: 0.2666
2026/08/04 02:42:26 - mmengine - INFO - The previous best checkpoint /mnt/htzzb2/EO_test/wj1/qh2_work_dirs/ningbo2m_new_dinov3_m2f_tune12_50e_512x512/best_mIoU_epoch_6.pth is removed
2026/08/04 02:42:31 - mmengine - INFO - The best checkpoint with 70.1000 mIoU at 8 epoch is saved to best_mIoU_epoch_8.pth.
2026/08/04 02:43:35 - mmengine - INFO - Epoch(train)  [9][ 50/102]  base_lr: 4.7916e-04 lr: 4.7916e-05  eta: 1:12:25  time: 1.0250  data_time: 0.0155  memory: 29457  grad_norm: 52.5374  loss: 30.0038  decode.loss_cls: 0.2303  decode.loss_mask: 1.1368  decode.loss_dice: 1.6184  decode.d0.loss_cls: 0.3627  decode.d0.loss_mask: 1.1556  decode.d0.loss_dice: 1.6743  decode.d1.loss_cls: 0.2407  decode.d1.loss_mask: 1.1349  decode.d1.loss_dice: 1.6101  decode.d2.loss_cls: 0.2253  decode.d2.loss_mask: 1.1439  decode.d2.loss_dice: 1.6059  decode.d3.loss_cls: 0.2353  decode.d3.loss_mask: 1.1465  decode.d3.loss_dice: 1.5968  decode.d4.loss_cls: 0.2182  decode.d4.loss_mask: 1.1576  decode.d4.loss_dice: 1.6033  decode.d5.loss_cls: 0.2229  decode.d5.loss_mask: 1.1432  decode.d5.loss_dice: 1.6039  decode.d6.loss_cls: 0.2171  decode.d6.loss_mask: 1.1432  decode.d6.loss_dice: 1.6085  decode.d7.loss_cls: 0.2273  decode.d7.loss_mask: 1.1468  decode.d7.loss_dice: 1.6100  decode.d8.loss_cls: 0.2422  decode.d8.loss_mask: 1.1316  decode.d8.loss_dice: 1.6104
2026/08/04 02:44:26 - mmengine - INFO - Epoch(train)  [9][100/102]  base_lr: 5.0087e-04 lr: 5.0087e-05  eta: 1:11:29  time: 0.9987  data_time: 0.0156  memory: 29466  grad_norm: 50.4998  loss: 27.2056  decode.loss_cls: 0.1930  decode.loss_mask: 1.0652  decode.loss_dice: 1.4354  decode.d0.loss_cls: 0.3694  decode.d0.loss_mask: 1.0533  decode.d0.loss_dice: 1.4985  decode.d1.loss_cls: 0.2230  decode.d1.loss_mask: 1.0357  decode.d1.loss_dice: 1.4542  decode.d2.loss_cls: 0.2015  decode.d2.loss_mask: 1.0563  decode.d2.loss_dice: 1.4290  decode.d3.loss_cls: 0.1984  decode.d3.loss_mask: 1.0510  decode.d3.loss_dice: 1.4291  decode.d4.loss_cls: 0.2122  decode.d4.loss_mask: 1.0475  decode.d4.loss_dice: 1.4410  decode.d5.loss_cls: 0.2101  decode.d5.loss_mask: 1.0413  decode.d5.loss_dice: 1.4546  decode.d6.loss_cls: 0.2026  decode.d6.loss_mask: 1.0493  decode.d6.loss_dice: 1.4335  decode.d7.loss_cls: 0.2102  decode.d7.loss_mask: 1.0526  decode.d7.loss_dice: 1.4537  decode.d8.loss_cls: 0.2027  decode.d8.loss_mask: 1.0487  decode.d8.loss_dice: 1.4524
2026/08/04 02:44:28 - mmengine - INFO - Exp name: ningbo2m_new_dinov3_m2f_tune12_50e_512x512_20260804_022319
2026/08/04 02:44:28 - mmengine - INFO - Saving checkpoint at 9 epochs
2026/08/04 02:44:50 - mmengine - INFO - per class results:
2026/08/04 02:44:50 - mmengine - INFO - 
+-------------+-------+-------+--------+-----------+--------+
|    Class    |  IoU  |  Acc  | Fscore | Precision | Recall |
+-------------+-------+-------+--------+-----------+--------+
|  background | 38.34 | 41.97 | 55.43  |   81.58   | 41.97  |
|  grassland  | 48.63 | 58.85 | 65.43  |   73.67   | 58.85  |
|   bareland  | 56.77 |  66.0 | 72.43  |   80.24   |  66.0  |
|     road    | 69.56 | 85.94 | 82.05  |   78.49   | 85.94  |
|    forest   | 87.33 | 96.89 | 93.24  |   89.85   | 96.89  |
|    river    | 80.66 | 88.41 |  89.3  |    90.2   | 88.41  |
|   cropland  |  83.1 |  92.7 | 90.77  |   88.92   |  92.7  |
| residential | 81.82 | 89.91 |  90.0  |   90.09   | 89.91  |
+-------------+-------+-------+--------+-----------+--------+
2026/08/04 02:44:50 - mmengine - INFO - Epoch(val) [9][27/27]    aAcc: 87.6700  mIoU: 68.2800  mAcc: 77.5800  mFscore: 79.8300  mPrecision: 84.1300  mRecall: 77.5800  data_time: 0.0314  time: 0.2700
2026/08/04 02:45:40 - mmengine - INFO - Epoch(train) [10][ 50/102]  base_lr: 5.2276e-04 lr: 5.2276e-05  eta: 1:10:33  time: 0.9975  data_time: 0.0159  memory: 29460  grad_norm: 50.9348  loss: 27.8787  decode.loss_cls: 0.1980  decode.loss_mask: 1.0884  decode.loss_dice: 1.4734  decode.d0.loss_cls: 0.3421  decode.d0.loss_mask: 1.0897  decode.d0.loss_dice: 1.5180  decode.d1.loss_cls: 0.2292  decode.d1.loss_mask: 1.0838  decode.d1.loss_dice: 1.4669  decode.d2.loss_cls: 0.2231  decode.d2.loss_mask: 1.0875  decode.d2.loss_dice: 1.4538  decode.d3.loss_cls: 0.2163  decode.d3.loss_mask: 1.0785  decode.d3.loss_dice: 1.4633  decode.d4.loss_cls: 0.2086  decode.d4.loss_mask: 1.0784  decode.d4.loss_dice: 1.4731  decode.d5.loss_cls: 0.2034  decode.d5.loss_mask: 1.0910  decode.d5.loss_dice: 1.4800  decode.d6.loss_cls: 0.1939  decode.d6.loss_mask: 1.0913  decode.d6.loss_dice: 1.4813  decode.d7.loss_cls: 0.2126  decode.d7.loss_mask: 1.0817  decode.d7.loss_dice: 1.4870  decode.d8.loss_cls: 0.2062  decode.d8.loss_mask: 1.0970  decode.d8.loss_dice: 1.4811
2026/08/04 02:46:12 - mmengine - INFO - Exp name: ningbo2m_new_dinov3_m2f_tune12_50e_512x512_20260804_022319
2026/08/04 02:46:30 - mmengine - INFO - Epoch(train) [10][100/102]  base_lr: 5.4313e-04 lr: 5.4313e-05  eta: 1:09:36  time: 0.9960  data_time: 0.0158  memory: 29436  grad_norm: 46.7431  loss: 26.8979  decode.loss_cls: 0.2376  decode.loss_mask: 0.9810  decode.loss_dice: 1.4663  decode.d0.loss_cls: 0.3695  decode.d0.loss_mask: 0.9742  decode.d0.loss_dice: 1.4992  decode.d1.loss_cls: 0.2349  decode.d1.loss_mask: 1.0049  decode.d1.loss_dice: 1.4473  decode.d2.loss_cls: 0.2201  decode.d2.loss_mask: 1.0107  decode.d2.loss_dice: 1.4475  decode.d3.loss_cls: 0.2087  decode.d3.loss_mask: 1.0001  decode.d3.loss_dice: 1.4612  decode.d4.loss_cls: 0.2210  decode.d4.loss_mask: 0.9800  decode.d4.loss_dice: 1.4584  decode.d5.loss_cls: 0.2088  decode.d5.loss_mask: 0.9962  decode.d5.loss_dice: 1.4632  decode.d6.loss_cls: 0.2322  decode.d6.loss_mask: 0.9876  decode.d6.loss_dice: 1.4501  decode.d7.loss_cls: 0.2274  decode.d7.loss_mask: 1.0036  decode.d7.loss_dice: 1.4378  decode.d8.loss_cls: 0.2343  decode.d8.loss_mask: 0.9909  decode.d8.loss_dice: 1.4431
2026/08/04 02:46:32 - mmengine - INFO - Exp name: ningbo2m_new_dinov3_m2f_tune12_50e_512x512_20260804_022319
2026/08/04 02:46:33 - mmengine - INFO - Saving checkpoint at 10 epochs
2026/08/04 02:46:55 - mmengine - INFO - per class results:
2026/08/04 02:46:55 - mmengine - INFO - 
+-------------+-------+-------+--------+-----------+--------+
|    Class    |  IoU  |  Acc  | Fscore | Precision | Recall |
+-------------+-------+-------+--------+-----------+--------+
|  background | 46.65 | 58.34 | 63.62  |   69.94   | 58.34  |
|  grassland  | 50.28 | 62.81 | 66.91  |   71.59   | 62.81  |
|   bareland  | 58.33 | 72.05 | 73.68  |    75.4   | 72.05  |
|     road    | 69.64 | 78.58 | 82.11  |   85.97   | 78.58  |
|    forest   |  87.6 | 95.95 | 93.39  |   90.97   | 95.95  |
|    river    | 80.96 | 91.27 | 89.48  |   87.76   | 91.27  |
|   cropland  | 83.28 | 88.79 | 90.88  |   93.07   | 88.79  |
| residential | 81.46 | 90.66 | 89.78  |   88.92   | 90.66  |
+-------------+-------+-------+--------+-----------+--------+
2026/08/04 02:46:55 - mmengine - INFO - Epoch(val) [10][27/27]    aAcc: 87.8200  mIoU: 69.7800  mAcc: 79.8100  mFscore: 81.2300  mPrecision: 82.9500  mRecall: 79.8100  data_time: 0.0333  time: 0.2723
2026/08/04 02:47:45 - mmengine - INFO - Epoch(train) [11][ 50/102]  base_lr: 5.6363e-04 lr: 5.6363e-05  eta: 1:08:41  time: 1.0020  data_time: 0.0163  memory: 29479  grad_norm: 47.1876  loss: 25.9783  decode.loss_cls: 0.1886  decode.loss_mask: 0.9711  decode.loss_dice: 1.4131  decode.d0.loss_cls: 0.3482  decode.d0.loss_mask: 0.9631  decode.d0.loss_dice: 1.4478  decode.d1.loss_cls: 0.2079  decode.d1.loss_mask: 0.9591  decode.d1.loss_dice: 1.4162  decode.d2.loss_cls: 0.1847  decode.d2.loss_mask: 0.9687  decode.d2.loss_dice: 1.4381  decode.d3.loss_cls: 0.1928  decode.d3.loss_mask: 0.9647  decode.d3.loss_dice: 1.4220  decode.d4.loss_cls: 0.2009  decode.d4.loss_mask: 0.9815  decode.d4.loss_dice: 1.4120  decode.d5.loss_cls: 0.2000  decode.d5.loss_mask: 0.9695  decode.d5.loss_dice: 1.4120  decode.d6.loss_cls: 0.2003  decode.d6.loss_mask: 0.9652  decode.d6.loss_dice: 1.4046  decode.d7.loss_cls: 0.2146  decode.d7.loss_mask: 0.9657  decode.d7.loss_dice: 1.4040  decode.d8.loss_cls: 0.1953  decode.d8.loss_mask: 0.9598  decode.d8.loss_dice: 1.4069
2026/08/04 02:48:36 - mmengine - INFO - Epoch(train) [11][100/102]  base_lr: 5.8268e-04 lr: 5.8268e-05  eta: 1:07:47  time: 1.0011  data_time: 0.0150  memory: 29449  grad_norm: 48.6673  loss: 25.6458  decode.loss_cls: 0.2024  decode.loss_mask: 0.9769  decode.loss_dice: 1.3688  decode.d0.loss_cls: 0.3492  decode.d0.loss_mask: 0.9824  decode.d0.loss_dice: 1.4272  decode.d1.loss_cls: 0.2084  decode.d1.loss_mask: 0.9688  decode.d1.loss_dice: 1.3770  decode.d2.loss_cls: 0.2127  decode.d2.loss_mask: 0.9705  decode.d2.loss_dice: 1.3565  decode.d3.loss_cls: 0.2105  decode.d3.loss_mask: 0.9662  decode.d3.loss_dice: 1.3440  decode.d4.loss_cls: 0.2021  decode.d4.loss_mask: 0.9659  decode.d4.loss_dice: 1.3578  decode.d5.loss_cls: 0.2084  decode.d5.loss_mask: 0.9815  decode.d5.loss_dice: 1.3618  decode.d6.loss_cls: 0.2087  decode.d6.loss_mask: 0.9764  decode.d6.loss_dice: 1.3644  decode.d7.loss_cls: 0.2195  decode.d7.loss_mask: 0.9786  decode.d7.loss_dice: 1.3353  decode.d8.loss_cls: 0.2225  decode.d8.loss_mask: 0.9772  decode.d8.loss_dice: 1.3641
2026/08/04 02:48:38 - mmengine - INFO - Exp name: ningbo2m_new_dinov3_m2f_tune12_50e_512x512_20260804_022319
2026/08/04 02:48:38 - mmengine - INFO - Saving checkpoint at 11 epochs
2026/08/04 02:48:59 - mmengine - INFO - per class results:
2026/08/04 02:48:59 - mmengine - INFO - 
+-------------+-------+-------+--------+-----------+--------+
|    Class    |  IoU  |  Acc  | Fscore | Precision | Recall |
+-------------+-------+-------+--------+-----------+--------+
|  background | 48.71 | 57.38 | 65.51  |   76.32   | 57.38  |
|  grassland  | 51.26 | 62.01 | 67.78  |   74.72   | 62.01  |
|   bareland  | 57.11 | 67.02 |  72.7  |   79.42   | 67.02  |
|     road    | 70.39 | 81.24 | 82.62  |   84.05   | 81.24  |
|    forest   | 87.65 | 96.54 | 93.42  |   90.49   | 96.54  |
|    river    | 81.04 | 87.34 | 89.53  |   91.82   | 87.34  |
|   cropland  | 84.02 | 92.07 | 91.32  |   90.58   | 92.07  |
| residential | 81.73 | 93.35 | 89.95  |   86.78   | 93.35  |
+-------------+-------+-------+--------+-----------+--------+
2026/08/04 02:48:59 - mmengine - INFO - Epoch(val) [11][27/27]    aAcc: 88.1300  mIoU: 70.2400  mAcc: 79.6200  mFscore: 81.6000  mPrecision: 84.2700  mRecall: 79.6200  data_time: 0.0332  time: 0.2729
2026/08/04 02:49:00 - mmengine - INFO - The previous best checkpoint /mnt/htzzb2/EO_test/wj1/qh2_work_dirs/ningbo2m_new_dinov3_m2f_tune12_50e_512x512/best_mIoU_epoch_8.pth is removed
2026/08/04 02:49:05 - mmengine - INFO - The best checkpoint with 70.2400 mIoU at 11 epoch is saved to best_mIoU_epoch_11.pth.
2026/08/04 02:50:08 - mmengine - INFO - Epoch(train) [12][ 50/102]  base_lr: 6.0179e-04 lr: 6.0179e-05  eta: 1:06:52  time: 1.0013  data_time: 0.0151  memory: 29448  grad_norm: 45.3468  loss: 25.3372  decode.loss_cls: 0.2082  decode.loss_mask: 0.9271  decode.loss_dice: 1.3722  decode.d0.loss_cls: 0.3532  decode.d0.loss_mask: 0.9295  decode.d0.loss_dice: 1.4342  decode.d1.loss_cls: 0.2605  decode.d1.loss_mask: 0.9047  decode.d1.loss_dice: 1.3693  decode.d2.loss_cls: 0.2285  decode.d2.loss_mask: 0.9211  decode.d2.loss_dice: 1.3680  decode.d3.loss_cls: 0.2290  decode.d3.loss_mask: 0.9336  decode.d3.loss_dice: 1.3664  decode.d4.loss_cls: 0.2292  decode.d4.loss_mask: 0.9077  decode.d4.loss_dice: 1.3618  decode.d5.loss_cls: 0.2201  decode.d5.loss_mask: 0.9194  decode.d5.loss_dice: 1.3764  decode.d6.loss_cls: 0.2233  decode.d6.loss_mask: 0.9137  decode.d6.loss_dice: 1.3769  decode.d7.loss_cls: 0.2241  decode.d7.loss_mask: 0.9139  decode.d7.loss_dice: 1.3624  decode.d8.loss_cls: 0.2142  decode.d8.loss_mask: 0.9190  decode.d8.loss_dice: 1.3697
2026/08/04 02:50:58 - mmengine - INFO - Epoch(train) [12][100/102]  base_lr: 6.1949e-04 lr: 6.1949e-05  eta: 1:05:58  time: 0.9952  data_time: 0.0159  memory: 29419  grad_norm: 44.8552  loss: 23.5674  decode.loss_cls: 0.1971  decode.loss_mask: 0.8708  decode.loss_dice: 1.2748  decode.d0.loss_cls: 0.3141  decode.d0.loss_mask: 0.8946  decode.d0.loss_dice: 1.3221  decode.d1.loss_cls: 0.2030  decode.d1.loss_mask: 0.8603  decode.d1.loss_dice: 1.2963  decode.d2.loss_cls: 0.1904  decode.d2.loss_mask: 0.8696  decode.d2.loss_dice: 1.2805  decode.d3.loss_cls: 0.1761  decode.d3.loss_mask: 0.8814  decode.d3.loss_dice: 1.2694  decode.d4.loss_cls: 0.1738  decode.d4.loss_mask: 0.8867  decode.d4.loss_dice: 1.2751  decode.d5.loss_cls: 0.1807  decode.d5.loss_mask: 0.8750  decode.d5.loss_dice: 1.2539  decode.d6.loss_cls: 0.1824  decode.d6.loss_mask: 0.8707  decode.d6.loss_dice: 1.2783  decode.d7.loss_cls: 0.1867  decode.d7.loss_mask: 0.8742  decode.d7.loss_dice: 1.2918  decode.d8.loss_cls: 0.1758  decode.d8.loss_mask: 0.8771  decode.d8.loss_dice: 1.2847
2026/08/04 02:51:00 - mmengine - INFO - Exp name: ningbo2m_new_dinov3_m2f_tune12_50e_512x512_20260804_022319
2026/08/04 02:51:01 - mmengine - INFO - Saving checkpoint at 12 epochs
2026/08/04 02:51:22 - mmengine - INFO - per class results:
2026/08/04 02:51:22 - mmengine - INFO - 
+-------------+-------+-------+--------+-----------+--------+
|    Class    |  IoU  |  Acc  | Fscore | Precision | Recall |
+-------------+-------+-------+--------+-----------+--------+
|  background | 49.81 | 60.82 |  66.5  |   73.35   | 60.82  |
|  grassland  | 52.37 | 74.57 | 68.74  |   63.76   | 74.57  |
|   bareland  | 59.05 | 73.52 | 74.25  |    75.0   | 73.52  |
|     road    | 72.32 | 82.55 | 83.94  |   85.37   | 82.55  |
|    forest   | 86.83 |  92.3 | 92.95  |   93.61   |  92.3  |
|    river    | 82.88 | 89.67 | 90.64  |   91.62   | 89.67  |
|   cropland  | 83.65 | 90.21 |  91.1  |    92.0   | 90.21  |
| residential |  82.1 | 90.86 | 90.17  |   89.49   | 90.86  |
+-------------+-------+-------+--------+-----------+--------+
2026/08/04 02:51:22 - mmengine - INFO - Epoch(val) [12][27/27]    aAcc: 87.8400  mIoU: 71.1300  mAcc: 81.8100  mFscore: 82.2900  mPrecision: 83.0300  mRecall: 81.8100  data_time: 0.0313  time: 0.2696
2026/08/04 02:51:22 - mmengine - INFO - The previous best checkpoint /mnt/htzzb2/EO_test/wj1/qh2_work_dirs/ningbo2m_new_dinov3_m2f_tune12_50e_512x512/best_mIoU_epoch_11.pth is removed
2026/08/04 02:51:27 - mmengine - INFO - The best checkpoint with 71.1300 mIoU at 12 epoch is saved to best_mIoU_epoch_12.pth.
2026/08/04 02:52:32 - mmengine - INFO - Epoch(train) [13][ 50/102]  base_lr: 6.3722e-04 lr: 6.3722e-05  eta: 1:05:06  time: 0.9995  data_time: 0.0148  memory: 29438  grad_norm: 47.9316  loss: 24.0507  decode.loss_cls: 0.1564  decode.loss_mask: 0.9021  decode.loss_dice: 1.3445  decode.d0.loss_cls: 0.3149  decode.d0.loss_mask: 0.9069  decode.d0.loss_dice: 1.3629  decode.d1.loss_cls: 0.1724  decode.d1.loss_mask: 0.8914  decode.d1.loss_dice: 1.3556  decode.d2.loss_cls: 0.1531  decode.d2.loss_mask: 0.8846  decode.d2.loss_dice: 1.3430  decode.d3.loss_cls: 0.1510  decode.d3.loss_mask: 0.8832  decode.d3.loss_dice: 1.3394  decode.d4.loss_cls: 0.1603  decode.d4.loss_mask: 0.8884  decode.d4.loss_dice: 1.3332  decode.d5.loss_cls: 0.1627  decode.d5.loss_mask: 0.8917  decode.d5.loss_dice: 1.3315  decode.d6.loss_cls: 0.1627  decode.d6.loss_mask: 0.8730  decode.d6.loss_dice: 1.3161  decode.d7.loss_cls: 0.1608  decode.d7.loss_mask: 0.8773  decode.d7.loss_dice: 1.3358  decode.d8.loss_cls: 0.1571  decode.d8.loss_mask: 0.8850  decode.d8.loss_dice: 1.3535
2026/08/04 02:53:22 - mmengine - INFO - Epoch(train) [13][100/102]  base_lr: 6.5359e-04 lr: 6.5359e-05  eta: 1:04:12  time: 1.0090  data_time: 0.0147  memory: 29436  grad_norm: 47.2164  loss: 21.6454  decode.loss_cls: 0.1751  decode.loss_mask: 0.8331  decode.loss_dice: 1.1314  decode.d0.loss_cls: 0.3216  decode.d0.loss_mask: 0.8444  decode.d0.loss_dice: 1.1773  decode.d1.loss_cls: 0.1881  decode.d1.loss_mask: 0.8431  decode.d1.loss_dice: 1.1361  decode.d2.loss_cls: 0.1842  decode.d2.loss_mask: 0.8336  decode.d2.loss_dice: 1.1328  decode.d3.loss_cls: 0.1737  decode.d3.loss_mask: 0.8251  decode.d3.loss_dice: 1.1241  decode.d4.loss_cls: 0.1748  decode.d4.loss_mask: 0.8321  decode.d4.loss_dice: 1.1265  decode.d5.loss_cls: 0.1769  decode.d5.loss_mask: 0.8304  decode.d5.loss_dice: 1.1182  decode.d6.loss_cls: 0.1720  decode.d6.loss_mask: 0.8388  decode.d6.loss_dice: 1.1481  decode.d7.loss_cls: 0.1647  decode.d7.loss_mask: 0.8405  decode.d7.loss_dice: 1.1569  decode.d8.loss_cls: 0.1771  decode.d8.loss_mask: 0.8364  decode.d8.loss_dice: 1.1283
2026/08/04 02:53:24 - mmengine - INFO - Exp name: ningbo2m_new_dinov3_m2f_tune12_50e_512x512_20260804_022319
2026/08/04 02:53:24 - mmengine - INFO - Saving checkpoint at 13 epochs
2026/08/04 02:53:46 - mmengine - INFO - per class results:
2026/08/04 02:53:46 - mmengine - INFO - 
+-------------+-------+-------+--------+-----------+--------+
|    Class    |  IoU  |  Acc  | Fscore | Precision | Recall |
+-------------+-------+-------+--------+-----------+--------+
|  background | 46.65 |  55.1 | 63.62  |   75.25   |  55.1  |
|  grassland  | 50.46 |  60.8 | 67.07  |   74.78   |  60.8  |
|   bareland  | 58.72 |  76.5 | 73.99  |   71.65   |  76.5  |
|     road    | 71.14 | 83.55 | 83.14  |   82.74   | 83.55  |
|    forest   | 88.06 | 96.44 | 93.65  |   91.02   | 96.44  |
|    river    | 82.18 | 89.72 | 90.22  |   90.72   | 89.72  |
|   cropland  | 83.84 |  91.3 | 91.21  |   91.12   |  91.3  |
| residential | 81.25 | 87.91 | 89.66  |   91.48   | 87.91  |
+-------------+-------+-------+--------+-----------+--------+
2026/08/04 02:53:46 - mmengine - INFO - Epoch(val) [13][27/27]    aAcc: 88.1600  mIoU: 70.2900  mAcc: 80.1700  mFscore: 81.5700  mPrecision: 83.5900  mRecall: 80.1700  data_time: 0.0323  time: 0.2719
2026/08/04 02:54:37 - mmengine - INFO - Epoch(train) [14][ 50/102]  base_lr: 6.6992e-04 lr: 6.6992e-05  eta: 1:03:18  time: 0.9994  data_time: 0.0150  memory: 29427  grad_norm: 44.3459  loss: 26.0579  decode.loss_cls: 0.2080  decode.loss_mask: 0.9517  decode.loss_dice: 1.4097  decode.d0.loss_cls: 0.3159  decode.d0.loss_mask: 0.9608  decode.d0.loss_dice: 1.4837  decode.d1.loss_cls: 0.2057  decode.d1.loss_mask: 0.9769  decode.d1.loss_dice: 1.4388  decode.d2.loss_cls: 0.2029  decode.d2.loss_mask: 0.9778  decode.d2.loss_dice: 1.4383  decode.d3.loss_cls: 0.2020  decode.d3.loss_mask: 0.9621  decode.d3.loss_dice: 1.4267  decode.d4.loss_cls: 0.2028  decode.d4.loss_mask: 0.9563  decode.d4.loss_dice: 1.4257  decode.d5.loss_cls: 0.2022  decode.d5.loss_mask: 0.9739  decode.d5.loss_dice: 1.4137  decode.d6.loss_cls: 0.2062  decode.d6.loss_mask: 0.9711  decode.d6.loss_dice: 1.3989  decode.d7.loss_cls: 0.2012  decode.d7.loss_mask: 0.9561  decode.d7.loss_dice: 1.4040  decode.d8.loss_cls: 0.2074  decode.d8.loss_mask: 0.9676  decode.d8.loss_dice: 1.4100
2026/08/04 02:55:26 - mmengine - INFO - Epoch(train) [14][100/102]  base_lr: 6.8496e-04 lr: 6.8496e-05  eta: 1:02:24  time: 0.9930  data_time: 0.0151  memory: 29426  grad_norm: 46.1139  loss: 24.3169  decode.loss_cls: 0.1966  decode.loss_mask: 0.9499  decode.loss_dice: 1.2605  decode.d0.loss_cls: 0.3460  decode.d0.loss_mask: 0.9426  decode.d0.loss_dice: 1.2879  decode.d1.loss_cls: 0.2059  decode.d1.loss_mask: 0.9529  decode.d1.loss_dice: 1.2780  decode.d2.loss_cls: 0.2058  decode.d2.loss_mask: 0.9505  decode.d2.loss_dice: 1.2593  decode.d3.loss_cls: 0.1947  decode.d3.loss_mask: 0.9556  decode.d3.loss_dice: 1.2655  decode.d4.loss_cls: 0.2039  decode.d4.loss_mask: 0.9623  decode.d4.loss_dice: 1.2560  decode.d5.loss_cls: 0.1997  decode.d5.loss_mask: 0.9596  decode.d5.loss_dice: 1.2482  decode.d6.loss_cls: 0.2061  decode.d6.loss_mask: 0.9469  decode.d6.loss_dice: 1.2638  decode.d7.loss_cls: 0.2095  decode.d7.loss_mask: 0.9536  decode.d7.loss_dice: 1.2507  decode.d8.loss_cls: 0.1909  decode.d8.loss_mask: 0.9470  decode.d8.loss_dice: 1.2670
2026/08/04 02:55:28 - mmengine - INFO - Exp name: ningbo2m_new_dinov3_m2f_tune12_50e_512x512_20260804_022319
2026/08/04 02:55:29 - mmengine - INFO - Saving checkpoint at 14 epochs
2026/08/04 02:55:50 - mmengine - INFO - per class results:
2026/08/04 02:55:50 - mmengine - INFO - 
+-------------+-------+-------+--------+-----------+--------+
|    Class    |  IoU  |  Acc  | Fscore | Precision | Recall |
+-------------+-------+-------+--------+-----------+--------+
|  background | 46.73 | 54.44 | 63.69  |   76.74   | 54.44  |
|  grassland  | 49.59 | 58.57 | 66.31  |    76.4   | 58.57  |
|   bareland  | 58.93 | 74.65 | 74.16  |   73.67   | 74.65  |
|     road    | 72.28 |  83.1 | 83.91  |   84.73   |  83.1  |
|    forest   | 87.92 | 97.14 | 93.57  |   90.25   | 97.14  |
|    river    | 81.98 | 88.93 |  90.1  |    91.3   | 88.93  |
|   cropland  | 83.39 | 93.28 | 90.94  |   88.72   | 93.28  |
| residential | 80.38 | 85.35 | 89.12  |   93.24   | 85.35  |
+-------------+-------+-------+--------+-----------+--------+
2026/08/04 02:55:50 - mmengine - INFO - Epoch(val) [14][27/27]    aAcc: 88.0800  mIoU: 70.1500  mAcc: 79.4300  mFscore: 81.4800  mPrecision: 84.3800  mRecall: 79.4300  data_time: 0.0321  time: 0.2701
2026/08/04 02:56:41 - mmengine - INFO - Epoch(train) [15][ 50/102]  base_lr: 6.9991e-04 lr: 6.9991e-05  eta: 1:01:30  time: 1.0000  data_time: 0.0154  memory: 29436  grad_norm: 42.5080  loss: 20.1680  decode.loss_cls: 0.1725  decode.loss_mask: 0.7759  decode.loss_dice: 1.0654  decode.d0.loss_cls: 0.3215  decode.d0.loss_mask: 0.7877  decode.d0.loss_dice: 1.0856  decode.d1.loss_cls: 0.1594  decode.d1.loss_mask: 0.7777  decode.d1.loss_dice: 1.0584  decode.d2.loss_cls: 0.1706  decode.d2.loss_mask: 0.7798  decode.d2.loss_dice: 1.0380  decode.d3.loss_cls: 0.1816  decode.d3.loss_mask: 0.7684  decode.d3.loss_dice: 1.0453  decode.d4.loss_cls: 0.1637  decode.d4.loss_mask: 0.7808  decode.d4.loss_dice: 1.0377  decode.d5.loss_cls: 0.1624  decode.d5.loss_mask: 0.7733  decode.d5.loss_dice: 1.0544  decode.d6.loss_cls: 0.1596  decode.d6.loss_mask: 0.7808  decode.d6.loss_dice: 1.0741  decode.d7.loss_cls: 0.1539  decode.d7.loss_mask: 0.7846  decode.d7.loss_dice: 1.0687  decode.d8.loss_cls: 0.1714  decode.d8.loss_mask: 0.7692  decode.d8.loss_dice: 1.0455
2026/08/04 02:57:31 - mmengine - INFO - Epoch(train) [15][100/102]  base_lr: 7.0053e-04 lr: 7.0053e-05  eta: 1:00:36  time: 0.9945  data_time: 0.0132  memory: 29449  grad_norm: 42.9761  loss: 24.7310  decode.loss_cls: 0.2118  decode.loss_mask: 0.8845  decode.loss_dice: 1.3825  decode.d0.loss_cls: 0.3310  decode.d0.loss_mask: 0.8908  decode.d0.loss_dice: 1.3929  decode.d1.loss_cls: 0.2234  decode.d1.loss_mask: 0.9075  decode.d1.loss_dice: 1.3504  decode.d2.loss_cls: 0.2116  decode.d2.loss_mask: 0.8846  decode.d2.loss_dice: 1.3565  decode.d3.loss_cls: 0.2046  decode.d3.loss_mask: 0.8877  decode.d3.loss_dice: 1.3573  decode.d4.loss_cls: 0.2105  decode.d4.loss_mask: 0.8801  decode.d4.loss_dice: 1.3581  decode.d5.loss_cls: 0.2084  decode.d5.loss_mask: 0.8825  decode.d5.loss_dice: 1.3432  decode.d6.loss_cls: 0.2008  decode.d6.loss_mask: 0.8869  decode.d6.loss_dice: 1.3469  decode.d7.loss_cls: 0.2155  decode.d7.loss_mask: 0.8955  decode.d7.loss_dice: 1.3624  decode.d8.loss_cls: 0.1962  decode.d8.loss_mask: 0.8961  decode.d8.loss_dice: 1.3709
2026/08/04 02:57:33 - mmengine - INFO - Exp name: ningbo2m_new_dinov3_m2f_tune12_50e_512x512_20260804_022319
2026/08/04 02:57:33 - mmengine - INFO - Saving checkpoint at 15 epochs
2026/08/04 02:57:53 - mmengine - INFO - per class results:
2026/08/04 02:57:53 - mmengine - INFO - 
+-------------+-------+-------+--------+-----------+--------+
|    Class    |  IoU  |  Acc  | Fscore | Precision | Recall |
+-------------+-------+-------+--------+-----------+--------+
|  background | 50.86 | 63.45 | 67.42  |   71.93   | 63.45  |
|  grassland  | 50.17 |  61.2 | 66.82  |   73.57   |  61.2  |
|   bareland  | 56.69 |  70.2 | 72.36  |   74.65   |  70.2  |
|     road    | 71.94 |  87.1 | 83.68  |   80.52   |  87.1  |
|    forest   | 88.13 | 96.94 | 93.69  |   90.65   | 96.94  |
|    river    | 83.04 | 90.13 | 90.73  |   91.34   | 90.13  |
|   cropland  | 83.51 | 88.89 | 91.01  |   93.24   | 88.89  |
| residential |  82.2 | 91.54 | 90.23  |   88.96   | 91.54  |
+-------------+-------+-------+--------+-----------+--------+
2026/08/04 02:57:53 - mmengine - INFO - Epoch(val) [15][27/27]    aAcc: 88.2300  mIoU: 70.8200  mAcc: 81.1800  mFscore: 81.9900  mPrecision: 83.1100  mRecall: 81.1800  data_time: 0.0296  time: 0.2683
2026/08/04 02:58:44 - mmengine - INFO - Epoch(train) [16][ 50/102]  base_lr: 6.9033e-04 lr: 6.9033e-05  eta: 0:59:44  time: 1.0171  data_time: 0.0146  memory: 29420  grad_norm: 48.8178  loss: 23.4020  decode.loss_cls: 0.1510  decode.loss_mask: 0.8869  decode.loss_dice: 1.2839  decode.d0.loss_cls: 0.3118  decode.d0.loss_mask: 0.8958  decode.d0.loss_dice: 1.2992  decode.d1.loss_cls: 0.1721  decode.d1.loss_mask: 0.9089  decode.d1.loss_dice: 1.2715  decode.d2.loss_cls: 0.1691  decode.d2.loss_mask: 0.8902  decode.d2.loss_dice: 1.2624  decode.d3.loss_cls: 0.1660  decode.d3.loss_mask: 0.8740  decode.d3.loss_dice: 1.2769  decode.d4.loss_cls: 0.1698  decode.d4.loss_mask: 0.8873  decode.d4.loss_dice: 1.2538  decode.d5.loss_cls: 0.1613  decode.d5.loss_mask: 0.8828  decode.d5.loss_dice: 1.2624  decode.d6.loss_cls: 0.1674  decode.d6.loss_mask: 0.8875  decode.d6.loss_dice: 1.2580  decode.d7.loss_cls: 0.1563  decode.d7.loss_mask: 0.9012  decode.d7.loss_dice: 1.2805  decode.d8.loss_cls: 0.1513  decode.d8.loss_mask: 0.8913  decode.d8.loss_dice: 1.2712
2026/08/04 02:59:35 - mmengine - INFO - Epoch(train) [16][100/102]  base_lr: 6.8053e-04 lr: 6.8053e-05  eta: 0:58:52  time: 1.0208  data_time: 0.0133  memory: 29436  grad_norm: 42.8041  loss: 23.3007  decode.loss_cls: 0.1740  decode.loss_mask: 0.8875  decode.loss_dice: 1.2559  decode.d0.loss_cls: 0.3241  decode.d0.loss_mask: 0.8811  decode.d0.loss_dice: 1.2775  decode.d1.loss_cls: 0.1910  decode.d1.loss_mask: 0.8775  decode.d1.loss_dice: 1.2410  decode.d2.loss_cls: 0.1861  decode.d2.loss_mask: 0.8668  decode.d2.loss_dice: 1.2606  decode.d3.loss_cls: 0.1729  decode.d3.loss_mask: 0.8852  decode.d3.loss_dice: 1.2421  decode.d4.loss_cls: 0.1755  decode.d4.loss_mask: 0.8975  decode.d4.loss_dice: 1.2528  decode.d5.loss_cls: 0.1743  decode.d5.loss_mask: 0.8926  decode.d5.loss_dice: 1.2480  decode.d6.loss_cls: 0.1876  decode.d6.loss_mask: 0.8701  decode.d6.loss_dice: 1.2393  decode.d7.loss_cls: 0.1875  decode.d7.loss_mask: 0.8701  decode.d7.loss_dice: 1.2641  decode.d8.loss_cls: 0.1754  decode.d8.loss_mask: 0.8904  decode.d8.loss_dice: 1.2521
2026/08/04 02:59:37 - mmengine - INFO - Exp name: ningbo2m_new_dinov3_m2f_tune12_50e_512x512_20260804_022319
2026/08/04 02:59:37 - mmengine - INFO - Saving checkpoint at 16 epochs
2026/08/04 02:59:59 - mmengine - INFO - per class results:
2026/08/04 02:59:59 - mmengine - INFO - 
+-------------+-------+-------+--------+-----------+--------+
|    Class    |  IoU  |  Acc  | Fscore | Precision | Recall |
+-------------+-------+-------+--------+-----------+--------+
|  background | 50.29 | 59.33 | 66.92  |   76.75   | 59.33  |
|  grassland  | 49.47 | 59.31 | 66.19  |   74.88   | 59.31  |
|   bareland  | 59.62 | 74.36 |  74.7  |   75.04   | 74.36  |
|     road    | 72.29 |  83.9 | 83.91  |   83.93   |  83.9  |
|    forest   | 88.19 | 97.26 | 93.73  |   90.44   | 97.26  |
|    river    | 82.88 | 89.48 | 90.64  |   91.82   | 89.48  |
|   cropland  | 83.98 | 90.61 | 91.29  |   91.99   | 90.61  |
| residential | 82.67 | 90.99 | 90.51  |   90.04   | 90.99  |
+-------------+-------+-------+--------+-----------+--------+
2026/08/04 02:59:59 - mmengine - INFO - Epoch(val) [16][27/27]    aAcc: 88.4600  mIoU: 71.1700  mAcc: 80.6500  mFscore: 82.2400  mPrecision: 84.3600  mRecall: 80.6500  data_time: 0.0290  time: 0.2674
2026/08/04 02:59:59 - mmengine - INFO - The previous best checkpoint /mnt/htzzb2/EO_test/wj1/qh2_work_dirs/ningbo2m_new_dinov3_m2f_tune12_50e_512x512/best_mIoU_epoch_12.pth is removed
2026/08/04 03:00:03 - mmengine - INFO - The best checkpoint with 71.1700 mIoU at 16 epoch is saved to best_mIoU_epoch_16.pth.
2026/08/04 03:01:08 - mmengine - INFO - Epoch(train) [17][ 50/102]  base_lr: 6.7033e-04 lr: 6.7033e-05  eta: 0:57:58  time: 0.9968  data_time: 0.0136  memory: 29421  grad_norm: 47.0495  loss: 21.2407  decode.loss_cls: 0.1450  decode.loss_mask: 0.8186  decode.loss_dice: 1.1565  decode.d0.loss_cls: 0.2659  decode.d0.loss_mask: 0.8258  decode.d0.loss_dice: 1.1881  decode.d1.loss_cls: 0.1536  decode.d1.loss_mask: 0.8073  decode.d1.loss_dice: 1.1206  decode.d2.loss_cls: 0.1310  decode.d2.loss_mask: 0.8160  decode.d2.loss_dice: 1.1680  decode.d3.loss_cls: 0.1331  decode.d3.loss_mask: 0.8130  decode.d3.loss_dice: 1.1560  decode.d4.loss_cls: 0.1366  decode.d4.loss_mask: 0.8155  decode.d4.loss_dice: 1.1646  decode.d5.loss_cls: 0.1387  decode.d5.loss_mask: 0.8025  decode.d5.loss_dice: 1.1463  decode.d6.loss_cls: 0.1448  decode.d6.loss_mask: 0.8067  decode.d6.loss_dice: 1.1559  decode.d7.loss_cls: 0.1480  decode.d7.loss_mask: 0.8113  decode.d7.loss_dice: 1.1672  decode.d8.loss_cls: 0.1432  decode.d8.loss_mask: 0.8132  decode.d8.loss_dice: 1.1478
2026/08/04 03:01:58 - mmengine - INFO - Epoch(train) [17][100/102]  base_lr: 6.6052e-04 lr: 6.6052e-05  eta: 0:57:06  time: 1.0211  data_time: 0.0136  memory: 29479  grad_norm: 41.5358  loss: 24.2715  decode.loss_cls: 0.1583  decode.loss_mask: 0.9619  decode.loss_dice: 1.2751  decode.d0.loss_cls: 0.3321  decode.d0.loss_mask: 0.9864  decode.d0.loss_dice: 1.2660  decode.d1.loss_cls: 0.1821  decode.d1.loss_mask: 0.9721  decode.d1.loss_dice: 1.2786  decode.d2.loss_cls: 0.1664  decode.d2.loss_mask: 0.9653  decode.d2.loss_dice: 1.2695  decode.d3.loss_cls: 0.1682  decode.d3.loss_mask: 0.9622  decode.d3.loss_dice: 1.2809  decode.d4.loss_cls: 0.1723  decode.d4.loss_mask: 0.9691  decode.d4.loss_dice: 1.2842  decode.d5.loss_cls: 0.1682  decode.d5.loss_mask: 0.9552  decode.d5.loss_dice: 1.2761  decode.d6.loss_cls: 0.1659  decode.d6.loss_mask: 0.9606  decode.d6.loss_dice: 1.2837  decode.d7.loss_cls: 0.1679  decode.d7.loss_mask: 0.9655  decode.d7.loss_dice: 1.2615  decode.d8.loss_cls: 0.1597  decode.d8.loss_mask: 0.9713  decode.d8.loss_dice: 1.2849
2026/08/04 03:02:00 - mmengine - INFO - Exp name: ningbo2m_new_dinov3_m2f_tune12_50e_512x512_20260804_022319
2026/08/04 03:02:01 - mmengine - INFO - Saving checkpoint at 17 epochs
2026/08/04 03:02:22 - mmengine - INFO - per class results:
2026/08/04 03:02:22 - mmengine - INFO - 
+-------------+-------+-------+--------+-----------+--------+
|    Class    |  IoU  |  Acc  | Fscore | Precision | Recall |
+-------------+-------+-------+--------+-----------+--------+
|  background | 51.19 | 69.19 | 67.72  |   66.31   | 69.19  |
|  grassland  |  51.6 | 61.56 | 68.07  |   76.12   | 61.56  |
|   bareland  |  58.7 |  76.0 | 73.98  |   72.06   |  76.0  |
|     road    | 72.34 | 81.11 | 83.95  |    87.0   | 81.11  |
|    forest   | 88.27 | 95.77 | 93.77  |   91.86   | 95.77  |
|    river    | 81.71 | 90.59 | 89.93  |   89.28   | 90.59  |
|   cropland  | 84.07 | 90.79 | 91.35  |   91.91   | 90.79  |
| residential | 82.25 | 90.02 | 90.26  |    90.5   | 90.02  |
+-------------+-------+-------+--------+-----------+--------+
2026/08/04 03:02:22 - mmengine - INFO - Epoch(val) [17][27/27]    aAcc: 88.3700  mIoU: 71.2700  mAcc: 81.8800  mFscore: 82.3800  mPrecision: 83.1300  mRecall: 81.8800  data_time: 0.0319  time: 0.2711
2026/08/04 03:02:22 - mmengine - INFO - The previous best checkpoint /mnt/htzzb2/EO_test/wj1/qh2_work_dirs/ningbo2m_new_dinov3_m2f_tune12_50e_512x512/best_mIoU_epoch_16.pth is removed
2026/08/04 03:02:28 - mmengine - INFO - The best checkpoint with 71.2700 mIoU at 17 epoch is saved to best_mIoU_epoch_17.pth.
2026/08/04 03:03:31 - mmengine - INFO - Epoch(train) [18][ 50/102]  base_lr: 6.5032e-04 lr: 6.5032e-05  eta: 0:56:12  time: 0.9945  data_time: 0.0138  memory: 29456  grad_norm: 46.3914  loss: 23.5548  decode.loss_cls: 0.1877  decode.loss_mask: 0.9431  decode.loss_dice: 1.2114  decode.d0.loss_cls: 0.3301  decode.d0.loss_mask: 0.9353  decode.d0.loss_dice: 1.2345  decode.d1.loss_cls: 0.2172  decode.d1.loss_mask: 0.9200  decode.d1.loss_dice: 1.2049  decode.d2.loss_cls: 0.1860  decode.d2.loss_mask: 0.9389  decode.d2.loss_dice: 1.2089  decode.d3.loss_cls: 0.1901  decode.d3.loss_mask: 0.9303  decode.d3.loss_dice: 1.2039  decode.d4.loss_cls: 0.1874  decode.d4.loss_mask: 0.9365  decode.d4.loss_dice: 1.2064  decode.d5.loss_cls: 0.1854  decode.d5.loss_mask: 0.9479  decode.d5.loss_dice: 1.2102  decode.d6.loss_cls: 0.1850  decode.d6.loss_mask: 0.9514  decode.d6.loss_dice: 1.2132  decode.d7.loss_cls: 0.1888  decode.d7.loss_mask: 0.9374  decode.d7.loss_dice: 1.2237  decode.d8.loss_cls: 0.1904  decode.d8.loss_mask: 0.9315  decode.d8.loss_dice: 1.2172
2026/08/04 03:04:21 - mmengine - INFO - Epoch(train) [18][100/102]  base_lr: 6.4052e-04 lr: 6.4052e-05  eta: 0:55:20  time: 0.9984  data_time: 0.0144  memory: 29426  grad_norm: 49.3883  loss: 20.4797  decode.loss_cls: 0.1434  decode.loss_mask: 0.7468  decode.loss_dice: 1.1438  decode.d0.loss_cls: 0.2838  decode.d0.loss_mask: 0.7605  decode.d0.loss_dice: 1.1594  decode.d1.loss_cls: 0.1458  decode.d1.loss_mask: 0.7639  decode.d1.loss_dice: 1.1346  decode.d2.loss_cls: 0.1355  decode.d2.loss_mask: 0.7598  decode.d2.loss_dice: 1.1199  decode.d3.loss_cls: 0.1417  decode.d3.loss_mask: 0.7583  decode.d3.loss_dice: 1.1234  decode.d4.loss_cls: 0.1451  decode.d4.loss_mask: 0.7547  decode.d4.loss_dice: 1.1212  decode.d5.loss_cls: 0.1560  decode.d5.loss_mask: 0.7402  decode.d5.loss_dice: 1.1301  decode.d6.loss_cls: 0.1447  decode.d6.loss_mask: 0.7506  decode.d6.loss_dice: 1.1393  decode.d7.loss_cls: 0.1468  decode.d7.loss_mask: 0.7498  decode.d7.loss_dice: 1.1536  decode.d8.loss_cls: 0.1292  decode.d8.loss_mask: 0.7559  decode.d8.loss_dice: 1.1418
2026/08/04 03:04:23 - mmengine - INFO - Exp name: ningbo2m_new_dinov3_m2f_tune12_50e_512x512_20260804_022319
2026/08/04 03:04:23 - mmengine - INFO - Saving checkpoint at 18 epochs
2026/08/04 03:04:45 - mmengine - INFO - per class results:
2026/08/04 03:04:45 - mmengine - INFO - 
+-------------+-------+-------+--------+-----------+--------+
|    Class    |  IoU  |  Acc  | Fscore | Precision | Recall |
+-------------+-------+-------+--------+-----------+--------+
|  background | 49.64 | 59.38 | 66.34  |   75.16   | 59.38  |
|  grassland  | 52.24 | 65.08 | 68.63  |   72.58   | 65.08  |
|   bareland  | 59.51 | 73.78 | 74.62  |   75.47   | 73.78  |
|     road    | 73.18 | 87.44 | 84.51  |   81.77   | 87.44  |
|    forest   |  87.9 | 96.57 | 93.56  |   90.73   | 96.57  |
|    river    | 81.56 | 87.25 | 89.84  |   92.59   | 87.25  |
|   cropland  | 84.11 | 90.24 | 91.37  |   92.54   | 90.24  |
| residential | 82.89 | 90.86 | 90.64  |   90.43   | 90.86  |
+-------------+-------+-------+--------+-----------+--------+
2026/08/04 03:04:45 - mmengine - INFO - Epoch(val) [18][27/27]    aAcc: 88.4100  mIoU: 71.3800  mAcc: 81.3300  mFscore: 82.4400  mPrecision: 83.9100  mRecall: 81.3300  data_time: 0.0318  time: 0.2703
2026/08/04 03:04:46 - mmengine - INFO - The previous best checkpoint /mnt/htzzb2/EO_test/wj1/qh2_work_dirs/ningbo2m_new_dinov3_m2f_tune12_50e_512x512/best_mIoU_epoch_17.pth is removed
2026/08/04 03:04:51 - mmengine - INFO - The best checkpoint with 71.3800 mIoU at 18 epoch is saved to best_mIoU_epoch_18.pth.
2026/08/04 03:05:54 - mmengine - INFO - Epoch(train) [19][ 50/102]  base_lr: 6.3032e-04 lr: 6.3032e-05  eta: 0:54:26  time: 0.9935  data_time: 0.0139  memory: 29419  grad_norm: 46.4883  loss: 21.2562  decode.loss_cls: 0.1252  decode.loss_mask: 0.8351  decode.loss_dice: 1.1509  decode.d0.loss_cls: 0.2791  decode.d0.loss_mask: 0.8496  decode.d0.loss_dice: 1.1402  decode.d1.loss_cls: 0.1446  decode.d1.loss_mask: 0.8385  decode.d1.loss_dice: 1.1330  decode.d2.loss_cls: 0.1466  decode.d2.loss_mask: 0.8282  decode.d2.loss_dice: 1.1330  decode.d3.loss_cls: 0.1422  decode.d3.loss_mask: 0.8340  decode.d3.loss_dice: 1.1274  decode.d4.loss_cls: 0.1355  decode.d4.loss_mask: 0.8433  decode.d4.loss_dice: 1.1264  decode.d5.loss_cls: 0.1352  decode.d5.loss_mask: 0.8351  decode.d5.loss_dice: 1.1403  decode.d6.loss_cls: 0.1377  decode.d6.loss_mask: 0.8393  decode.d6.loss_dice: 1.1464  decode.d7.loss_cls: 0.1352  decode.d7.loss_mask: 0.8486  decode.d7.loss_dice: 1.1291  decode.d8.loss_cls: 0.1373  decode.d8.loss_mask: 0.8263  decode.d8.loss_dice: 1.1329
2026/08/04 03:06:44 - mmengine - INFO - Epoch(train) [19][100/102]  base_lr: 6.2051e-04 lr: 6.2051e-05  eta: 0:53:34  time: 1.0172  data_time: 0.0142  memory: 29455  grad_norm: 45.1504  loss: 19.9525  decode.loss_cls: 0.1175  decode.loss_mask: 0.8016  decode.loss_dice: 1.0403  decode.d0.loss_cls: 0.3049  decode.d0.loss_mask: 0.8153  decode.d0.loss_dice: 1.0267  decode.d1.loss_cls: 0.1455  decode.d1.loss_mask: 0.7993  decode.d1.loss_dice: 1.0382  decode.d2.loss_cls: 0.1236  decode.d2.loss_mask: 0.8094  decode.d2.loss_dice: 1.0282  decode.d3.loss_cls: 0.1309  decode.d3.loss_mask: 0.8017  decode.d3.loss_dice: 1.0260  decode.d4.loss_cls: 0.1195  decode.d4.loss_mask: 0.8233  decode.d4.loss_dice: 1.0465  decode.d5.loss_cls: 0.1270  decode.d5.loss_mask: 0.8166  decode.d5.loss_dice: 1.0533  decode.d6.loss_cls: 0.1332  decode.d6.loss_mask: 0.8114  decode.d6.loss_dice: 1.0344  decode.d7.loss_cls: 0.1311  decode.d7.loss_mask: 0.8187  decode.d7.loss_dice: 1.0500  decode.d8.loss_cls: 0.1235  decode.d8.loss_mask: 0.8132  decode.d8.loss_dice: 1.0416
2026/08/04 03:06:46 - mmengine - INFO - Exp name: ningbo2m_new_dinov3_m2f_tune12_50e_512x512_20260804_022319
2026/08/04 03:06:46 - mmengine - INFO - Saving checkpoint at 19 epochs
2026/08/04 03:07:07 - mmengine - INFO - per class results:
2026/08/04 03:07:07 - mmengine - INFO - 
+-------------+-------+-------+--------+-----------+--------+
|    Class    |  IoU  |  Acc  | Fscore | Precision | Recall |
+-------------+-------+-------+--------+-----------+--------+
|  background | 50.56 | 62.13 | 67.17  |    73.1   | 62.13  |
|  grassland  |  52.8 | 68.53 | 69.11  |    69.7   | 68.53  |
|   bareland  | 58.92 | 71.41 | 74.15  |    77.1   | 71.41  |
|     road    | 73.16 | 86.01 |  84.5  |   83.04   | 86.01  |
|    forest   | 88.08 | 95.25 | 93.66  |   92.13   | 95.25  |
|    river    | 81.95 | 90.19 | 90.08  |   89.96   | 90.19  |
|   cropland  | 83.92 |  89.2 | 91.26  |   93.42   |  89.2  |
| residential | 82.75 | 91.91 | 90.56  |   89.25   | 91.91  |
+-------------+-------+-------+--------+-----------+--------+
2026/08/04 03:07:07 - mmengine - INFO - Epoch(val) [19][27/27]    aAcc: 88.3800  mIoU: 71.5200  mAcc: 81.8300  mFscore: 82.5600  mPrecision: 83.4600  mRecall: 81.8300  data_time: 0.0305  time: 0.2690
2026/08/04 03:07:07 - mmengine - INFO - The previous best checkpoint /mnt/htzzb2/EO_test/wj1/qh2_work_dirs/ningbo2m_new_dinov3_m2f_tune12_50e_512x512/best_mIoU_epoch_18.pth is removed
2026/08/04 03:07:12 - mmengine - INFO - The best checkpoint with 71.5200 mIoU at 19 epoch is saved to best_mIoU_epoch_19.pth.
2026/08/04 03:08:16 - mmengine - INFO - Epoch(train) [20][ 50/102]  base_lr: 6.1032e-04 lr: 6.1032e-05  eta: 0:52:41  time: 0.9940  data_time: 0.0140  memory: 29449  grad_norm: 43.0960  loss: 18.2220  decode.loss_cls: 0.1083  decode.loss_mask: 0.7102  decode.loss_dice: 1.0013  decode.d0.loss_cls: 0.2615  decode.d0.loss_mask: 0.7223  decode.d0.loss_dice: 0.9839  decode.d1.loss_cls: 0.1103  decode.d1.loss_mask: 0.7114  decode.d1.loss_dice: 0.9937  decode.d2.loss_cls: 0.1125  decode.d2.loss_mask: 0.7067  decode.d2.loss_dice: 0.9796  decode.d3.loss_cls: 0.1089  decode.d3.loss_mask: 0.7068  decode.d3.loss_dice: 0.9766  decode.d4.loss_cls: 0.1053  decode.d4.loss_mask: 0.7110  decode.d4.loss_dice: 0.9802  decode.d5.loss_cls: 0.1100  decode.d5.loss_mask: 0.7062  decode.d5.loss_dice: 0.9835  decode.d6.loss_cls: 0.1159  decode.d6.loss_mask: 0.7120  decode.d6.loss_dice: 0.9831  decode.d7.loss_cls: 0.1123  decode.d7.loss_mask: 0.7108  decode.d7.loss_dice: 0.9927  decode.d8.loss_cls: 0.1088  decode.d8.loss_mask: 0.7058  decode.d8.loss_dice: 0.9907
2026/08/04 03:08:28 - mmengine - INFO - Exp name: ningbo2m_new_dinov3_m2f_tune12_50e_512x512_20260804_022319
2026/08/04 03:09:07 - mmengine - INFO - Epoch(train) [20][100/102]  base_lr: 6.0051e-04 lr: 6.0051e-05  eta: 0:51:51  time: 0.9956  data_time: 0.0143  memory: 29436  grad_norm: 41.4409  loss: 19.3478  decode.loss_cls: 0.1183  decode.loss_mask: 0.7501  decode.loss_dice: 1.0612  decode.d0.loss_cls: 0.2854  decode.d0.loss_mask: 0.7613  decode.d0.loss_dice: 1.0369  decode.d1.loss_cls: 0.1167  decode.d1.loss_mask: 0.7571  decode.d1.loss_dice: 1.0611  decode.d2.loss_cls: 0.1212  decode.d2.loss_mask: 0.7478  decode.d2.loss_dice: 1.0368  decode.d3.loss_cls: 0.1135  decode.d3.loss_mask: 0.7529  decode.d3.loss_dice: 1.0510  decode.d4.loss_cls: 0.1171  decode.d4.loss_mask: 0.7509  decode.d4.loss_dice: 1.0400  decode.d5.loss_cls: 0.1248  decode.d5.loss_mask: 0.7530  decode.d5.loss_dice: 1.0434  decode.d6.loss_cls: 0.1211  decode.d6.loss_mask: 0.7525  decode.d6.loss_dice: 1.0397  decode.d7.loss_cls: 0.1159  decode.d7.loss_mask: 0.7490  decode.d7.loss_dice: 1.0478  decode.d8.loss_cls: 0.1144  decode.d8.loss_mask: 0.7571  decode.d8.loss_dice: 1.0501
2026/08/04 03:09:09 - mmengine - INFO - Exp name: ningbo2m_new_dinov3_m2f_tune12_50e_512x512_20260804_022319
2026/08/04 03:09:09 - mmengine - INFO - Saving checkpoint at 20 epochs
2026/08/04 03:09:31 - mmengine - INFO - per class results:
2026/08/04 03:09:31 - mmengine - INFO - 
+-------------+-------+-------+--------+-----------+--------+
|    Class    |  IoU  |  Acc  | Fscore | Precision | Recall |
+-------------+-------+-------+--------+-----------+--------+
|  background | 52.45 | 64.37 | 68.81  |    73.9   | 64.37  |
|  grassland  |  54.2 | 69.61 | 70.29  |   70.99   | 69.61  |
|   bareland  | 58.51 | 71.82 | 73.82  |   75.94   | 71.82  |
|     road    | 73.27 | 86.35 | 84.57  |   82.87   | 86.35  |
|    forest   | 87.98 | 93.65 |  93.6  |   93.56   | 93.65  |
|    river    | 82.52 | 92.12 | 90.42  |   88.78   | 92.12  |
|   cropland  | 84.39 |  90.4 | 91.53  |    92.7   |  90.4  |
| residential | 82.75 | 92.84 | 90.56  |   88.39   | 92.84  |
+-------------+-------+-------+--------+-----------+--------+
2026/08/04 03:09:31 - mmengine - INFO - Epoch(val) [20][27/27]    aAcc: 88.5400  mIoU: 72.0100  mAcc: 82.6400  mFscore: 82.9500  mPrecision: 83.3900  mRecall: 82.6400  data_time: 0.0305  time: 0.2694
2026/08/04 03:09:31 - mmengine - INFO - The previous best checkpoint /mnt/htzzb2/EO_test/wj1/qh2_work_dirs/ningbo2m_new_dinov3_m2f_tune12_50e_512x512/best_mIoU_epoch_19.pth is removed
2026/08/04 03:09:36 - mmengine - INFO - The best checkpoint with 72.0100 mIoU at 20 epoch is saved to best_mIoU_epoch_20.pth.
2026/08/04 03:10:39 - mmengine - INFO - Epoch(train) [21][ 50/102]  base_lr: 5.9031e-04 lr: 5.9031e-05  eta: 0:50:57  time: 0.9952  data_time: 0.0132  memory: 29477  grad_norm: 43.0823  loss: 21.2552  decode.loss_cls: 0.1414  decode.loss_mask: 0.8484  decode.loss_dice: 1.1229  decode.d0.loss_cls: 0.2948  decode.d0.loss_mask: 0.8592  decode.d0.loss_dice: 1.0993  decode.d1.loss_cls: 0.1554  decode.d1.loss_mask: 0.8560  decode.d1.loss_dice: 1.1067  decode.d2.loss_cls: 0.1385  decode.d2.loss_mask: 0.8545  decode.d2.loss_dice: 1.1189  decode.d3.loss_cls: 0.1359  decode.d3.loss_mask: 0.8492  decode.d3.loss_dice: 1.1176  decode.d4.loss_cls: 0.1243  decode.d4.loss_mask: 0.8670  decode.d4.loss_dice: 1.1329  decode.d5.loss_cls: 0.1329  decode.d5.loss_mask: 0.8564  decode.d5.loss_dice: 1.1145  decode.d6.loss_cls: 0.1353  decode.d6.loss_mask: 0.8579  decode.d6.loss_dice: 1.1014  decode.d7.loss_cls: 0.1410  decode.d7.loss_mask: 0.8593  decode.d7.loss_dice: 1.1262  decode.d8.loss_cls: 0.1392  decode.d8.loss_mask: 0.8427  decode.d8.loss_dice: 1.1253
2026/08/04 03:11:29 - mmengine - INFO - Epoch(train) [21][100/102]  base_lr: 5.8051e-04 lr: 5.8051e-05  eta: 0:50:05  time: 0.9945  data_time: 0.0135  memory: 29426  grad_norm: 42.2110  loss: 19.6506  decode.loss_cls: 0.1021  decode.loss_mask: 0.7909  decode.loss_dice: 1.0584  decode.d0.loss_cls: 0.2653  decode.d0.loss_mask: 0.8018  decode.d0.loss_dice: 1.0739  decode.d1.loss_cls: 0.1074  decode.d1.loss_mask: 0.7917  decode.d1.loss_dice: 1.0618  decode.d2.loss_cls: 0.0986  decode.d2.loss_mask: 0.7909  decode.d2.loss_dice: 1.0544  decode.d3.loss_cls: 0.0963  decode.d3.loss_mask: 0.7932  decode.d3.loss_dice: 1.0368  decode.d4.loss_cls: 0.0988  decode.d4.loss_mask: 0.7924  decode.d4.loss_dice: 1.0543  decode.d5.loss_cls: 0.1019  decode.d5.loss_mask: 0.7956  decode.d5.loss_dice: 1.0573  decode.d6.loss_cls: 0.1000  decode.d6.loss_mask: 0.7935  decode.d6.loss_dice: 1.0442  decode.d7.loss_cls: 0.1015  decode.d7.loss_mask: 0.7891  decode.d7.loss_dice: 1.0609  decode.d8.loss_cls: 0.1033  decode.d8.loss_mask: 0.7922  decode.d8.loss_dice: 1.0418
2026/08/04 03:11:31 - mmengine - INFO - Exp name: ningbo2m_new_dinov3_m2f_tune12_50e_512x512_20260804_022319
2026/08/04 03:11:32 - mmengine - INFO - Saving checkpoint at 21 epochs
2026/08/04 03:11:54 - mmengine - INFO - per class results:
2026/08/04 03:11:54 - mmengine - INFO - 
+-------------+-------+-------+--------+-----------+--------+
|    Class    |  IoU  |  Acc  | Fscore | Precision | Recall |
+-------------+-------+-------+--------+-----------+--------+
|  background | 49.25 |  56.5 | 65.99  |   79.33   |  56.5  |
|  grassland  | 53.29 | 66.92 | 69.53  |   72.34   | 66.92  |
|   bareland  | 59.98 | 74.63 | 74.98  |   75.34   | 74.63  |
|     road    | 73.62 | 82.49 | 84.81  |   87.26   | 82.49  |
|    forest   | 88.59 | 95.66 | 93.95  |    92.3   | 95.66  |
|    river    | 83.29 |  92.2 | 90.88  |    89.6   |  92.2  |
|   cropland  | 84.44 | 91.56 | 91.56  |   91.56   | 91.56  |
| residential | 82.53 | 88.94 | 90.43  |   91.96   | 88.94  |
+-------------+-------+-------+--------+-----------+--------+
2026/08/04 03:11:54 - mmengine - INFO - Epoch(val) [21][27/27]    aAcc: 88.7800  mIoU: 71.8700  mAcc: 81.1100  mFscore: 82.7700  mPrecision: 84.9600  mRecall: 81.1100  data_time: 0.0313  time: 0.2696
2026/08/04 03:12:44 - mmengine - INFO - Epoch(train) [22][ 50/102]  base_lr: 5.7031e-04 lr: 5.7031e-05  eta: 0:49:12  time: 0.9963  data_time: 0.0142  memory: 29458  grad_norm: 36.2596  loss: 17.6622  decode.loss_cls: 0.1186  decode.loss_mask: 0.7052  decode.loss_dice: 0.9452  decode.d0.loss_cls: 0.2919  decode.d0.loss_mask: 0.7036  decode.d0.loss_dice: 0.9338  decode.d1.loss_cls: 0.1346  decode.d1.loss_mask: 0.6975  decode.d1.loss_dice: 0.9325  decode.d2.loss_cls: 0.1142  decode.d2.loss_mask: 0.6932  decode.d2.loss_dice: 0.9259  decode.d3.loss_cls: 0.1209  decode.d3.loss_mask: 0.6930  decode.d3.loss_dice: 0.9247  decode.d4.loss_cls: 0.1181  decode.d4.loss_mask: 0.6991  decode.d4.loss_dice: 0.9368  decode.d5.loss_cls: 0.1114  decode.d5.loss_mask: 0.6906  decode.d5.loss_dice: 0.9189  decode.d6.loss_cls: 0.1175  decode.d6.loss_mask: 0.6854  decode.d6.loss_dice: 0.9355  decode.d7.loss_cls: 0.1075  decode.d7.loss_mask: 0.6977  decode.d7.loss_dice: 0.9488  decode.d8.loss_cls: 0.1107  decode.d8.loss_mask: 0.6948  decode.d8.loss_dice: 0.9548
2026/08/04 03:13:34 - mmengine - INFO - Epoch(train) [22][100/102]  base_lr: 5.6050e-04 lr: 5.6050e-05  eta: 0:48:20  time: 0.9938  data_time: 0.0143  memory: 29419  grad_norm: 43.1447  loss: 17.4745  decode.loss_cls: 0.1055  decode.loss_mask: 0.6832  decode.loss_dice: 0.9572  decode.d0.loss_cls: 0.2528  decode.d0.loss_mask: 0.6884  decode.d0.loss_dice: 0.9785  decode.d1.loss_cls: 0.1169  decode.d1.loss_mask: 0.6785  decode.d1.loss_dice: 0.9510  decode.d2.loss_cls: 0.1089  decode.d2.loss_mask: 0.6801  decode.d2.loss_dice: 0.9476  decode.d3.loss_cls: 0.1114  decode.d3.loss_mask: 0.6683  decode.d3.loss_dice: 0.9219  decode.d4.loss_cls: 0.1040  decode.d4.loss_mask: 0.6787  decode.d4.loss_dice: 0.9271  decode.d5.loss_cls: 0.1124  decode.d5.loss_mask: 0.6756  decode.d5.loss_dice: 0.9511  decode.d6.loss_cls: 0.0965  decode.d6.loss_mask: 0.6752  decode.d6.loss_dice: 0.9412  decode.d7.loss_cls: 0.1122  decode.d7.loss_mask: 0.6747  decode.d7.loss_dice: 0.9389  decode.d8.loss_cls: 0.1071  decode.d8.loss_mask: 0.6767  decode.d8.loss_dice: 0.9530
2026/08/04 03:13:36 - mmengine - INFO - Exp name: ningbo2m_new_dinov3_m2f_tune12_50e_512x512_20260804_022319
2026/08/04 03:13:36 - mmengine - INFO - Saving checkpoint at 22 epochs
2026/08/04 03:13:58 - mmengine - INFO - per class results:
2026/08/04 03:13:58 - mmengine - INFO - 
+-------------+-------+-------+--------+-----------+--------+
|    Class    |  IoU  |  Acc  | Fscore | Precision | Recall |
+-------------+-------+-------+--------+-----------+--------+
|  background | 48.16 | 54.78 | 65.01  |   79.94   | 54.78  |
|  grassland  | 50.96 | 63.46 | 67.51  |   72.11   | 63.46  |
|   bareland  | 58.56 | 67.69 | 73.86  |   81.28   | 67.69  |
|     road    | 74.23 | 83.43 | 85.21  |   87.07   | 83.43  |
|    forest   | 88.15 | 96.82 |  93.7  |   90.78   | 96.82  |
|    river    | 82.22 | 90.57 | 90.25  |   89.92   | 90.57  |
|   cropland  | 84.41 | 91.27 | 91.55  |   91.83   | 91.27  |
| residential | 82.94 | 91.93 | 90.68  |   89.46   | 91.93  |
+-------------+-------+-------+--------+-----------+--------+
2026/08/04 03:13:58 - mmengine - INFO - Epoch(val) [22][27/27]    aAcc: 88.5300  mIoU: 71.2000  mAcc: 79.9900  mFscore: 82.2200  mPrecision: 85.3000  mRecall: 79.9900  data_time: 0.0314  time: 0.2700
2026/08/04 03:14:49 - mmengine - INFO - Epoch(train) [23][ 50/102]  base_lr: 5.5030e-04 lr: 5.5030e-05  eta: 0:47:28  time: 1.0040  data_time: 0.0134  memory: 29411  grad_norm: 39.8977  loss: 17.7764  decode.loss_cls: 0.1147  decode.loss_mask: 0.6957  decode.loss_dice: 0.9602  decode.d0.loss_cls: 0.2950  decode.d0.loss_mask: 0.7074  decode.d0.loss_dice: 0.9251  decode.d1.loss_cls: 0.1210  decode.d1.loss_mask: 0.6849  decode.d1.loss_dice: 0.9528  decode.d2.loss_cls: 0.1175  decode.d2.loss_mask: 0.6914  decode.d2.loss_dice: 0.9590  decode.d3.loss_cls: 0.1153  decode.d3.loss_mask: 0.6865  decode.d3.loss_dice: 0.9615  decode.d4.loss_cls: 0.1109  decode.d4.loss_mask: 0.6816  decode.d4.loss_dice: 0.9665  decode.d5.loss_cls: 0.1192  decode.d5.loss_mask: 0.6881  decode.d5.loss_dice: 0.9646  decode.d6.loss_cls: 0.1205  decode.d6.loss_mask: 0.6904  decode.d6.loss_dice: 0.9480  decode.d7.loss_cls: 0.1048  decode.d7.loss_mask: 0.6856  decode.d7.loss_dice: 0.9591  decode.d8.loss_cls: 0.1156  decode.d8.loss_mask: 0.6922  decode.d8.loss_dice: 0.9411
2026/08/04 03:15:39 - mmengine - INFO - Epoch(train) [23][100/102]  base_lr: 5.4050e-04 lr: 5.4050e-05  eta: 0:46:36  time: 0.9937  data_time: 0.0134  memory: 29429  grad_norm: 40.8399  loss: 16.0252  decode.loss_cls: 0.0991  decode.loss_mask: 0.6216  decode.loss_dice: 0.8572  decode.d0.loss_cls: 0.2705  decode.d0.loss_mask: 0.6248  decode.d0.loss_dice: 0.8768  decode.d1.loss_cls: 0.1186  decode.d1.loss_mask: 0.6153  decode.d1.loss_dice: 0.8509  decode.d2.loss_cls: 0.1015  decode.d2.loss_mask: 0.6178  decode.d2.loss_dice: 0.8691  decode.d3.loss_cls: 0.0904  decode.d3.loss_mask: 0.6261  decode.d3.loss_dice: 0.8667  decode.d4.loss_cls: 0.1044  decode.d4.loss_mask: 0.6213  decode.d4.loss_dice: 0.8552  decode.d5.loss_cls: 0.0986  decode.d5.loss_mask: 0.6218  decode.d5.loss_dice: 0.8692  decode.d6.loss_cls: 0.1029  decode.d6.loss_mask: 0.6203  decode.d6.loss_dice: 0.8625  decode.d7.loss_cls: 0.1061  decode.d7.loss_mask: 0.6147  decode.d7.loss_dice: 0.8623  decode.d8.loss_cls: 0.1031  decode.d8.loss_mask: 0.6197  decode.d8.loss_dice: 0.8566
2026/08/04 03:15:41 - mmengine - INFO - Exp name: ningbo2m_new_dinov3_m2f_tune12_50e_512x512_20260804_022319
2026/08/04 03:15:41 - mmengine - INFO - Saving checkpoint at 23 epochs
2026/08/04 03:16:02 - mmengine - INFO - per class results:
2026/08/04 03:16:02 - mmengine - INFO - 
+-------------+-------+-------+--------+-----------+--------+
|    Class    |  IoU  |  Acc  | Fscore | Precision | Recall |
+-------------+-------+-------+--------+-----------+--------+
|  background | 51.41 | 63.99 | 67.91  |   72.33   | 63.99  |
|  grassland  | 50.91 | 60.94 | 67.47  |   75.57   | 60.94  |
|   bareland  | 58.91 | 75.83 | 74.14  |   72.53   | 75.83  |
|     road    | 73.41 | 87.96 | 84.67  |   81.61   | 87.96  |
|    forest   | 87.96 |  96.2 |  93.6  |   91.14   |  96.2  |
|    river    | 82.74 | 90.11 | 90.55  |    91.0   | 90.11  |
|   cropland  | 84.24 | 90.24 | 91.45  |   92.69   | 90.24  |
| residential | 82.54 | 90.38 | 90.44  |   90.49   | 90.38  |
+-------------+-------+-------+--------+-----------+--------+
2026/08/04 03:16:02 - mmengine - INFO - Epoch(val) [23][27/27]    aAcc: 88.4400  mIoU: 71.5200  mAcc: 81.9600  mFscore: 82.5300  mPrecision: 83.4200  mRecall: 81.9600  data_time: 0.0314  time: 0.2700
2026/08/04 03:16:53 - mmengine - INFO - Epoch(train) [24][ 50/102]  base_lr: 5.3030e-04 lr: 5.3030e-05  eta: 0:45:43  time: 1.0237  data_time: 0.0140  memory: 29437  grad_norm: 39.7390  loss: 17.4641  decode.loss_cls: 0.0873  decode.loss_mask: 0.7047  decode.loss_dice: 0.9226  decode.d0.loss_cls: 0.2538  decode.d0.loss_mask: 0.7056  decode.d0.loss_dice: 0.9306  decode.d1.loss_cls: 0.1091  decode.d1.loss_mask: 0.7120  decode.d1.loss_dice: 0.9271  decode.d2.loss_cls: 0.0955  decode.d2.loss_mask: 0.7050  decode.d2.loss_dice: 0.9262  decode.d3.loss_cls: 0.1013  decode.d3.loss_mask: 0.7018  decode.d3.loss_dice: 0.9283  decode.d4.loss_cls: 0.0893  decode.d4.loss_mask: 0.7086  decode.d4.loss_dice: 0.9352  decode.d5.loss_cls: 0.0993  decode.d5.loss_mask: 0.7170  decode.d5.loss_dice: 0.9213  decode.d6.loss_cls: 0.1012  decode.d6.loss_mask: 0.7051  decode.d6.loss_dice: 0.9163  decode.d7.loss_cls: 0.1017  decode.d7.loss_mask: 0.7096  decode.d7.loss_dice: 0.9213  decode.d8.loss_cls: 0.0938  decode.d8.loss_mask: 0.7087  decode.d8.loss_dice: 0.9249
2026/08/04 03:17:43 - mmengine - INFO - Epoch(train) [24][100/102]  base_lr: 5.2049e-04 lr: 5.2049e-05  eta: 0:44:52  time: 0.9926  data_time: 0.0132  memory: 29467  grad_norm: 40.4720  loss: 15.5538  decode.loss_cls: 0.1005  decode.loss_mask: 0.5922  decode.loss_dice: 0.8431  decode.d0.loss_cls: 0.2711  decode.d0.loss_mask: 0.6035  decode.d0.loss_dice: 0.8708  decode.d1.loss_cls: 0.1160  decode.d1.loss_mask: 0.5878  decode.d1.loss_dice: 0.8402  decode.d2.loss_cls: 0.1012  decode.d2.loss_mask: 0.5947  decode.d2.loss_dice: 0.8494  decode.d3.loss_cls: 0.0943  decode.d3.loss_mask: 0.5933  decode.d3.loss_dice: 0.8256  decode.d4.loss_cls: 0.0982  decode.d4.loss_mask: 0.5928  decode.d4.loss_dice: 0.8393  decode.d5.loss_cls: 0.1010  decode.d5.loss_mask: 0.5901  decode.d5.loss_dice: 0.8445  decode.d6.loss_cls: 0.1012  decode.d6.loss_mask: 0.5919  decode.d6.loss_dice: 0.8396  decode.d7.loss_cls: 0.0972  decode.d7.loss_mask: 0.5941  decode.d7.loss_dice: 0.8499  decode.d8.loss_cls: 0.0875  decode.d8.loss_mask: 0.5947  decode.d8.loss_dice: 0.8479
2026/08/04 03:17:45 - mmengine - INFO - Exp name: ningbo2m_new_dinov3_m2f_tune12_50e_512x512_20260804_022319
2026/08/04 03:17:45 - mmengine - INFO - Saving checkpoint at 24 epochs
2026/08/04 03:18:06 - mmengine - INFO - per class results:
2026/08/04 03:18:06 - mmengine - INFO - 
+-------------+-------+-------+--------+-----------+--------+
|    Class    |  IoU  |  Acc  | Fscore | Precision | Recall |
+-------------+-------+-------+--------+-----------+--------+
|  background | 50.41 |  58.4 | 67.03  |   78.64   |  58.4  |
|  grassland  | 53.02 | 65.83 | 69.29  |   73.14   | 65.83  |
|   bareland  | 60.54 | 72.53 | 75.42  |   78.56   | 72.53  |
|     road    |  74.5 |  85.4 | 85.39  |   85.38   |  85.4  |
|    forest   | 88.55 | 96.28 | 93.92  |   91.69   | 96.28  |
|    river    | 83.71 | 90.39 | 91.13  |   91.89   | 90.39  |
|   cropland  | 84.53 | 91.52 | 91.62  |   91.71   | 91.52  |
| residential | 83.49 |  91.8 |  91.0  |   90.21   |  91.8  |
+-------------+-------+-------+--------+-----------+--------+
2026/08/04 03:18:06 - mmengine - INFO - Epoch(val) [24][27/27]    aAcc: 88.9700  mIoU: 72.3400  mAcc: 81.5200  mFscore: 83.1000  mPrecision: 85.1500  mRecall: 81.5200  data_time: 0.0295  time: 0.2686
2026/08/04 03:18:07 - mmengine - INFO - The previous best checkpoint /mnt/htzzb2/EO_test/wj1/qh2_work_dirs/ningbo2m_new_dinov3_m2f_tune12_50e_512x512/best_mIoU_epoch_20.pth is removed
2026/08/04 03:18:11 - mmengine - INFO - The best checkpoint with 72.3400 mIoU at 24 epoch is saved to best_mIoU_epoch_24.pth.
2026/08/04 03:19:14 - mmengine - INFO - Epoch(train) [25][ 50/102]  base_lr: 5.1030e-04 lr: 5.1030e-05  eta: 0:43:59  time: 0.9952  data_time: 0.0143  memory: 29426  grad_norm: 38.0590  loss: 15.8368  decode.loss_cls: 0.0807  decode.loss_mask: 0.6216  decode.loss_dice: 0.8634  decode.d0.loss_cls: 0.2630  decode.d0.loss_mask: 0.6415  decode.d0.loss_dice: 0.8601  decode.d1.loss_cls: 0.0935  decode.d1.loss_mask: 0.6233  decode.d1.loss_dice: 0.8614  decode.d2.loss_cls: 0.0750  decode.d2.loss_mask: 0.6229  decode.d2.loss_dice: 0.8693  decode.d3.loss_cls: 0.0783  decode.d3.loss_mask: 0.6193  decode.d3.loss_dice: 0.8569  decode.d4.loss_cls: 0.0725  decode.d4.loss_mask: 0.6258  decode.d4.loss_dice: 0.8631  decode.d5.loss_cls: 0.0914  decode.d5.loss_mask: 0.6202  decode.d5.loss_dice: 0.8477  decode.d6.loss_cls: 0.0827  decode.d6.loss_mask: 0.6182  decode.d6.loss_dice: 0.8587  decode.d7.loss_cls: 0.0815  decode.d7.loss_mask: 0.6206  decode.d7.loss_dice: 0.8682  decode.d8.loss_cls: 0.0741  decode.d8.loss_mask: 0.6226  decode.d8.loss_dice: 0.8592
2026/08/04 03:20:04 - mmengine - INFO - Epoch(train) [25][100/102]  base_lr: 5.0049e-04 lr: 5.0049e-05  eta: 0:43:08  time: 0.9938  data_time: 0.0141  memory: 29427  grad_norm: 36.5336  loss: 17.1076  decode.loss_cls: 0.0907  decode.loss_mask: 0.6880  decode.loss_dice: 0.9165  decode.d0.loss_cls: 0.2529  decode.d0.loss_mask: 0.6820  decode.d0.loss_dice: 0.9168  decode.d1.loss_cls: 0.1057  decode.d1.loss_mask: 0.6818  decode.d1.loss_dice: 0.9198  decode.d2.loss_cls: 0.0969  decode.d2.loss_mask: 0.6811  decode.d2.loss_dice: 0.9207  decode.d3.loss_cls: 0.0913  decode.d3.loss_mask: 0.6878  decode.d3.loss_dice: 0.9122  decode.d4.loss_cls: 0.0885  decode.d4.loss_mask: 0.6833  decode.d4.loss_dice: 0.9179  decode.d5.loss_cls: 0.0908  decode.d5.loss_mask: 0.6794  decode.d5.loss_dice: 0.9119  decode.d6.loss_cls: 0.0937  decode.d6.loss_mask: 0.6859  decode.d6.loss_dice: 0.9110  decode.d7.loss_cls: 0.0915  decode.d7.loss_mask: 0.6872  decode.d7.loss_dice: 0.9149  decode.d8.loss_cls: 0.0907  decode.d8.loss_mask: 0.6868  decode.d8.loss_dice: 0.9299
2026/08/04 03:20:06 - mmengine - INFO - Exp name: ningbo2m_new_dinov3_m2f_tune12_50e_512x512_20260804_022319
2026/08/04 03:20:06 - mmengine - INFO - Saving checkpoint at 25 epochs
2026/08/04 03:20:29 - mmengine - INFO - per class results:
2026/08/04 03:20:29 - mmengine - INFO - 
+-------------+-------+-------+--------+-----------+--------+
|    Class    |  IoU  |  Acc  | Fscore | Precision | Recall |
+-------------+-------+-------+--------+-----------+--------+
|  background | 46.77 | 52.49 | 63.74  |   81.12   | 52.49  |
|  grassland  | 53.26 | 66.73 |  69.5  |   72.52   | 66.73  |
|   bareland  | 59.31 | 75.58 | 74.45  |   73.36   | 75.58  |
|     road    | 74.15 | 83.51 | 85.16  |   86.87   | 83.51  |
|    forest   | 88.45 | 95.92 | 93.87  |   91.91   | 95.92  |
|    river    | 82.91 | 89.59 | 90.66  |   91.75   | 89.59  |
|   cropland  | 84.19 | 90.96 | 91.42  |   91.88   | 90.96  |
| residential | 83.24 | 91.33 | 90.86  |   90.38   | 91.33  |
+-------------+-------+-------+--------+-----------+--------+
2026/08/04 03:20:29 - mmengine - INFO - Epoch(val) [25][27/27]    aAcc: 88.6900  mIoU: 71.5400  mAcc: 80.7600  mFscore: 82.4600  mPrecision: 84.9700  mRecall: 80.7600  data_time: 0.0319  time: 0.2706
2026/08/04 03:21:19 - mmengine - INFO - Epoch(train) [26][ 50/102]  base_lr: 4.9029e-04 lr: 4.9029e-05  eta: 0:42:15  time: 0.9929  data_time: 0.0133  memory: 29427  grad_norm: 36.2676  loss: 16.2227  decode.loss_cls: 0.0885  decode.loss_mask: 0.6217  decode.loss_dice: 0.9027  decode.d0.loss_cls: 0.2640  decode.d0.loss_mask: 0.6385  decode.d0.loss_dice: 0.8803  decode.d1.loss_cls: 0.1001  decode.d1.loss_mask: 0.6212  decode.d1.loss_dice: 0.8889  decode.d2.loss_cls: 0.0861  decode.d2.loss_mask: 0.6227  decode.d2.loss_dice: 0.8855  decode.d3.loss_cls: 0.0865  decode.d3.loss_mask: 0.6176  decode.d3.loss_dice: 0.8891  decode.d4.loss_cls: 0.0909  decode.d4.loss_mask: 0.6209  decode.d4.loss_dice: 0.8969  decode.d5.loss_cls: 0.0873  decode.d5.loss_mask: 0.6211  decode.d5.loss_dice: 0.8971  decode.d6.loss_cls: 0.0864  decode.d6.loss_mask: 0.6243  decode.d6.loss_dice: 0.8882  decode.d7.loss_cls: 0.0808  decode.d7.loss_mask: 0.6212  decode.d7.loss_dice: 0.9026  decode.d8.loss_cls: 0.0849  decode.d8.loss_mask: 0.6255  decode.d8.loss_dice: 0.9013
2026/08/04 03:22:10 - mmengine - INFO - Epoch(train) [26][100/102]  base_lr: 4.8049e-04 lr: 4.8049e-05  eta: 0:41:24  time: 0.9919  data_time: 0.0140  memory: 29419  grad_norm: 35.9455  loss: 15.6836  decode.loss_cls: 0.0973  decode.loss_mask: 0.6098  decode.loss_dice: 0.8409  decode.d0.loss_cls: 0.2622  decode.d0.loss_mask: 0.6209  decode.d0.loss_dice: 0.8515  decode.d1.loss_cls: 0.1012  decode.d1.loss_mask: 0.6060  decode.d1.loss_dice: 0.8455  decode.d2.loss_cls: 0.0953  decode.d2.loss_mask: 0.6082  decode.d2.loss_dice: 0.8413  decode.d3.loss_cls: 0.0953  decode.d3.loss_mask: 0.6082  decode.d3.loss_dice: 0.8335  decode.d4.loss_cls: 0.1012  decode.d4.loss_mask: 0.6116  decode.d4.loss_dice: 0.8385  decode.d5.loss_cls: 0.0988  decode.d5.loss_mask: 0.6105  decode.d5.loss_dice: 0.8340  decode.d6.loss_cls: 0.0989  decode.d6.loss_mask: 0.6108  decode.d6.loss_dice: 0.8527  decode.d7.loss_cls: 0.0982  decode.d7.loss_mask: 0.6087  decode.d7.loss_dice: 0.8437  decode.d8.loss_cls: 0.0931  decode.d8.loss_mask: 0.6060  decode.d8.loss_dice: 0.8601
2026/08/04 03:22:12 - mmengine - INFO - Exp name: ningbo2m_new_dinov3_m2f_tune12_50e_512x512_20260804_022319
2026/08/04 03:22:12 - mmengine - INFO - Saving checkpoint at 26 epochs
2026/08/04 03:22:33 - mmengine - INFO - per class results:
2026/08/04 03:22:33 - mmengine - INFO - 
+-------------+-------+-------+--------+-----------+--------+
|    Class    |  IoU  |  Acc  | Fscore | Precision | Recall |
+-------------+-------+-------+--------+-----------+--------+
|  background | 50.51 | 59.06 | 67.12  |   77.72   | 59.06  |
|  grassland  | 53.23 |  66.4 | 69.47  |   72.84   |  66.4  |
|   bareland  | 58.75 | 75.45 | 74.02  |   72.64   | 75.45  |
|     road    | 74.48 | 84.83 | 85.38  |   85.93   | 84.83  |
|    forest   | 88.58 | 95.88 | 93.95  |   92.09   | 95.88  |
|    river    |  83.4 | 90.64 | 90.95  |   91.25   | 90.64  |
|   cropland  | 84.07 | 89.74 | 91.35  |   93.01   | 89.74  |
| residential | 82.99 | 91.64 | 90.71  |   89.79   | 91.64  |
+-------------+-------+-------+--------+-----------+--------+
2026/08/04 03:22:33 - mmengine - INFO - Epoch(val) [26][27/27]    aAcc: 88.7200  mIoU: 72.0000  mAcc: 81.7100  mFscore: 82.8700  mPrecision: 84.4100  mRecall: 81.7100  data_time: 0.0290  time: 0.2678
2026/08/04 03:23:23 - mmengine - INFO - Epoch(train) [27][ 50/102]  base_lr: 4.7029e-04 lr: 4.7029e-05  eta: 0:40:31  time: 1.0193  data_time: 0.0143  memory: 29420  grad_norm: 35.9672  loss: 17.0090  decode.loss_cls: 0.1062  decode.loss_mask: 0.6725  decode.loss_dice: 0.9221  decode.d0.loss_cls: 0.2591  decode.d0.loss_mask: 0.6696  decode.d0.loss_dice: 0.9072  decode.d1.loss_cls: 0.1129  decode.d1.loss_mask: 0.6681  decode.d1.loss_dice: 0.8905  decode.d2.loss_cls: 0.1092  decode.d2.loss_mask: 0.6648  decode.d2.loss_dice: 0.9087  decode.d3.loss_cls: 0.1094  decode.d3.loss_mask: 0.6704  decode.d3.loss_dice: 0.9063  decode.d4.loss_cls: 0.1097  decode.d4.loss_mask: 0.6736  decode.d4.loss_dice: 0.9134  decode.d5.loss_cls: 0.1085  decode.d5.loss_mask: 0.6622  decode.d5.loss_dice: 0.9259  decode.d6.loss_cls: 0.1027  decode.d6.loss_mask: 0.6707  decode.d6.loss_dice: 0.9250  decode.d7.loss_cls: 0.1095  decode.d7.loss_mask: 0.6695  decode.d7.loss_dice: 0.8896  decode.d8.loss_cls: 0.1047  decode.d8.loss_mask: 0.6679  decode.d8.loss_dice: 0.8989
2026/08/04 03:24:13 - mmengine - INFO - Epoch(train) [27][100/102]  base_lr: 4.6048e-04 lr: 4.6048e-05  eta: 0:39:39  time: 1.0038  data_time: 0.0147  memory: 29436  grad_norm: 37.7701  loss: 15.2259  decode.loss_cls: 0.0483  decode.loss_mask: 0.6167  decode.loss_dice: 0.8304  decode.d0.loss_cls: 0.2304  decode.d0.loss_mask: 0.6289  decode.d0.loss_dice: 0.8290  decode.d1.loss_cls: 0.0628  decode.d1.loss_mask: 0.6163  decode.d1.loss_dice: 0.8306  decode.d2.loss_cls: 0.0617  decode.d2.loss_mask: 0.6164  decode.d2.loss_dice: 0.8423  decode.d3.loss_cls: 0.0601  decode.d3.loss_mask: 0.6152  decode.d3.loss_dice: 0.8208  decode.d4.loss_cls: 0.0536  decode.d4.loss_mask: 0.6146  decode.d4.loss_dice: 0.8328  decode.d5.loss_cls: 0.0513  decode.d5.loss_mask: 0.6136  decode.d5.loss_dice: 0.8370  decode.d6.loss_cls: 0.0422  decode.d6.loss_mask: 0.6181  decode.d6.loss_dice: 0.8340  decode.d7.loss_cls: 0.0531  decode.d7.loss_mask: 0.6163  decode.d7.loss_dice: 0.8333  decode.d8.loss_cls: 0.0525  decode.d8.loss_mask: 0.6158  decode.d8.loss_dice: 0.8477
2026/08/04 03:24:15 - mmengine - INFO - Exp name: ningbo2m_new_dinov3_m2f_tune12_50e_512x512_20260804_022319
2026/08/04 03:24:15 - mmengine - INFO - Saving checkpoint at 27 epochs
2026/08/04 03:24:36 - mmengine - INFO - per class results:
2026/08/04 03:24:36 - mmengine - INFO - 
+-------------+-------+-------+--------+-----------+--------+
|    Class    |  IoU  |  Acc  | Fscore | Precision | Recall |
+-------------+-------+-------+--------+-----------+--------+
|  background | 49.83 | 57.67 | 66.52  |   78.57   | 57.67  |
|  grassland  | 54.03 | 69.99 | 70.15  |   70.32   | 69.99  |
|   bareland  | 59.38 | 70.47 | 74.52  |   79.05   | 70.47  |
|     road    | 74.25 | 84.22 | 85.22  |   86.24   | 84.22  |
|    forest   | 88.33 | 94.23 |  93.8  |   93.38   | 94.23  |
|    river    | 83.27 | 91.11 | 90.87  |   90.64   | 91.11  |
|   cropland  | 84.36 | 92.06 | 91.52  |   90.99   | 92.06  |
| residential |  83.1 | 93.27 | 90.77  |    88.4   | 93.27  |
+-------------+-------+-------+--------+-----------+--------+
2026/08/04 03:24:36 - mmengine - INFO - Epoch(val) [27][27/27]    aAcc: 88.7600  mIoU: 72.0700  mAcc: 81.6300  mFscore: 82.9200  mPrecision: 84.7000  mRecall: 81.6300  data_time: 0.0283  time: 0.2664
2026/08/04 03:25:27 - mmengine - INFO - Epoch(train) [28][ 50/102]  base_lr: 4.5028e-04 lr: 4.5028e-05  eta: 0:38:46  time: 0.9942  data_time: 0.0136  memory: 29418  grad_norm: 36.0141  loss: 16.6521  decode.loss_cls: 0.0940  decode.loss_mask: 0.7022  decode.loss_dice: 0.8524  decode.d0.loss_cls: 0.2512  decode.d0.loss_mask: 0.7241  decode.d0.loss_dice: 0.8551  decode.d1.loss_cls: 0.1036  decode.d1.loss_mask: 0.6928  decode.d1.loss_dice: 0.8468  decode.d2.loss_cls: 0.0961  decode.d2.loss_mask: 0.7034  decode.d2.loss_dice: 0.8568  decode.d3.loss_cls: 0.0924  decode.d3.loss_mask: 0.7014  decode.d3.loss_dice: 0.8615  decode.d4.loss_cls: 0.0924  decode.d4.loss_mask: 0.6951  decode.d4.loss_dice: 0.8520  decode.d5.loss_cls: 0.0860  decode.d5.loss_mask: 0.6988  decode.d5.loss_dice: 0.8596  decode.d6.loss_cls: 0.0939  decode.d6.loss_mask: 0.7024  decode.d6.loss_dice: 0.8592  decode.d7.loss_cls: 0.0901  decode.d7.loss_mask: 0.6950  decode.d7.loss_dice: 0.8597  decode.d8.loss_cls: 0.0982  decode.d8.loss_mask: 0.6944  decode.d8.loss_dice: 0.8414
2026/08/04 03:26:18 - mmengine - INFO - Epoch(train) [28][100/102]  base_lr: 4.4048e-04 lr: 4.4048e-05  eta: 0:37:56  time: 1.0231  data_time: 0.0145  memory: 29447  grad_norm: 34.6558  loss: 17.0010  decode.loss_cls: 0.0832  decode.loss_mask: 0.6986  decode.loss_dice: 0.9040  decode.d0.loss_cls: 0.2364  decode.d0.loss_mask: 0.7121  decode.d0.loss_dice: 0.8980  decode.d1.loss_cls: 0.0933  decode.d1.loss_mask: 0.6990  decode.d1.loss_dice: 0.9126  decode.d2.loss_cls: 0.0859  decode.d2.loss_mask: 0.6997  decode.d2.loss_dice: 0.8970  decode.d3.loss_cls: 0.0834  decode.d3.loss_mask: 0.7046  decode.d3.loss_dice: 0.8996  decode.d4.loss_cls: 0.0872  decode.d4.loss_mask: 0.6999  decode.d4.loss_dice: 0.8915  decode.d5.loss_cls: 0.0809  decode.d5.loss_mask: 0.6958  decode.d5.loss_dice: 0.8989  decode.d6.loss_cls: 0.0884  decode.d6.loss_mask: 0.7001  decode.d6.loss_dice: 0.8934  decode.d7.loss_cls: 0.0911  decode.d7.loss_mask: 0.6982  decode.d7.loss_dice: 0.8852  decode.d8.loss_cls: 0.0823  decode.d8.loss_mask: 0.7002  decode.d8.loss_dice: 0.9005
2026/08/04 03:26:20 - mmengine - INFO - Exp name: ningbo2m_new_dinov3_m2f_tune12_50e_512x512_20260804_022319
2026/08/04 03:26:20 - mmengine - INFO - Saving checkpoint at 28 epochs
2026/08/04 03:26:41 - mmengine - INFO - per class results:
2026/08/04 03:26:41 - mmengine - INFO - 
+-------------+-------+-------+--------+-----------+--------+
|    Class    |  IoU  |  Acc  | Fscore | Precision | Recall |
+-------------+-------+-------+--------+-----------+--------+
|  background | 50.51 | 60.93 | 67.12  |   74.71   | 60.93  |
|  grassland  | 54.44 | 68.66 |  70.5  |   72.45   | 68.66  |
|   bareland  | 60.09 | 72.92 | 75.07  |   77.36   | 72.92  |
|     road    | 74.82 | 85.85 | 85.59  |   85.34   | 85.85  |
|    forest   | 88.98 | 96.22 | 94.17  |   92.21   | 96.22  |
|    river    | 83.28 | 90.58 | 90.88  |   91.18   | 90.58  |
|   cropland  | 84.41 | 90.49 | 91.55  |   92.63   | 90.49  |
| residential | 83.18 | 90.92 | 90.82  |   90.71   | 90.92  |
+-------------+-------+-------+--------+-----------+--------+
2026/08/04 03:26:41 - mmengine - INFO - Epoch(val) [28][27/27]    aAcc: 89.0100  mIoU: 72.4700  mAcc: 82.0700  mFscore: 83.2100  mPrecision: 84.5700  mRecall: 82.0700  data_time: 0.0282  time: 0.2669
2026/08/04 03:26:41 - mmengine - INFO - The previous best checkpoint /mnt/htzzb2/EO_test/wj1/qh2_work_dirs/ningbo2m_new_dinov3_m2f_tune12_50e_512x512/best_mIoU_epoch_24.pth is removed
2026/08/04 03:26:46 - mmengine - INFO - The best checkpoint with 72.4700 mIoU at 28 epoch is saved to best_mIoU_epoch_28.pth.
2026/08/04 03:27:51 - mmengine - INFO - Epoch(train) [29][ 50/102]  base_lr: 4.3028e-04 lr: 4.3028e-05  eta: 0:37:03  time: 1.0001  data_time: 0.0133  memory: 29436  grad_norm: 32.8242  loss: 15.6940  decode.loss_cls: 0.0699  decode.loss_mask: 0.6286  decode.loss_dice: 0.8521  decode.d0.loss_cls: 0.2540  decode.d0.loss_mask: 0.6351  decode.d0.loss_dice: 0.8405  decode.d1.loss_cls: 0.0751  decode.d1.loss_mask: 0.6291  decode.d1.loss_dice: 0.8581  decode.d2.loss_cls: 0.0698  decode.d2.loss_mask: 0.6324  decode.d2.loss_dice: 0.8610  decode.d3.loss_cls: 0.0678  decode.d3.loss_mask: 0.6275  decode.d3.loss_dice: 0.8449  decode.d4.loss_cls: 0.0650  decode.d4.loss_mask: 0.6295  decode.d4.loss_dice: 0.8529  decode.d5.loss_cls: 0.0758  decode.d5.loss_mask: 0.6268  decode.d5.loss_dice: 0.8581  decode.d6.loss_cls: 0.0722  decode.d6.loss_mask: 0.6283  decode.d6.loss_dice: 0.8447  decode.d7.loss_cls: 0.0745  decode.d7.loss_mask: 0.6339  decode.d7.loss_dice: 0.8413  decode.d8.loss_cls: 0.0689  decode.d8.loss_mask: 0.6276  decode.d8.loss_dice: 0.8488
2026/08/04 03:28:41 - mmengine - INFO - Epoch(train) [29][100/102]  base_lr: 4.2047e-04 lr: 4.2047e-05  eta: 0:36:12  time: 0.9952  data_time: 0.0143  memory: 29435  grad_norm: 34.6325  loss: 15.1688  decode.loss_cls: 0.0640  decode.loss_mask: 0.6270  decode.loss_dice: 0.7987  decode.d0.loss_cls: 0.2265  decode.d0.loss_mask: 0.6470  decode.d0.loss_dice: 0.8232  decode.d1.loss_cls: 0.0609  decode.d1.loss_mask: 0.6263  decode.d1.loss_dice: 0.8131  decode.d2.loss_cls: 0.0529  decode.d2.loss_mask: 0.6243  decode.d2.loss_dice: 0.8160  decode.d3.loss_cls: 0.0503  decode.d3.loss_mask: 0.6224  decode.d3.loss_dice: 0.8198  decode.d4.loss_cls: 0.0494  decode.d4.loss_mask: 0.6239  decode.d4.loss_dice: 0.8248  decode.d5.loss_cls: 0.0499  decode.d5.loss_mask: 0.6224  decode.d5.loss_dice: 0.8216  decode.d6.loss_cls: 0.0572  decode.d6.loss_mask: 0.6259  decode.d6.loss_dice: 0.8158  decode.d7.loss_cls: 0.0554  decode.d7.loss_mask: 0.6265  decode.d7.loss_dice: 0.8193  decode.d8.loss_cls: 0.0624  decode.d8.loss_mask: 0.6228  decode.d8.loss_dice: 0.8191
2026/08/04 03:28:43 - mmengine - INFO - Exp name: ningbo2m_new_dinov3_m2f_tune12_50e_512x512_20260804_022319
2026/08/04 03:28:43 - mmengine - INFO - Saving checkpoint at 29 epochs
2026/08/04 03:29:04 - mmengine - INFO - per class results:
2026/08/04 03:29:04 - mmengine - INFO - 
+-------------+-------+-------+--------+-----------+--------+
|    Class    |  IoU  |  Acc  | Fscore | Precision | Recall |
+-------------+-------+-------+--------+-----------+--------+
|  background | 50.71 | 60.06 |  67.3  |   76.52   | 60.06  |
|  grassland  | 54.42 | 71.12 | 70.48  |   69.86   | 71.12  |
|   bareland  | 59.22 | 73.57 | 74.39  |   75.22   | 73.57  |
|     road    | 74.57 | 86.56 | 85.43  |   84.33   | 86.56  |
|    forest   | 87.96 | 93.52 | 93.59  |   93.66   | 93.52  |
|    river    | 82.31 | 91.17 |  90.3  |   89.44   | 91.17  |
|   cropland  | 84.65 |  91.4 | 91.68  |   91.97   |  91.4  |
| residential | 83.26 | 91.65 | 90.87  |    90.1   | 91.65  |
+-------------+-------+-------+--------+-----------+--------+
2026/08/04 03:29:04 - mmengine - INFO - Epoch(val) [29][27/27]    aAcc: 88.6000  mIoU: 72.1400  mAcc: 82.3800  mFscore: 83.0100  mPrecision: 83.8900  mRecall: 82.3800  data_time: 0.0314  time: 0.2707
2026/08/04 03:29:46 - mmengine - INFO - Exp name: ningbo2m_new_dinov3_m2f_tune12_50e_512x512_20260804_022319
2026/08/04 03:29:54 - mmengine - INFO - Epoch(train) [30][ 50/102]  base_lr: 4.1028e-04 lr: 4.1028e-05  eta: 0:35:19  time: 0.9972  data_time: 0.0137  memory: 29438  grad_norm: 32.1464  loss: 13.9788  decode.loss_cls: 0.0922  decode.loss_mask: 0.5589  decode.loss_dice: 0.7374  decode.d0.loss_cls: 0.2600  decode.d0.loss_mask: 0.5709  decode.d0.loss_dice: 0.7310  decode.d1.loss_cls: 0.0956  decode.d1.loss_mask: 0.5558  decode.d1.loss_dice: 0.7357  decode.d2.loss_cls: 0.0884  decode.d2.loss_mask: 0.5683  decode.d2.loss_dice: 0.7326  decode.d3.loss_cls: 0.0876  decode.d3.loss_mask: 0.5649  decode.d3.loss_dice: 0.7353  decode.d4.loss_cls: 0.0921  decode.d4.loss_mask: 0.5599  decode.d4.loss_dice: 0.7305  decode.d5.loss_cls: 0.0905  decode.d5.loss_mask: 0.5586  decode.d5.loss_dice: 0.7341  decode.d6.loss_cls: 0.0845  decode.d6.loss_mask: 0.5555  decode.d6.loss_dice: 0.7264  decode.d7.loss_cls: 0.0886  decode.d7.loss_mask: 0.5560  decode.d7.loss_dice: 0.7260  decode.d8.loss_cls: 0.0867  decode.d8.loss_mask: 0.5539  decode.d8.loss_dice: 0.7210
2026/08/04 03:30:44 - mmengine - INFO - Epoch(train) [30][100/102]  base_lr: 4.0047e-04 lr: 4.0047e-05  eta: 0:34:28  time: 0.9927  data_time: 0.0136  memory: 29419  grad_norm: 33.4614  loss: 14.2140  decode.loss_cls: 0.0822  decode.loss_mask: 0.5708  decode.loss_dice: 0.7533  decode.d0.loss_cls: 0.2557  decode.d0.loss_mask: 0.5830  decode.d0.loss_dice: 0.7585  decode.d1.loss_cls: 0.0981  decode.d1.loss_mask: 0.5706  decode.d1.loss_dice: 0.7540  decode.d2.loss_cls: 0.0855  decode.d2.loss_mask: 0.5652  decode.d2.loss_dice: 0.7462  decode.d3.loss_cls: 0.0850  decode.d3.loss_mask: 0.5689  decode.d3.loss_dice: 0.7500  decode.d4.loss_cls: 0.0812  decode.d4.loss_mask: 0.5670  decode.d4.loss_dice: 0.7556  decode.d5.loss_cls: 0.0777  decode.d5.loss_mask: 0.5664  decode.d5.loss_dice: 0.7557  decode.d6.loss_cls: 0.0757  decode.d6.loss_mask: 0.5662  decode.d6.loss_dice: 0.7465  decode.d7.loss_cls: 0.0812  decode.d7.loss_mask: 0.5681  decode.d7.loss_dice: 0.7414  decode.d8.loss_cls: 0.0792  decode.d8.loss_mask: 0.5678  decode.d8.loss_dice: 0.7572
2026/08/04 03:30:46 - mmengine - INFO - Exp name: ningbo2m_new_dinov3_m2f_tune12_50e_512x512_20260804_022319
2026/08/04 03:30:47 - mmengine - INFO - Saving checkpoint at 30 epochs
2026/08/04 03:31:09 - mmengine - INFO - per class results:
2026/08/04 03:31:09 - mmengine - INFO - 
+-------------+-------+-------+--------+-----------+--------+
|    Class    |  IoU  |  Acc  | Fscore | Precision | Recall |
+-------------+-------+-------+--------+-----------+--------+
|  background | 49.16 |  56.2 | 65.92  |   79.69   |  56.2  |
|  grassland  | 54.03 | 69.47 | 70.15  |   70.85   | 69.47  |
|   bareland  | 59.77 | 76.76 | 74.82  |   72.98   | 76.76  |
|     road    | 74.45 | 85.68 | 85.36  |   85.04   | 85.68  |
|    forest   | 88.33 | 94.85 |  93.8  |   92.78   | 94.85  |
|    river    | 82.94 | 90.88 | 90.67  |   90.47   | 90.88  |
|   cropland  | 84.15 | 91.46 | 91.39  |   91.32   | 91.46  |
| residential | 82.12 |  87.8 | 90.18  |   92.71   |  87.8  |
+-------------+-------+-------+--------+-----------+--------+
2026/08/04 03:31:09 - mmengine - INFO - Epoch(val) [30][27/27]    aAcc: 88.6100  mIoU: 71.8700  mAcc: 81.6400  mFscore: 82.7900  mPrecision: 84.4800  mRecall: 81.6400  data_time: 0.0307  time: 0.2688
2026/08/04 03:32:00 - mmengine - INFO - Epoch(train) [31][ 50/102]  base_lr: 3.9027e-04 lr: 3.9027e-05  eta: 0:33:36  time: 1.0222  data_time: 0.0134  memory: 29458  grad_norm: 29.8027  loss: 13.9486  decode.loss_cls: 0.0471  decode.loss_mask: 0.5742  decode.loss_dice: 0.7649  decode.d0.loss_cls: 0.2268  decode.d0.loss_mask: 0.5828  decode.d0.loss_dice: 0.7234  decode.d1.loss_cls: 0.0629  decode.d1.loss_mask: 0.5761  decode.d1.loss_dice: 0.7393  decode.d2.loss_cls: 0.0611  decode.d2.loss_mask: 0.5742  decode.d2.loss_dice: 0.7543  decode.d3.loss_cls: 0.0559  decode.d3.loss_mask: 0.5737  decode.d3.loss_dice: 0.7306  decode.d4.loss_cls: 0.0545  decode.d4.loss_mask: 0.5718  decode.d4.loss_dice: 0.7566  decode.d5.loss_cls: 0.0541  decode.d5.loss_mask: 0.5696  decode.d5.loss_dice: 0.7425  decode.d6.loss_cls: 0.0524  decode.d6.loss_mask: 0.5753  decode.d6.loss_dice: 0.7517  decode.d7.loss_cls: 0.0530  decode.d7.loss_mask: 0.5760  decode.d7.loss_dice: 0.7674  decode.d8.loss_cls: 0.0573  decode.d8.loss_mask: 0.5729  decode.d8.loss_dice: 0.7462
2026/08/04 03:32:50 - mmengine - INFO - Epoch(train) [31][100/102]  base_lr: 3.8047e-04 lr: 3.8047e-05  eta: 0:32:45  time: 1.0026  data_time: 0.0144  memory: 29425  grad_norm: 32.1423  loss: 15.1296  decode.loss_cls: 0.0447  decode.loss_mask: 0.6072  decode.loss_dice: 0.8599  decode.d0.loss_cls: 0.2132  decode.d0.loss_mask: 0.6181  decode.d0.loss_dice: 0.8349  decode.d1.loss_cls: 0.0459  decode.d1.loss_mask: 0.6077  decode.d1.loss_dice: 0.8574  decode.d2.loss_cls: 0.0439  decode.d2.loss_mask: 0.6074  decode.d2.loss_dice: 0.8418  decode.d3.loss_cls: 0.0475  decode.d3.loss_mask: 0.6093  decode.d3.loss_dice: 0.8390  decode.d4.loss_cls: 0.0492  decode.d4.loss_mask: 0.6084  decode.d4.loss_dice: 0.8296  decode.d5.loss_cls: 0.0523  decode.d5.loss_mask: 0.6099  decode.d5.loss_dice: 0.8381  decode.d6.loss_cls: 0.0419  decode.d6.loss_mask: 0.6068  decode.d6.loss_dice: 0.8263  decode.d7.loss_cls: 0.0509  decode.d7.loss_mask: 0.6074  decode.d7.loss_dice: 0.8349  decode.d8.loss_cls: 0.0520  decode.d8.loss_mask: 0.6070  decode.d8.loss_dice: 0.8370
2026/08/04 03:32:52 - mmengine - INFO - Exp name: ningbo2m_new_dinov3_m2f_tune12_50e_512x512_20260804_022319
2026/08/04 03:32:52 - mmengine - INFO - Saving checkpoint at 31 epochs
2026/08/04 03:33:15 - mmengine - INFO - per class results:
2026/08/04 03:33:15 - mmengine - INFO - 
+-------------+-------+-------+--------+-----------+--------+
|    Class    |  IoU  |  Acc  | Fscore | Precision | Recall |
+-------------+-------+-------+--------+-----------+--------+
|  background | 47.53 | 52.44 | 64.43  |   83.53   | 52.44  |
|  grassland  | 54.52 | 70.91 | 70.56  |   70.22   | 70.91  |
|   bareland  | 58.47 | 70.75 | 73.79  |    77.1   | 70.75  |
|     road    | 74.75 | 84.67 | 85.55  |   86.44   | 84.67  |
|    forest   | 88.55 | 94.62 | 93.93  |   93.24   | 94.62  |
|    river    | 83.68 | 91.52 | 91.11  |   90.71   | 91.52  |
|   cropland  | 84.45 | 91.23 | 91.57  |   91.91   | 91.23  |
| residential | 83.26 |  93.3 | 90.87  |   88.55   |  93.3  |
+-------------+-------+-------+--------+-----------+--------+
2026/08/04 03:33:15 - mmengine - INFO - Epoch(val) [31][27/27]    aAcc: 88.8300  mIoU: 71.9000  mAcc: 81.1800  mFscore: 82.7300  mPrecision: 85.2100  mRecall: 81.1800  data_time: 0.0314  time: 0.2695
2026/08/04 03:34:05 - mmengine - INFO - Epoch(train) [32][ 50/102]  base_lr: 3.7027e-04 lr: 3.7027e-05  eta: 0:31:52  time: 0.9957  data_time: 0.0139  memory: 29418  grad_norm: 30.0596  loss: 14.1086  decode.loss_cls: 0.0650  decode.loss_mask: 0.5504  decode.loss_dice: 0.7689  decode.d0.loss_cls: 0.2465  decode.d0.loss_mask: 0.5583  decode.d0.loss_dice: 0.7701  decode.d1.loss_cls: 0.0741  decode.d1.loss_mask: 0.5516  decode.d1.loss_dice: 0.7734  decode.d2.loss_cls: 0.0643  decode.d2.loss_mask: 0.5493  decode.d2.loss_dice: 0.7774  decode.d3.loss_cls: 0.0611  decode.d3.loss_mask: 0.5517  decode.d3.loss_dice: 0.7780  decode.d4.loss_cls: 0.0621  decode.d4.loss_mask: 0.5486  decode.d4.loss_dice: 0.7844  decode.d5.loss_cls: 0.0624  decode.d5.loss_mask: 0.5478  decode.d5.loss_dice: 0.7788  decode.d6.loss_cls: 0.0723  decode.d6.loss_mask: 0.5493  decode.d6.loss_dice: 0.7832  decode.d7.loss_cls: 0.0654  decode.d7.loss_mask: 0.5509  decode.d7.loss_dice: 0.7790  decode.d8.loss_cls: 0.0673  decode.d8.loss_mask: 0.5513  decode.d8.loss_dice: 0.7660
2026/08/04 03:34:55 - mmengine - INFO - Epoch(train) [32][100/102]  base_lr: 3.6046e-04 lr: 3.6046e-05  eta: 0:31:01  time: 1.0059  data_time: 0.0140  memory: 29420  grad_norm: 32.2856  loss: 14.2931  decode.loss_cls: 0.0550  decode.loss_mask: 0.5794  decode.loss_dice: 0.7690  decode.d0.loss_cls: 0.2384  decode.d0.loss_mask: 0.6036  decode.d0.loss_dice: 0.7665  decode.d1.loss_cls: 0.0531  decode.d1.loss_mask: 0.5796  decode.d1.loss_dice: 0.7782  decode.d2.loss_cls: 0.0616  decode.d2.loss_mask: 0.5838  decode.d2.loss_dice: 0.7688  decode.d3.loss_cls: 0.0527  decode.d3.loss_mask: 0.5882  decode.d3.loss_dice: 0.7728  decode.d4.loss_cls: 0.0490  decode.d4.loss_mask: 0.5877  decode.d4.loss_dice: 0.7725  decode.d5.loss_cls: 0.0534  decode.d5.loss_mask: 0.5935  decode.d5.loss_dice: 0.7684  decode.d6.loss_cls: 0.0464  decode.d6.loss_mask: 0.5853  decode.d6.loss_dice: 0.7715  decode.d7.loss_cls: 0.0477  decode.d7.loss_mask: 0.5795  decode.d7.loss_dice: 0.7744  decode.d8.loss_cls: 0.0534  decode.d8.loss_mask: 0.5796  decode.d8.loss_dice: 0.7800
2026/08/04 03:34:57 - mmengine - INFO - Exp name: ningbo2m_new_dinov3_m2f_tune12_50e_512x512_20260804_022319
2026/08/04 03:34:57 - mmengine - INFO - Saving checkpoint at 32 epochs
2026/08/04 03:35:18 - mmengine - INFO - per class results:
2026/08/04 03:35:18 - mmengine - INFO - 
+-------------+-------+-------+--------+-----------+--------+
|    Class    |  IoU  |  Acc  | Fscore | Precision | Recall |
+-------------+-------+-------+--------+-----------+--------+
|  background | 50.62 | 59.13 | 67.21  |   77.87   | 59.13  |
|  grassland  | 54.22 | 69.56 | 70.31  |   71.09   | 69.56  |
|   bareland  | 58.88 | 70.25 | 74.12  |   78.44   | 70.25  |
|     road    | 74.44 |  87.6 | 85.35  |    83.2   |  87.6  |
|    forest   |  88.7 |  95.5 | 94.01  |   92.56   |  95.5  |
|    river    | 83.63 | 90.98 | 91.08  |   91.19   | 90.98  |
|   cropland  | 84.43 | 91.42 | 91.56  |   91.69   | 91.42  |
| residential | 83.35 | 90.91 | 90.92  |   90.92   | 90.91  |
+-------------+-------+-------+--------+-----------+--------+
2026/08/04 03:35:18 - mmengine - INFO - Epoch(val) [32][27/27]    aAcc: 88.9100  mIoU: 72.2800  mAcc: 81.9200  mFscore: 83.0700  mPrecision: 84.6200  mRecall: 81.9200  data_time: 0.0325  time: 0.2712
2026/08/04 03:36:09 - mmengine - INFO - Epoch(train) [33][ 50/102]  base_lr: 3.5026e-04 lr: 3.5026e-05  eta: 0:30:09  time: 1.0212  data_time: 0.0145  memory: 29411  grad_norm: 31.2424  loss: 12.8192  decode.loss_cls: 0.0621  decode.loss_mask: 0.4830  decode.loss_dice: 0.7183  decode.d0.loss_cls: 0.2422  decode.d0.loss_mask: 0.4860  decode.d0.loss_dice: 0.7218  decode.d1.loss_cls: 0.0707  decode.d1.loss_mask: 0.4854  decode.d1.loss_dice: 0.7175  decode.d2.loss_cls: 0.0654  decode.d2.loss_mask: 0.4817  decode.d2.loss_dice: 0.7072  decode.d3.loss_cls: 0.0701  decode.d3.loss_mask: 0.4809  decode.d3.loss_dice: 0.7071  decode.d4.loss_cls: 0.0600  decode.d4.loss_mask: 0.4830  decode.d4.loss_dice: 0.7241  decode.d5.loss_cls: 0.0635  decode.d5.loss_mask: 0.4824  decode.d5.loss_dice: 0.7135  decode.d6.loss_cls: 0.0663  decode.d6.loss_mask: 0.4816  decode.d6.loss_dice: 0.7103  decode.d7.loss_cls: 0.0712  decode.d7.loss_mask: 0.4803  decode.d7.loss_dice: 0.7149  decode.d8.loss_cls: 0.0634  decode.d8.loss_mask: 0.4805  decode.d8.loss_dice: 0.7247
2026/08/04 03:37:00 - mmengine - INFO - Epoch(train) [33][100/102]  base_lr: 3.4046e-04 lr: 3.4046e-05  eta: 0:29:18  time: 0.9954  data_time: 0.0134  memory: 29436  grad_norm: 30.2168  loss: 13.6029  decode.loss_cls: 0.0606  decode.loss_mask: 0.5325  decode.loss_dice: 0.7481  decode.d0.loss_cls: 0.2409  decode.d0.loss_mask: 0.5417  decode.d0.loss_dice: 0.7334  decode.d1.loss_cls: 0.0664  decode.d1.loss_mask: 0.5257  decode.d1.loss_dice: 0.7515  decode.d2.loss_cls: 0.0627  decode.d2.loss_mask: 0.5352  decode.d2.loss_dice: 0.7463  decode.d3.loss_cls: 0.0561  decode.d3.loss_mask: 0.5382  decode.d3.loss_dice: 0.7498  decode.d4.loss_cls: 0.0612  decode.d4.loss_mask: 0.5346  decode.d4.loss_dice: 0.7459  decode.d5.loss_cls: 0.0661  decode.d5.loss_mask: 0.5350  decode.d5.loss_dice: 0.7465  decode.d6.loss_cls: 0.0596  decode.d6.loss_mask: 0.5348  decode.d6.loss_dice: 0.7512  decode.d7.loss_cls: 0.0643  decode.d7.loss_mask: 0.5336  decode.d7.loss_dice: 0.7434  decode.d8.loss_cls: 0.0617  decode.d8.loss_mask: 0.5325  decode.d8.loss_dice: 0.7433
2026/08/04 03:37:02 - mmengine - INFO - Exp name: ningbo2m_new_dinov3_m2f_tune12_50e_512x512_20260804_022319
2026/08/04 03:37:02 - mmengine - INFO - Saving checkpoint at 33 epochs
2026/08/04 03:37:23 - mmengine - INFO - per class results:
2026/08/04 03:37:23 - mmengine - INFO - 
+-------------+-------+-------+--------+-----------+--------+
|    Class    |  IoU  |  Acc  | Fscore | Precision | Recall |
+-------------+-------+-------+--------+-----------+--------+
|  background | 50.94 | 60.29 | 67.49  |   76.66   | 60.29  |
|  grassland  |  54.3 | 70.82 | 70.38  |   69.95   | 70.82  |
|   bareland  | 58.94 | 70.61 | 74.17  |   78.09   | 70.61  |
|     road    |  74.9 |  84.1 | 85.65  |   87.25   |  84.1  |
|    forest   | 88.65 | 95.72 | 93.98  |   92.31   | 95.72  |
|    river    | 83.47 | 90.03 | 90.99  |   91.98   | 90.03  |
|   cropland  | 84.48 | 90.69 | 91.58  |    92.5   | 90.69  |
| residential | 83.28 |  91.8 | 90.88  |   89.97   |  91.8  |
+-------------+-------+-------+--------+-----------+--------+
2026/08/04 03:37:23 - mmengine - INFO - Epoch(val) [33][27/27]    aAcc: 88.8800  mIoU: 72.3700  mAcc: 81.7600  mFscore: 83.1400  mPrecision: 84.8400  mRecall: 81.7600  data_time: 0.0284  time: 0.2671
2026/08/04 03:38:14 - mmengine - INFO - Epoch(train) [34][ 50/102]  base_lr: 3.3026e-04 lr: 3.3026e-05  eta: 0:28:25  time: 0.9960  data_time: 0.0129  memory: 29405  grad_norm: 29.7691  loss: 13.9764  decode.loss_cls: 0.0778  decode.loss_mask: 0.5412  decode.loss_dice: 0.7662  decode.d0.loss_cls: 0.2577  decode.d0.loss_mask: 0.5511  decode.d0.loss_dice: 0.7543  decode.d1.loss_cls: 0.0814  decode.d1.loss_mask: 0.5411  decode.d1.loss_dice: 0.7603  decode.d2.loss_cls: 0.0817  decode.d2.loss_mask: 0.5393  decode.d2.loss_dice: 0.7626  decode.d3.loss_cls: 0.0750  decode.d3.loss_mask: 0.5393  decode.d3.loss_dice: 0.7777  decode.d4.loss_cls: 0.0773  decode.d4.loss_mask: 0.5374  decode.d4.loss_dice: 0.7607  decode.d5.loss_cls: 0.0691  decode.d5.loss_mask: 0.5381  decode.d5.loss_dice: 0.7665  decode.d6.loss_cls: 0.0728  decode.d6.loss_mask: 0.5371  decode.d6.loss_dice: 0.7598  decode.d7.loss_cls: 0.0751  decode.d7.loss_mask: 0.5405  decode.d7.loss_dice: 0.7585  decode.d8.loss_cls: 0.0755  decode.d8.loss_mask: 0.5401  decode.d8.loss_dice: 0.7615
2026/08/04 03:39:04 - mmengine - INFO - Epoch(train) [34][100/102]  base_lr: 3.2045e-04 lr: 3.2045e-05  eta: 0:27:34  time: 0.9964  data_time: 0.0135  memory: 29448  grad_norm: 31.7731  loss: 11.9688  decode.loss_cls: 0.1012  decode.loss_mask: 0.4225  decode.loss_dice: 0.6580  decode.d0.loss_cls: 0.2667  decode.d0.loss_mask: 0.4289  decode.d0.loss_dice: 0.6567  decode.d1.loss_cls: 0.1011  decode.d1.loss_mask: 0.4245  decode.d1.loss_dice: 0.6572  decode.d2.loss_cls: 0.0922  decode.d2.loss_mask: 0.4240  decode.d2.loss_dice: 0.6561  decode.d3.loss_cls: 0.1016  decode.d3.loss_mask: 0.4215  decode.d3.loss_dice: 0.6581  decode.d4.loss_cls: 0.0966  decode.d4.loss_mask: 0.4264  decode.d4.loss_dice: 0.6619  decode.d5.loss_cls: 0.0974  decode.d5.loss_mask: 0.4227  decode.d5.loss_dice: 0.6567  decode.d6.loss_cls: 0.0961  decode.d6.loss_mask: 0.4213  decode.d6.loss_dice: 0.6549  decode.d7.loss_cls: 0.1005  decode.d7.loss_mask: 0.4235  decode.d7.loss_dice: 0.6544  decode.d8.loss_cls: 0.0951  decode.d8.loss_mask: 0.4222  decode.d8.loss_dice: 0.6689
2026/08/04 03:39:06 - mmengine - INFO - Exp name: ningbo2m_new_dinov3_m2f_tune12_50e_512x512_20260804_022319
2026/08/04 03:39:06 - mmengine - INFO - Saving checkpoint at 34 epochs
2026/08/04 03:39:27 - mmengine - INFO - per class results:
2026/08/04 03:39:27 - mmengine - INFO - 
+-------------+-------+-------+--------+-----------+--------+
|    Class    |  IoU  |  Acc  | Fscore | Precision | Recall |
+-------------+-------+-------+--------+-----------+--------+
|  background | 52.94 | 63.31 | 69.23  |   76.38   | 63.31  |
|  grassland  | 53.88 | 67.55 | 70.03  |    72.7   | 67.55  |
|   bareland  |  59.1 | 70.46 | 74.29  |   78.56   | 70.46  |
|     road    | 74.92 | 85.66 | 85.66  |   85.67   | 85.66  |
|    forest   | 88.66 |  95.8 | 93.99  |   92.24   |  95.8  |
|    river    | 82.89 | 89.84 | 90.65  |   91.47   | 89.84  |
|   cropland  | 84.44 | 90.92 | 91.57  |   92.22   | 90.92  |
| residential | 83.22 | 93.44 | 90.84  |   88.38   | 93.44  |
+-------------+-------+-------+--------+-----------+--------+
2026/08/04 03:39:27 - mmengine - INFO - Epoch(val) [34][27/27]    aAcc: 88.9000  mIoU: 72.5100  mAcc: 82.1200  mFscore: 83.2800  mPrecision: 84.7000  mRecall: 82.1200  data_time: 0.0316  time: 0.2706
2026/08/04 03:39:28 - mmengine - INFO - The previous best checkpoint /mnt/htzzb2/EO_test/wj1/qh2_work_dirs/ningbo2m_new_dinov3_m2f_tune12_50e_512x512/best_mIoU_epoch_28.pth is removed
2026/08/04 03:39:32 - mmengine - INFO - The best checkpoint with 72.5100 mIoU at 34 epoch is saved to best_mIoU_epoch_34.pth.
2026/08/04 03:40:36 - mmengine - INFO - Epoch(train) [35][ 50/102]  base_lr: 3.1026e-04 lr: 3.1026e-05  eta: 0:26:42  time: 0.9959  data_time: 0.0149  memory: 29412  grad_norm: 29.8810  loss: 12.8981  decode.loss_cls: 0.0588  decode.loss_mask: 0.5126  decode.loss_dice: 0.6890  decode.d0.loss_cls: 0.2430  decode.d0.loss_mask: 0.5305  decode.d0.loss_dice: 0.6846  decode.d1.loss_cls: 0.0631  decode.d1.loss_mask: 0.5181  decode.d1.loss_dice: 0.6977  decode.d2.loss_cls: 0.0608  decode.d2.loss_mask: 0.5155  decode.d2.loss_dice: 0.7093  decode.d3.loss_cls: 0.0595  decode.d3.loss_mask: 0.5163  decode.d3.loss_dice: 0.6882  decode.d4.loss_cls: 0.0614  decode.d4.loss_mask: 0.5164  decode.d4.loss_dice: 0.6805  decode.d5.loss_cls: 0.0553  decode.d5.loss_mask: 0.5172  decode.d5.loss_dice: 0.7062  decode.d6.loss_cls: 0.0562  decode.d6.loss_mask: 0.5158  decode.d6.loss_dice: 0.6955  decode.d7.loss_cls: 0.0640  decode.d7.loss_mask: 0.5144  decode.d7.loss_dice: 0.7008  decode.d8.loss_cls: 0.0553  decode.d8.loss_mask: 0.5151  decode.d8.loss_dice: 0.6972
2026/08/04 03:41:26 - mmengine - INFO - Epoch(train) [35][100/102]  base_lr: 3.0045e-04 lr: 3.0045e-05  eta: 0:25:51  time: 1.0189  data_time: 0.0134  memory: 29436  grad_norm: 28.4176  loss: 13.2092  decode.loss_cls: 0.0212  decode.loss_mask: 0.5549  decode.loss_dice: 0.7206  decode.d0.loss_cls: 0.2019  decode.d0.loss_mask: 0.5627  decode.d0.loss_dice: 0.7118  decode.d1.loss_cls: 0.0294  decode.d1.loss_mask: 0.5502  decode.d1.loss_dice: 0.7200  decode.d2.loss_cls: 0.0301  decode.d2.loss_mask: 0.5494  decode.d2.loss_dice: 0.7248  decode.d3.loss_cls: 0.0243  decode.d3.loss_mask: 0.5558  decode.d3.loss_dice: 0.7249  decode.d4.loss_cls: 0.0229  decode.d4.loss_mask: 0.5537  decode.d4.loss_dice: 0.7274  decode.d5.loss_cls: 0.0252  decode.d5.loss_mask: 0.5530  decode.d5.loss_dice: 0.7149  decode.d6.loss_cls: 0.0263  decode.d6.loss_mask: 0.5547  decode.d6.loss_dice: 0.7247  decode.d7.loss_cls: 0.0269  decode.d7.loss_mask: 0.5551  decode.d7.loss_dice: 0.7291  decode.d8.loss_cls: 0.0237  decode.d8.loss_mask: 0.5543  decode.d8.loss_dice: 0.7352
2026/08/04 03:41:28 - mmengine - INFO - Exp name: ningbo2m_new_dinov3_m2f_tune12_50e_512x512_20260804_022319
2026/08/04 03:41:28 - mmengine - INFO - Saving checkpoint at 35 epochs
2026/08/04 03:41:50 - mmengine - INFO - per class results:
2026/08/04 03:41:50 - mmengine - INFO - 
+-------------+-------+-------+--------+-----------+--------+
|    Class    |  IoU  |  Acc  | Fscore | Precision | Recall |
+-------------+-------+-------+--------+-----------+--------+
|  background | 50.39 | 57.43 | 67.02  |   80.45   | 57.43  |
|  grassland  | 54.46 | 69.14 | 70.52  |   71.94   | 69.14  |
|   bareland  | 58.96 | 71.97 | 74.18  |   76.54   | 71.97  |
|     road    | 75.29 | 85.31 |  85.9  |    86.5   | 85.31  |
|    forest   | 88.81 | 95.64 | 94.07  |   92.55   | 95.64  |
|    river    | 83.31 | 89.84 |  90.9  |   91.98   | 89.84  |
|   cropland  | 84.59 | 91.47 | 91.65  |   91.83   | 91.47  |
| residential | 83.38 |  92.5 | 90.94  |   89.43   |  92.5  |
+-------------+-------+-------+--------+-----------+--------+
2026/08/04 03:41:50 - mmengine - INFO - Epoch(val) [35][27/27]    aAcc: 88.9700  mIoU: 72.4000  mAcc: 81.6600  mFscore: 83.1500  mPrecision: 85.1500  mRecall: 81.6600  data_time: 0.0337  time: 0.2730
2026/08/04 03:42:41 - mmengine - INFO - Epoch(train) [36][ 50/102]  base_lr: 2.9025e-04 lr: 2.9025e-05  eta: 0:24:58  time: 0.9953  data_time: 0.0139  memory: 29430  grad_norm: 26.1681  loss: 12.2781  decode.loss_cls: 0.0701  decode.loss_mask: 0.4493  decode.loss_dice: 0.6912  decode.d0.loss_cls: 0.2312  decode.d0.loss_mask: 0.4548  decode.d0.loss_dice: 0.6889  decode.d1.loss_cls: 0.0868  decode.d1.loss_mask: 0.4482  decode.d1.loss_dice: 0.6842  decode.d2.loss_cls: 0.0693  decode.d2.loss_mask: 0.4480  decode.d2.loss_dice: 0.6897  decode.d3.loss_cls: 0.0746  decode.d3.loss_mask: 0.4477  decode.d3.loss_dice: 0.6936  decode.d4.loss_cls: 0.0718  decode.d4.loss_mask: 0.4491  decode.d4.loss_dice: 0.6868  decode.d5.loss_cls: 0.0711  decode.d5.loss_mask: 0.4474  decode.d5.loss_dice: 0.6957  decode.d6.loss_cls: 0.0740  decode.d6.loss_mask: 0.4435  decode.d6.loss_dice: 0.6952  decode.d7.loss_cls: 0.0678  decode.d7.loss_mask: 0.4529  decode.d7.loss_dice: 0.6973  decode.d8.loss_cls: 0.0717  decode.d8.loss_mask: 0.4470  decode.d8.loss_dice: 0.6792
2026/08/04 03:43:31 - mmengine - INFO - Epoch(train) [36][100/102]  base_lr: 2.8045e-04 lr: 2.8045e-05  eta: 0:24:07  time: 0.9928  data_time: 0.0140  memory: 29439  grad_norm: 27.0385  loss: 13.3888  decode.loss_cls: 0.0378  decode.loss_mask: 0.5689  decode.loss_dice: 0.7071  decode.d0.loss_cls: 0.2122  decode.d0.loss_mask: 0.5822  decode.d0.loss_dice: 0.7036  decode.d1.loss_cls: 0.0503  decode.d1.loss_mask: 0.5724  decode.d1.loss_dice: 0.7178  decode.d2.loss_cls: 0.0436  decode.d2.loss_mask: 0.5688  decode.d2.loss_dice: 0.7134  decode.d3.loss_cls: 0.0392  decode.d3.loss_mask: 0.5668  decode.d3.loss_dice: 0.7115  decode.d4.loss_cls: 0.0380  decode.d4.loss_mask: 0.5670  decode.d4.loss_dice: 0.7186  decode.d5.loss_cls: 0.0355  decode.d5.loss_mask: 0.5693  decode.d5.loss_dice: 0.7070  decode.d6.loss_cls: 0.0362  decode.d6.loss_mask: 0.5655  decode.d6.loss_dice: 0.7186  decode.d7.loss_cls: 0.0367  decode.d7.loss_mask: 0.5668  decode.d7.loss_dice: 0.7113  decode.d8.loss_cls: 0.0346  decode.d8.loss_mask: 0.5724  decode.d8.loss_dice: 0.7158
2026/08/04 03:43:33 - mmengine - INFO - Exp name: ningbo2m_new_dinov3_m2f_tune12_50e_512x512_20260804_022319
2026/08/04 03:43:33 - mmengine - INFO - Saving checkpoint at 36 epochs
2026/08/04 03:43:55 - mmengine - INFO - per class results:
2026/08/04 03:43:55 - mmengine - INFO - 
+-------------+-------+-------+--------+-----------+--------+
|    Class    |  IoU  |  Acc  | Fscore | Precision | Recall |
+-------------+-------+-------+--------+-----------+--------+
|  background | 54.52 | 67.68 | 70.57  |   73.71   | 67.68  |
|  grassland  | 53.79 | 67.97 | 69.95  |   72.05   | 67.97  |
|   bareland  | 59.73 | 71.27 | 74.79  |   78.67   | 71.27  |
|     road    | 75.03 | 84.56 | 85.73  |   86.94   | 84.56  |
|    forest   | 88.71 | 95.78 | 94.02  |   92.32   | 95.78  |
|    river    | 83.26 | 90.67 | 90.87  |   91.06   | 90.67  |
|   cropland  | 84.39 | 90.39 | 91.53  |   92.71   | 90.39  |
| residential | 83.22 | 92.67 | 90.84  |   89.08   | 92.67  |
+-------------+-------+-------+--------+-----------+--------+
2026/08/04 03:43:55 - mmengine - INFO - Epoch(val) [36][27/27]    aAcc: 88.9500  mIoU: 72.8300  mAcc: 82.6200  mFscore: 83.5400  mPrecision: 84.5700  mRecall: 82.6200  data_time: 0.0324  time: 0.2707
2026/08/04 03:43:55 - mmengine - INFO - The previous best checkpoint /mnt/htzzb2/EO_test/wj1/qh2_work_dirs/ningbo2m_new_dinov3_m2f_tune12_50e_512x512/best_mIoU_epoch_34.pth is removed
2026/08/04 03:44:00 - mmengine - INFO - The best checkpoint with 72.8300 mIoU at 36 epoch is saved to best_mIoU_epoch_36.pth.
2026/08/04 03:45:04 - mmengine - INFO - Epoch(train) [37][ 50/102]  base_lr: 2.7025e-04 lr: 2.7025e-05  eta: 0:23:15  time: 1.0193  data_time: 0.0131  memory: 29428  grad_norm: 24.3200  loss: 13.0441  decode.loss_cls: 0.0533  decode.loss_mask: 0.5311  decode.loss_dice: 0.6946  decode.d0.loss_cls: 0.2451  decode.d0.loss_mask: 0.5525  decode.d0.loss_dice: 0.7035  decode.d1.loss_cls: 0.0542  decode.d1.loss_mask: 0.5298  decode.d1.loss_dice: 0.6919  decode.d2.loss_cls: 0.0541  decode.d2.loss_mask: 0.5308  decode.d2.loss_dice: 0.7073  decode.d3.loss_cls: 0.0518  decode.d3.loss_mask: 0.5366  decode.d3.loss_dice: 0.7036  decode.d4.loss_cls: 0.0546  decode.d4.loss_mask: 0.5337  decode.d4.loss_dice: 0.7046  decode.d5.loss_cls: 0.0530  decode.d5.loss_mask: 0.5329  decode.d5.loss_dice: 0.6885  decode.d6.loss_cls: 0.0516  decode.d6.loss_mask: 0.5361  decode.d6.loss_dice: 0.6924  decode.d7.loss_cls: 0.0557  decode.d7.loss_mask: 0.5376  decode.d7.loss_dice: 0.6857  decode.d8.loss_cls: 0.0525  decode.d8.loss_mask: 0.5311  decode.d8.loss_dice: 0.6937
2026/08/04 03:45:54 - mmengine - INFO - Epoch(train) [37][100/102]  base_lr: 2.6044e-04 lr: 2.6044e-05  eta: 0:22:24  time: 0.9951  data_time: 0.0141  memory: 29466  grad_norm: 30.2946  loss: 13.2347  decode.loss_cls: 0.0459  decode.loss_mask: 0.4964  decode.loss_dice: 0.7571  decode.d0.loss_cls: 0.2069  decode.d0.loss_mask: 0.5057  decode.d0.loss_dice: 0.7587  decode.d1.loss_cls: 0.0589  decode.d1.loss_mask: 0.4987  decode.d1.loss_dice: 0.7398  decode.d2.loss_cls: 0.0514  decode.d2.loss_mask: 0.4956  decode.d2.loss_dice: 0.7600  decode.d3.loss_cls: 0.0500  decode.d3.loss_mask: 0.4961  decode.d3.loss_dice: 0.7556  decode.d4.loss_cls: 0.0532  decode.d4.loss_mask: 0.4969  decode.d4.loss_dice: 0.7630  decode.d5.loss_cls: 0.0499  decode.d5.loss_mask: 0.4978  decode.d5.loss_dice: 0.7701  decode.d6.loss_cls: 0.0483  decode.d6.loss_mask: 0.4974  decode.d6.loss_dice: 0.7616  decode.d7.loss_cls: 0.0533  decode.d7.loss_mask: 0.4958  decode.d7.loss_dice: 0.7614  decode.d8.loss_cls: 0.0440  decode.d8.loss_mask: 0.4953  decode.d8.loss_dice: 0.7697
2026/08/04 03:45:56 - mmengine - INFO - Exp name: ningbo2m_new_dinov3_m2f_tune12_50e_512x512_20260804_022319
2026/08/04 03:45:57 - mmengine - INFO - Saving checkpoint at 37 epochs
2026/08/04 03:46:19 - mmengine - INFO - per class results:
2026/08/04 03:46:19 - mmengine - INFO - 
+-------------+-------+-------+--------+-----------+--------+
|    Class    |  IoU  |  Acc  | Fscore | Precision | Recall |
+-------------+-------+-------+--------+-----------+--------+
|  background | 54.48 | 66.32 | 70.53  |   75.31   | 66.32  |
|  grassland  | 53.24 | 64.91 | 69.48  |   74.75   | 64.91  |
|   bareland  | 59.71 | 72.18 | 74.78  |   77.56   | 72.18  |
|     road    | 74.95 | 86.61 | 85.68  |   84.77   | 86.61  |
|    forest   | 88.73 | 96.26 | 94.03  |    91.9   | 96.26  |
|    river    |  83.4 | 90.21 | 90.95  |    91.7   | 90.21  |
|   cropland  | 84.72 | 91.54 | 91.73  |   91.92   | 91.54  |
| residential | 83.29 |  92.0 | 90.89  |   89.79   |  92.0  |
+-------------+-------+-------+--------+-----------+--------+
2026/08/04 03:46:19 - mmengine - INFO - Epoch(val) [37][27/27]    aAcc: 89.0300  mIoU: 72.8100  mAcc: 82.5000  mFscore: 83.5100  mPrecision: 84.7100  mRecall: 82.5000  data_time: 0.0311  time: 0.2697
2026/08/04 03:47:10 - mmengine - INFO - Epoch(train) [38][ 50/102]  base_lr: 2.5025e-04 lr: 2.5025e-05  eta: 0:21:31  time: 0.9969  data_time: 0.0141  memory: 29411  grad_norm: 28.2481  loss: 11.6097  decode.loss_cls: 0.0628  decode.loss_mask: 0.4641  decode.loss_dice: 0.6404  decode.d0.loss_cls: 0.2440  decode.d0.loss_mask: 0.4756  decode.d0.loss_dice: 0.6231  decode.d1.loss_cls: 0.0669  decode.d1.loss_mask: 0.4606  decode.d1.loss_dice: 0.6256  decode.d2.loss_cls: 0.0572  decode.d2.loss_mask: 0.4626  decode.d2.loss_dice: 0.6270  decode.d3.loss_cls: 0.0515  decode.d3.loss_mask: 0.4629  decode.d3.loss_dice: 0.6221  decode.d4.loss_cls: 0.0508  decode.d4.loss_mask: 0.4600  decode.d4.loss_dice: 0.6317  decode.d5.loss_cls: 0.0507  decode.d5.loss_mask: 0.4597  decode.d5.loss_dice: 0.6056  decode.d6.loss_cls: 0.0501  decode.d6.loss_mask: 0.4625  decode.d6.loss_dice: 0.6183  decode.d7.loss_cls: 0.0581  decode.d7.loss_mask: 0.4597  decode.d7.loss_dice: 0.6267  decode.d8.loss_cls: 0.0562  decode.d8.loss_mask: 0.4631  decode.d8.loss_dice: 0.6101
2026/08/04 03:47:59 - mmengine - INFO - Epoch(train) [38][100/102]  base_lr: 2.4044e-04 lr: 2.4044e-05  eta: 0:20:40  time: 0.9914  data_time: 0.0137  memory: 29429  grad_norm: 25.8429  loss: 11.5627  decode.loss_cls: 0.0527  decode.loss_mask: 0.4361  decode.loss_dice: 0.6518  decode.d0.loss_cls: 0.2238  decode.d0.loss_mask: 0.4438  decode.d0.loss_dice: 0.6453  decode.d1.loss_cls: 0.0561  decode.d1.loss_mask: 0.4390  decode.d1.loss_dice: 0.6331  decode.d2.loss_cls: 0.0535  decode.d2.loss_mask: 0.4364  decode.d2.loss_dice: 0.6525  decode.d3.loss_cls: 0.0526  decode.d3.loss_mask: 0.4341  decode.d3.loss_dice: 0.6419  decode.d4.loss_cls: 0.0547  decode.d4.loss_mask: 0.4365  decode.d4.loss_dice: 0.6572  decode.d5.loss_cls: 0.0558  decode.d5.loss_mask: 0.4378  decode.d5.loss_dice: 0.6498  decode.d6.loss_cls: 0.0511  decode.d6.loss_mask: 0.4425  decode.d6.loss_dice: 0.6351  decode.d7.loss_cls: 0.0512  decode.d7.loss_mask: 0.4384  decode.d7.loss_dice: 0.6608  decode.d8.loss_cls: 0.0538  decode.d8.loss_mask: 0.4367  decode.d8.loss_dice: 0.6487
2026/08/04 03:48:01 - mmengine - INFO - Exp name: ningbo2m_new_dinov3_m2f_tune12_50e_512x512_20260804_022319
2026/08/04 03:48:01 - mmengine - INFO - Saving checkpoint at 38 epochs
2026/08/04 03:48:23 - mmengine - INFO - per class results:
2026/08/04 03:48:23 - mmengine - INFO - 
+-------------+-------+-------+--------+-----------+--------+
|    Class    |  IoU  |  Acc  | Fscore | Precision | Recall |
+-------------+-------+-------+--------+-----------+--------+
|  background | 52.97 | 62.07 | 69.25  |   78.31   | 62.07  |
|  grassland  | 54.68 | 70.69 |  70.7  |   70.72   | 70.69  |
|   bareland  | 60.25 | 74.22 | 75.19  |    76.2   | 74.22  |
|     road    | 75.28 | 85.53 |  85.9  |   86.28   | 85.53  |
|    forest   | 88.76 | 95.11 | 94.04  |    93.0   | 95.11  |
|    river    |  83.9 | 90.69 | 91.25  |   91.81   | 90.69  |
|   cropland  | 84.75 |  92.0 | 91.75  |    91.5   |  92.0  |
| residential | 83.17 | 89.79 | 90.81  |   91.86   | 89.79  |
+-------------+-------+-------+--------+-----------+--------+
2026/08/04 03:48:23 - mmengine - INFO - Epoch(val) [38][27/27]    aAcc: 89.0500  mIoU: 72.9700  mAcc: 82.5100  mFscore: 83.6100  mPrecision: 84.9600  mRecall: 82.5100  data_time: 0.0335  time: 0.2721
2026/08/04 03:48:23 - mmengine - INFO - The previous best checkpoint /mnt/htzzb2/EO_test/wj1/qh2_work_dirs/ningbo2m_new_dinov3_m2f_tune12_50e_512x512/best_mIoU_epoch_36.pth is removed
2026/08/04 03:48:28 - mmengine - INFO - The best checkpoint with 72.9700 mIoU at 38 epoch is saved to best_mIoU_epoch_38.pth.
2026/08/04 03:49:32 - mmengine - INFO - Epoch(train) [39][ 50/102]  base_lr: 2.3024e-04 lr: 2.3024e-05  eta: 0:19:48  time: 1.0266  data_time: 0.0141  memory: 29436  grad_norm: 27.6081  loss: 12.4869  decode.loss_cls: 0.0748  decode.loss_mask: 0.4358  decode.loss_dice: 0.7186  decode.d0.loss_cls: 0.2623  decode.d0.loss_mask: 0.4477  decode.d0.loss_dice: 0.7221  decode.d1.loss_cls: 0.0791  decode.d1.loss_mask: 0.4356  decode.d1.loss_dice: 0.7158  decode.d2.loss_cls: 0.0709  decode.d2.loss_mask: 0.4356  decode.d2.loss_dice: 0.7255  decode.d3.loss_cls: 0.0647  decode.d3.loss_mask: 0.4373  decode.d3.loss_dice: 0.7106  decode.d4.loss_cls: 0.0704  decode.d4.loss_mask: 0.4342  decode.d4.loss_dice: 0.7245  decode.d5.loss_cls: 0.0761  decode.d5.loss_mask: 0.4352  decode.d5.loss_dice: 0.7218  decode.d6.loss_cls: 0.0722  decode.d6.loss_mask: 0.4361  decode.d6.loss_dice: 0.7353  decode.d7.loss_cls: 0.0813  decode.d7.loss_mask: 0.4348  decode.d7.loss_dice: 0.7103  decode.d8.loss_cls: 0.0699  decode.d8.loss_mask: 0.4369  decode.d8.loss_dice: 0.7115
2026/08/04 03:50:22 - mmengine - INFO - Epoch(train) [39][100/102]  base_lr: 2.2044e-04 lr: 2.2044e-05  eta: 0:18:57  time: 0.9955  data_time: 0.0124  memory: 29457  grad_norm: 26.2931  loss: 10.8855  decode.loss_cls: 0.0581  decode.loss_mask: 0.4111  decode.loss_dice: 0.6064  decode.d0.loss_cls: 0.2398  decode.d0.loss_mask: 0.4195  decode.d0.loss_dice: 0.5875  decode.d1.loss_cls: 0.0534  decode.d1.loss_mask: 0.4102  decode.d1.loss_dice: 0.6078  decode.d2.loss_cls: 0.0583  decode.d2.loss_mask: 0.4090  decode.d2.loss_dice: 0.6039  decode.d3.loss_cls: 0.0534  decode.d3.loss_mask: 0.4105  decode.d3.loss_dice: 0.5983  decode.d4.loss_cls: 0.0566  decode.d4.loss_mask: 0.4075  decode.d4.loss_dice: 0.6036  decode.d5.loss_cls: 0.0515  decode.d5.loss_mask: 0.4121  decode.d5.loss_dice: 0.6019  decode.d6.loss_cls: 0.0521  decode.d6.loss_mask: 0.4125  decode.d6.loss_dice: 0.6081  decode.d7.loss_cls: 0.0561  decode.d7.loss_mask: 0.4080  decode.d7.loss_dice: 0.6031  decode.d8.loss_cls: 0.0607  decode.d8.loss_mask: 0.4119  decode.d8.loss_dice: 0.6127
2026/08/04 03:50:24 - mmengine - INFO - Exp name: ningbo2m_new_dinov3_m2f_tune12_50e_512x512_20260804_022319
2026/08/04 03:50:25 - mmengine - INFO - Saving checkpoint at 39 epochs
2026/08/04 03:50:46 - mmengine - INFO - per class results:
2026/08/04 03:50:46 - mmengine - INFO - 
+-------------+-------+-------+--------+-----------+--------+
|    Class    |  IoU  |  Acc  | Fscore | Precision | Recall |
+-------------+-------+-------+--------+-----------+--------+
|  background | 53.78 | 65.02 | 69.94  |   75.67   | 65.02  |
|  grassland  | 53.67 | 66.58 | 69.85  |   73.45   | 66.58  |
|   bareland  | 60.06 | 72.13 | 75.05  |   78.22   | 72.13  |
|     road    | 75.34 | 84.83 | 85.93  |   87.07   | 84.83  |
|    forest   | 88.78 |  96.2 | 94.05  |    92.0   |  96.2  |
|    river    | 84.04 | 91.62 | 91.33  |   91.04   | 91.62  |
|   cropland  |  84.6 | 90.37 | 91.66  |   92.99   | 90.37  |
| residential |  83.3 | 92.47 | 90.89  |   89.36   | 92.47  |
+-------------+-------+-------+--------+-----------+--------+
2026/08/04 03:50:46 - mmengine - INFO - Epoch(val) [39][27/27]    aAcc: 89.1000  mIoU: 72.9400  mAcc: 82.4000  mFscore: 83.5900  mPrecision: 84.9700  mRecall: 82.4000  data_time: 0.0335  time: 0.2727
2026/08/04 03:51:09 - mmengine - INFO - Exp name: ningbo2m_new_dinov3_m2f_tune12_50e_512x512_20260804_022319
2026/08/04 03:51:37 - mmengine - INFO - Epoch(train) [40][ 50/102]  base_lr: 2.1024e-04 lr: 2.1024e-05  eta: 0:18:04  time: 0.9972  data_time: 0.0138  memory: 29438  grad_norm: 24.1408  loss: 10.5224  decode.loss_cls: 0.0573  decode.loss_mask: 0.4199  decode.loss_dice: 0.5680  decode.d0.loss_cls: 0.2419  decode.d0.loss_mask: 0.4277  decode.d0.loss_dice: 0.5574  decode.d1.loss_cls: 0.0593  decode.d1.loss_mask: 0.4195  decode.d1.loss_dice: 0.5537  decode.d2.loss_cls: 0.0500  decode.d2.loss_mask: 0.4205  decode.d2.loss_dice: 0.5626  decode.d3.loss_cls: 0.0510  decode.d3.loss_mask: 0.4224  decode.d3.loss_dice: 0.5682  decode.d4.loss_cls: 0.0501  decode.d4.loss_mask: 0.4189  decode.d4.loss_dice: 0.5625  decode.d5.loss_cls: 0.0489  decode.d5.loss_mask: 0.4208  decode.d5.loss_dice: 0.5562  decode.d6.loss_cls: 0.0491  decode.d6.loss_mask: 0.4195  decode.d6.loss_dice: 0.5626  decode.d7.loss_cls: 0.0531  decode.d7.loss_mask: 0.4182  decode.d7.loss_dice: 0.5550  decode.d8.loss_cls: 0.0512  decode.d8.loss_mask: 0.4197  decode.d8.loss_dice: 0.5571
2026/08/04 03:52:27 - mmengine - INFO - Epoch(train) [40][100/102]  base_lr: 2.0043e-04 lr: 2.0043e-05  eta: 0:17:14  time: 0.9948  data_time: 0.0142  memory: 29437  grad_norm: 24.9436  loss: 12.0641  decode.loss_cls: 0.0568  decode.loss_mask: 0.4547  decode.loss_dice: 0.6723  decode.d0.loss_cls: 0.2432  decode.d0.loss_mask: 0.4633  decode.d0.loss_dice: 0.6734  decode.d1.loss_cls: 0.0625  decode.d1.loss_mask: 0.4520  decode.d1.loss_dice: 0.6819  decode.d2.loss_cls: 0.0541  decode.d2.loss_mask: 0.4543  decode.d2.loss_dice: 0.6765  decode.d3.loss_cls: 0.0513  decode.d3.loss_mask: 0.4527  decode.d3.loss_dice: 0.6711  decode.d4.loss_cls: 0.0563  decode.d4.loss_mask: 0.4509  decode.d4.loss_dice: 0.6858  decode.d5.loss_cls: 0.0559  decode.d5.loss_mask: 0.4511  decode.d5.loss_dice: 0.6813  decode.d6.loss_cls: 0.0549  decode.d6.loss_mask: 0.4509  decode.d6.loss_dice: 0.6757  decode.d7.loss_cls: 0.0580  decode.d7.loss_mask: 0.4532  decode.d7.loss_dice: 0.6795  decode.d8.loss_cls: 0.0532  decode.d8.loss_mask: 0.4500  decode.d8.loss_dice: 0.6872
2026/08/04 03:52:29 - mmengine - INFO - Exp name: ningbo2m_new_dinov3_m2f_tune12_50e_512x512_20260804_022319
2026/08/04 03:52:29 - mmengine - INFO - Saving checkpoint at 40 epochs
2026/08/04 03:52:50 - mmengine - INFO - per class results:
2026/08/04 03:52:50 - mmengine - INFO - 
+-------------+-------+-------+--------+-----------+--------+
|    Class    |  IoU  |  Acc  | Fscore | Precision | Recall |
+-------------+-------+-------+--------+-----------+--------+
|  background | 54.18 |  64.9 | 70.28  |   76.63   |  64.9  |
|  grassland  | 54.76 | 69.82 | 70.76  |   71.74   | 69.82  |
|   bareland  | 60.12 | 73.61 | 75.09  |   76.64   | 73.61  |
|     road    | 75.14 | 85.51 |  85.8  |    86.1   | 85.51  |
|    forest   |  88.7 | 95.19 | 94.01  |   92.86   | 95.19  |
|    river    |  83.4 | 91.06 | 90.95  |   90.83   | 91.06  |
|   cropland  | 84.71 | 90.83 | 91.72  |   92.63   | 90.83  |
| residential | 83.39 | 91.64 | 90.95  |   90.26   | 91.64  |
+-------------+-------+-------+--------+-----------+--------+
2026/08/04 03:52:50 - mmengine - INFO - Epoch(val) [40][27/27]    aAcc: 89.0400  mIoU: 73.0500  mAcc: 82.8200  mFscore: 83.7000  mPrecision: 84.7100  mRecall: 82.8200  data_time: 0.0285  time: 0.2674
2026/08/04 03:52:50 - mmengine - INFO - The previous best checkpoint /mnt/htzzb2/EO_test/wj1/qh2_work_dirs/ningbo2m_new_dinov3_m2f_tune12_50e_512x512/best_mIoU_epoch_38.pth is removed
2026/08/04 03:52:55 - mmengine - INFO - The best checkpoint with 73.0500 mIoU at 40 epoch is saved to best_mIoU_epoch_40.pth.
2026/08/04 03:53:59 - mmengine - INFO - Epoch(train) [41][ 50/102]  base_lr: 1.9023e-04 lr: 1.9023e-05  eta: 0:16:21  time: 1.0018  data_time: 0.0151  memory: 29394  grad_norm: 26.1688  loss: 11.4871  decode.loss_cls: 0.0515  decode.loss_mask: 0.4451  decode.loss_dice: 0.6400  decode.d0.loss_cls: 0.2292  decode.d0.loss_mask: 0.4617  decode.d0.loss_dice: 0.6208  decode.d1.loss_cls: 0.0600  decode.d1.loss_mask: 0.4450  decode.d1.loss_dice: 0.6431  decode.d2.loss_cls: 0.0540  decode.d2.loss_mask: 0.4471  decode.d2.loss_dice: 0.6203  decode.d3.loss_cls: 0.0470  decode.d3.loss_mask: 0.4484  decode.d3.loss_dice: 0.6281  decode.d4.loss_cls: 0.0524  decode.d4.loss_mask: 0.4460  decode.d4.loss_dice: 0.6265  decode.d5.loss_cls: 0.0516  decode.d5.loss_mask: 0.4457  decode.d5.loss_dice: 0.6275  decode.d6.loss_cls: 0.0491  decode.d6.loss_mask: 0.4486  decode.d6.loss_dice: 0.6384  decode.d7.loss_cls: 0.0483  decode.d7.loss_mask: 0.4473  decode.d7.loss_dice: 0.6238  decode.d8.loss_cls: 0.0469  decode.d8.loss_mask: 0.4492  decode.d8.loss_dice: 0.6446
2026/08/04 03:54:49 - mmengine - INFO - Epoch(train) [41][100/102]  base_lr: 1.8043e-04 lr: 1.8043e-05  eta: 0:15:30  time: 1.0192  data_time: 0.0136  memory: 29466  grad_norm: 22.8322  loss: 11.4608  decode.loss_cls: 0.0348  decode.loss_mask: 0.4560  decode.loss_dice: 0.6337  decode.d0.loss_cls: 0.2346  decode.d0.loss_mask: 0.4667  decode.d0.loss_dice: 0.6193  decode.d1.loss_cls: 0.0501  decode.d1.loss_mask: 0.4563  decode.d1.loss_dice: 0.6343  decode.d2.loss_cls: 0.0443  decode.d2.loss_mask: 0.4537  decode.d2.loss_dice: 0.6331  decode.d3.loss_cls: 0.0390  decode.d3.loss_mask: 0.4548  decode.d3.loss_dice: 0.6290  decode.d4.loss_cls: 0.0373  decode.d4.loss_mask: 0.4539  decode.d4.loss_dice: 0.6289  decode.d5.loss_cls: 0.0416  decode.d5.loss_mask: 0.4519  decode.d5.loss_dice: 0.6295  decode.d6.loss_cls: 0.0388  decode.d6.loss_mask: 0.4541  decode.d6.loss_dice: 0.6352  decode.d7.loss_cls: 0.0380  decode.d7.loss_mask: 0.4547  decode.d7.loss_dice: 0.6302  decode.d8.loss_cls: 0.0375  decode.d8.loss_mask: 0.4543  decode.d8.loss_dice: 0.6350
2026/08/04 03:54:51 - mmengine - INFO - Exp name: ningbo2m_new_dinov3_m2f_tune12_50e_512x512_20260804_022319
2026/08/04 03:54:51 - mmengine - INFO - Saving checkpoint at 41 epochs
2026/08/04 03:55:13 - mmengine - INFO - per class results:
2026/08/04 03:55:13 - mmengine - INFO - 
+-------------+-------+-------+--------+-----------+--------+
|    Class    |  IoU  |  Acc  | Fscore | Precision | Recall |
+-------------+-------+-------+--------+-----------+--------+
|  background |  54.3 |  64.7 | 70.38  |   77.16   |  64.7  |
|  grassland  | 55.12 | 69.41 | 71.07  |   72.81   | 69.41  |
|   bareland  | 60.24 | 73.15 | 75.19  |   77.34   | 73.15  |
|     road    | 75.32 | 85.97 | 85.92  |   85.88   | 85.97  |
|    forest   | 88.85 | 95.37 |  94.1  |   92.86   | 95.37  |
|    river    | 83.54 | 91.05 | 91.03  |   91.01   | 91.05  |
|   cropland  | 84.86 | 91.28 | 91.81  |   92.35   | 91.28  |
| residential | 83.51 | 91.98 | 91.01  |   90.07   | 91.98  |
+-------------+-------+-------+--------+-----------+--------+
2026/08/04 03:55:13 - mmengine - INFO - Epoch(val) [41][27/27]    aAcc: 89.1700  mIoU: 73.2200  mAcc: 82.8600  mFscore: 83.8100  mPrecision: 84.9300  mRecall: 82.8600  data_time: 0.0344  time: 0.2737
2026/08/04 03:55:13 - mmengine - INFO - The previous best checkpoint /mnt/htzzb2/EO_test/wj1/qh2_work_dirs/ningbo2m_new_dinov3_m2f_tune12_50e_512x512/best_mIoU_epoch_40.pth is removed
2026/08/04 03:55:18 - mmengine - INFO - The best checkpoint with 73.2200 mIoU at 41 epoch is saved to best_mIoU_epoch_41.pth.
2026/08/04 03:56:21 - mmengine - INFO - Epoch(train) [42][ 50/102]  base_lr: 1.7023e-04 lr: 1.7023e-05  eta: 0:14:38  time: 0.9995  data_time: 0.0139  memory: 29460  grad_norm: 25.0574  loss: 13.0425  decode.loss_cls: 0.0456  decode.loss_mask: 0.5271  decode.loss_dice: 0.7144  decode.d0.loss_cls: 0.1925  decode.d0.loss_mask: 0.5420  decode.d0.loss_dice: 0.7028  decode.d1.loss_cls: 0.0563  decode.d1.loss_mask: 0.5235  decode.d1.loss_dice: 0.7208  decode.d2.loss_cls: 0.0502  decode.d2.loss_mask: 0.5214  decode.d2.loss_dice: 0.7177  decode.d3.loss_cls: 0.0546  decode.d3.loss_mask: 0.5211  decode.d3.loss_dice: 0.7207  decode.d4.loss_cls: 0.0449  decode.d4.loss_mask: 0.5261  decode.d4.loss_dice: 0.7126  decode.d5.loss_cls: 0.0513  decode.d5.loss_mask: 0.5190  decode.d5.loss_dice: 0.7051  decode.d6.loss_cls: 0.0489  decode.d6.loss_mask: 0.5264  decode.d6.loss_dice: 0.7095  decode.d7.loss_cls: 0.0443  decode.d7.loss_mask: 0.5242  decode.d7.loss_dice: 0.7265  decode.d8.loss_cls: 0.0444  decode.d8.loss_mask: 0.5257  decode.d8.loss_dice: 0.7227
2026/08/04 03:57:11 - mmengine - INFO - Epoch(train) [42][100/102]  base_lr: 1.6042e-04 lr: 1.6042e-05  eta: 0:13:47  time: 1.0203  data_time: 0.0135  memory: 29458  grad_norm: 23.4883  loss: 11.5670  decode.loss_cls: 0.0453  decode.loss_mask: 0.4528  decode.loss_dice: 0.6391  decode.d0.loss_cls: 0.2387  decode.d0.loss_mask: 0.4628  decode.d0.loss_dice: 0.6323  decode.d1.loss_cls: 0.0635  decode.d1.loss_mask: 0.4501  decode.d1.loss_dice: 0.6349  decode.d2.loss_cls: 0.0527  decode.d2.loss_mask: 0.4520  decode.d2.loss_dice: 0.6293  decode.d3.loss_cls: 0.0518  decode.d3.loss_mask: 0.4543  decode.d3.loss_dice: 0.6324  decode.d4.loss_cls: 0.0530  decode.d4.loss_mask: 0.4535  decode.d4.loss_dice: 0.6300  decode.d5.loss_cls: 0.0456  decode.d5.loss_mask: 0.4559  decode.d5.loss_dice: 0.6361  decode.d6.loss_cls: 0.0490  decode.d6.loss_mask: 0.4516  decode.d6.loss_dice: 0.6277  decode.d7.loss_cls: 0.0520  decode.d7.loss_mask: 0.4526  decode.d7.loss_dice: 0.6350  decode.d8.loss_cls: 0.0468  decode.d8.loss_mask: 0.4527  decode.d8.loss_dice: 0.6333
2026/08/04 03:57:13 - mmengine - INFO - Exp name: ningbo2m_new_dinov3_m2f_tune12_50e_512x512_20260804_022319
2026/08/04 03:57:13 - mmengine - INFO - Saving checkpoint at 42 epochs
2026/08/04 03:57:36 - mmengine - INFO - per class results:
2026/08/04 03:57:36 - mmengine - INFO - 
+-------------+-------+-------+--------+-----------+--------+
|    Class    |  IoU  |  Acc  | Fscore | Precision | Recall |
+-------------+-------+-------+--------+-----------+--------+
|  background | 53.91 | 64.22 | 70.06  |   77.06   | 64.22  |
|  grassland  | 53.22 | 65.31 | 69.47  |    74.2   | 65.31  |
|   bareland  | 59.93 | 73.25 | 74.94  |   76.71   | 73.25  |
|     road    | 75.38 | 85.66 | 85.96  |   86.27   | 85.66  |
|    forest   | 88.78 | 96.01 | 94.06  |   92.19   | 96.01  |
|    river    | 83.73 | 90.59 | 91.15  |   91.72   | 90.59  |
|   cropland  | 84.62 | 91.14 | 91.67  |    92.2   | 91.14  |
| residential | 83.39 | 92.97 | 90.94  |    89.0   | 92.97  |
+-------------+-------+-------+--------+-----------+--------+
2026/08/04 03:57:36 - mmengine - INFO - Epoch(val) [42][27/27]    aAcc: 89.0600  mIoU: 72.8700  mAcc: 82.3900  mFscore: 83.5300  mPrecision: 84.9200  mRecall: 82.3900  data_time: 0.0356  time: 0.2747
2026/08/04 03:58:26 - mmengine - INFO - Epoch(train) [43][ 50/102]  base_lr: 1.5023e-04 lr: 1.5023e-05  eta: 0:12:54  time: 0.9951  data_time: 0.0135  memory: 29418  grad_norm: 23.3226  loss: 10.6573  decode.loss_cls: 0.0430  decode.loss_mask: 0.4182  decode.loss_dice: 0.5874  decode.d0.loss_cls: 0.2218  decode.d0.loss_mask: 0.4243  decode.d0.loss_dice: 0.5860  decode.d1.loss_cls: 0.0473  decode.d1.loss_mask: 0.4162  decode.d1.loss_dice: 0.5838  decode.d2.loss_cls: 0.0483  decode.d2.loss_mask: 0.4166  decode.d2.loss_dice: 0.5889  decode.d3.loss_cls: 0.0444  decode.d3.loss_mask: 0.4197  decode.d3.loss_dice: 0.5791  decode.d4.loss_cls: 0.0429  decode.d4.loss_mask: 0.4194  decode.d4.loss_dice: 0.5806  decode.d5.loss_cls: 0.0448  decode.d5.loss_mask: 0.4187  decode.d5.loss_dice: 0.5768  decode.d6.loss_cls: 0.0377  decode.d6.loss_mask: 0.4188  decode.d6.loss_dice: 0.5918  decode.d7.loss_cls: 0.0449  decode.d7.loss_mask: 0.4174  decode.d7.loss_dice: 0.5908  decode.d8.loss_cls: 0.0411  decode.d8.loss_mask: 0.4190  decode.d8.loss_dice: 0.5875
2026/08/04 03:59:16 - mmengine - INFO - Epoch(train) [43][100/102]  base_lr: 1.4042e-04 lr: 1.4042e-05  eta: 0:12:04  time: 0.9976  data_time: 0.0137  memory: 29419  grad_norm: 24.2420  loss: 11.4416  decode.loss_cls: 0.0326  decode.loss_mask: 0.4654  decode.loss_dice: 0.6344  decode.d0.loss_cls: 0.2198  decode.d0.loss_mask: 0.4719  decode.d0.loss_dice: 0.6172  decode.d1.loss_cls: 0.0373  decode.d1.loss_mask: 0.4647  decode.d1.loss_dice: 0.6390  decode.d2.loss_cls: 0.0314  decode.d2.loss_mask: 0.4644  decode.d2.loss_dice: 0.6301  decode.d3.loss_cls: 0.0285  decode.d3.loss_mask: 0.4620  decode.d3.loss_dice: 0.6205  decode.d4.loss_cls: 0.0277  decode.d4.loss_mask: 0.4642  decode.d4.loss_dice: 0.6267  decode.d5.loss_cls: 0.0349  decode.d5.loss_mask: 0.4649  decode.d5.loss_dice: 0.6297  decode.d6.loss_cls: 0.0310  decode.d6.loss_mask: 0.4655  decode.d6.loss_dice: 0.6302  decode.d7.loss_cls: 0.0262  decode.d7.loss_mask: 0.4648  decode.d7.loss_dice: 0.6366  decode.d8.loss_cls: 0.0324  decode.d8.loss_mask: 0.4652  decode.d8.loss_dice: 0.6224
2026/08/04 03:59:18 - mmengine - INFO - Exp name: ningbo2m_new_dinov3_m2f_tune12_50e_512x512_20260804_022319
2026/08/04 03:59:19 - mmengine - INFO - Saving checkpoint at 43 epochs
2026/08/04 03:59:40 - mmengine - INFO - per class results:
2026/08/04 03:59:40 - mmengine - INFO - 
+-------------+-------+-------+--------+-----------+--------+
|    Class    |  IoU  |  Acc  | Fscore | Precision | Recall |
+-------------+-------+-------+--------+-----------+--------+
|  background |  53.2 | 63.69 | 69.45  |   76.36   | 63.69  |
|  grassland  |  54.0 | 67.18 | 70.13  |   73.35   | 67.18  |
|   bareland  | 59.97 | 73.63 | 74.97  |   76.36   | 73.63  |
|     road    | 75.24 | 87.52 | 85.87  |   84.29   | 87.52  |
|    forest   | 88.81 | 95.77 | 94.08  |   92.44   | 95.77  |
|    river    | 83.64 | 90.95 | 91.09  |   91.23   | 90.95  |
|   cropland  | 84.74 | 91.38 | 91.74  |   92.11   | 91.38  |
| residential | 83.45 | 90.95 | 90.98  |   91.01   | 90.95  |
+-------------+-------+-------+--------+-----------+--------+
2026/08/04 03:59:40 - mmengine - INFO - Epoch(val) [43][27/27]    aAcc: 89.0700  mIoU: 72.8800  mAcc: 82.6300  mFscore: 83.5400  mPrecision: 84.6400  mRecall: 82.6300  data_time: 0.0332  time: 0.2725
2026/08/04 04:00:31 - mmengine - INFO - Epoch(train) [44][ 50/102]  base_lr: 1.3022e-04 lr: 1.3022e-05  eta: 0:11:11  time: 0.9955  data_time: 0.0138  memory: 29456  grad_norm: 21.9844  loss: 12.0182  decode.loss_cls: 0.0328  decode.loss_mask: 0.4941  decode.loss_dice: 0.6462  decode.d0.loss_cls: 0.2023  decode.d0.loss_mask: 0.5065  decode.d0.loss_dice: 0.6369  decode.d1.loss_cls: 0.0423  decode.d1.loss_mask: 0.4971  decode.d1.loss_dice: 0.6543  decode.d2.loss_cls: 0.0344  decode.d2.loss_mask: 0.4956  decode.d2.loss_dice: 0.6629  decode.d3.loss_cls: 0.0311  decode.d3.loss_mask: 0.4967  decode.d3.loss_dice: 0.6569  decode.d4.loss_cls: 0.0310  decode.d4.loss_mask: 0.4936  decode.d4.loss_dice: 0.6484  decode.d5.loss_cls: 0.0351  decode.d5.loss_mask: 0.4932  decode.d5.loss_dice: 0.6586  decode.d6.loss_cls: 0.0344  decode.d6.loss_mask: 0.4929  decode.d6.loss_dice: 0.6601  decode.d7.loss_cls: 0.0363  decode.d7.loss_mask: 0.4962  decode.d7.loss_dice: 0.6665  decode.d8.loss_cls: 0.0339  decode.d8.loss_mask: 0.4956  decode.d8.loss_dice: 0.6522
2026/08/04 04:01:21 - mmengine - INFO - Epoch(train) [44][100/102]  base_lr: 1.2042e-04 lr: 1.2042e-05  eta: 0:10:20  time: 0.9919  data_time: 0.0126  memory: 29455  grad_norm: 23.3572  loss: 11.7405  decode.loss_cls: 0.0424  decode.loss_mask: 0.4395  decode.loss_dice: 0.6862  decode.d0.loss_cls: 0.2040  decode.d0.loss_mask: 0.4504  decode.d0.loss_dice: 0.6712  decode.d1.loss_cls: 0.0509  decode.d1.loss_mask: 0.4407  decode.d1.loss_dice: 0.6756  decode.d2.loss_cls: 0.0452  decode.d2.loss_mask: 0.4396  decode.d2.loss_dice: 0.6630  decode.d3.loss_cls: 0.0438  decode.d3.loss_mask: 0.4384  decode.d3.loss_dice: 0.6685  decode.d4.loss_cls: 0.0426  decode.d4.loss_mask: 0.4400  decode.d4.loss_dice: 0.6733  decode.d5.loss_cls: 0.0396  decode.d5.loss_mask: 0.4402  decode.d5.loss_dice: 0.6872  decode.d6.loss_cls: 0.0428  decode.d6.loss_mask: 0.4389  decode.d6.loss_dice: 0.6680  decode.d7.loss_cls: 0.0389  decode.d7.loss_mask: 0.4422  decode.d7.loss_dice: 0.6807  decode.d8.loss_cls: 0.0378  decode.d8.loss_mask: 0.4385  decode.d8.loss_dice: 0.6702
2026/08/04 04:01:23 - mmengine - INFO - Exp name: ningbo2m_new_dinov3_m2f_tune12_50e_512x512_20260804_022319
2026/08/04 04:01:23 - mmengine - INFO - Saving checkpoint at 44 epochs
2026/08/04 04:01:44 - mmengine - INFO - per class results:
2026/08/04 04:01:44 - mmengine - INFO - 
+-------------+-------+-------+--------+-----------+--------+
|    Class    |  IoU  |  Acc  | Fscore | Precision | Recall |
+-------------+-------+-------+--------+-----------+--------+
|  background | 53.12 | 62.83 | 69.39  |   77.47   | 62.83  |
|  grassland  | 53.77 | 65.82 | 69.93  |    74.6   | 65.82  |
|   bareland  | 59.97 | 73.15 | 74.98  |    76.9   | 73.15  |
|     road    |  75.4 | 85.82 | 85.98  |   86.13   | 85.82  |
|    forest   | 88.81 | 96.15 | 94.08  |   92.08   | 96.15  |
|    river    | 83.67 |  90.2 | 91.11  |   92.04   |  90.2  |
|   cropland  | 84.71 |  92.1 | 91.72  |   91.34   |  92.1  |
| residential | 83.46 | 91.58 | 90.99  |   90.41   | 91.58  |
+-------------+-------+-------+--------+-----------+--------+
2026/08/04 04:01:44 - mmengine - INFO - Epoch(val) [44][27/27]    aAcc: 89.1100  mIoU: 72.8600  mAcc: 82.2100  mFscore: 83.5200  mPrecision: 85.1200  mRecall: 82.2100  data_time: 0.0311  time: 0.2696
2026/08/04 04:02:36 - mmengine - INFO - Epoch(train) [45][ 50/102]  base_lr: 1.1022e-04 lr: 1.1022e-05  eta: 0:09:28  time: 1.0021  data_time: 0.0135  memory: 29442  grad_norm: 23.2777  loss: 10.7130  decode.loss_cls: 0.0545  decode.loss_mask: 0.3944  decode.loss_dice: 0.5911  decode.d0.loss_cls: 0.2319  decode.d0.loss_mask: 0.4010  decode.d0.loss_dice: 0.6078  decode.d1.loss_cls: 0.0648  decode.d1.loss_mask: 0.3912  decode.d1.loss_dice: 0.6150  decode.d2.loss_cls: 0.0517  decode.d2.loss_mask: 0.3927  decode.d2.loss_dice: 0.6068  decode.d3.loss_cls: 0.0550  decode.d3.loss_mask: 0.3906  decode.d3.loss_dice: 0.6025  decode.d4.loss_cls: 0.0519  decode.d4.loss_mask: 0.3955  decode.d4.loss_dice: 0.6123  decode.d5.loss_cls: 0.0558  decode.d5.loss_mask: 0.3924  decode.d5.loss_dice: 0.5992  decode.d6.loss_cls: 0.0559  decode.d6.loss_mask: 0.3905  decode.d6.loss_dice: 0.6065  decode.d7.loss_cls: 0.0500  decode.d7.loss_mask: 0.3936  decode.d7.loss_dice: 0.6048  decode.d8.loss_cls: 0.0590  decode.d8.loss_mask: 0.3924  decode.d8.loss_dice: 0.6021
2026/08/04 04:03:26 - mmengine - INFO - Epoch(train) [45][100/102]  base_lr: 1.0041e-04 lr: 1.0041e-05  eta: 0:08:37  time: 0.9947  data_time: 0.0138  memory: 29449  grad_norm: 22.5416  loss: 11.9577  decode.loss_cls: 0.0256  decode.loss_mask: 0.4882  decode.loss_dice: 0.6597  decode.d0.loss_cls: 0.1989  decode.d0.loss_mask: 0.4986  decode.d0.loss_dice: 0.6558  decode.d1.loss_cls: 0.0259  decode.d1.loss_mask: 0.4873  decode.d1.loss_dice: 0.6713  decode.d2.loss_cls: 0.0219  decode.d2.loss_mask: 0.4854  decode.d2.loss_dice: 0.6669  decode.d3.loss_cls: 0.0221  decode.d3.loss_mask: 0.4874  decode.d3.loss_dice: 0.6706  decode.d4.loss_cls: 0.0248  decode.d4.loss_mask: 0.4842  decode.d4.loss_dice: 0.6713  decode.d5.loss_cls: 0.0220  decode.d5.loss_mask: 0.4864  decode.d5.loss_dice: 0.6689  decode.d6.loss_cls: 0.0264  decode.d6.loss_mask: 0.4874  decode.d6.loss_dice: 0.6733  decode.d7.loss_cls: 0.0216  decode.d7.loss_mask: 0.4883  decode.d7.loss_dice: 0.6642  decode.d8.loss_cls: 0.0233  decode.d8.loss_mask: 0.4887  decode.d8.loss_dice: 0.6612
2026/08/04 04:03:28 - mmengine - INFO - Exp name: ningbo2m_new_dinov3_m2f_tune12_50e_512x512_20260804_022319
2026/08/04 04:03:28 - mmengine - INFO - Saving checkpoint at 45 epochs
2026/08/04 04:03:49 - mmengine - INFO - per class results:
2026/08/04 04:03:49 - mmengine - INFO - 
+-------------+-------+-------+--------+-----------+--------+
|    Class    |  IoU  |  Acc  | Fscore | Precision | Recall |
+-------------+-------+-------+--------+-----------+--------+
|  background | 53.09 | 63.36 | 69.36  |   76.61   | 63.36  |
|  grassland  | 54.64 | 68.28 | 70.67  |   73.24   | 68.28  |
|   bareland  | 60.09 | 73.29 | 75.07  |   76.94   | 73.29  |
|     road    | 75.46 | 86.61 | 86.02  |   85.43   | 86.61  |
|    forest   | 88.86 | 95.64 |  94.1  |   92.61   | 95.64  |
|    river    | 83.65 | 90.43 |  91.1  |   91.78   | 90.43  |
|   cropland  |  84.7 | 91.25 | 91.71  |   92.18   | 91.25  |
| residential | 83.47 | 92.32 | 90.99  |    89.7   | 92.32  |
+-------------+-------+-------+--------+-----------+--------+
2026/08/04 04:03:49 - mmengine - INFO - Epoch(val) [45][27/27]    aAcc: 89.1300  mIoU: 72.9900  mAcc: 82.6500  mFscore: 83.6300  mPrecision: 84.8100  mRecall: 82.6500  data_time: 0.0295  time: 0.2679
2026/08/04 04:04:40 - mmengine - INFO - Epoch(train) [46][ 50/102]  base_lr: 9.0214e-05 lr: 9.0214e-06  eta: 0:07:45  time: 0.9951  data_time: 0.0138  memory: 29428  grad_norm: 20.9643  loss: 9.9156  decode.loss_cls: 0.0296  decode.loss_mask: 0.3930  decode.loss_dice: 0.5467  decode.d0.loss_cls: 0.2411  decode.d0.loss_mask: 0.4032  decode.d0.loss_dice: 0.5317  decode.d1.loss_cls: 0.0421  decode.d1.loss_mask: 0.3946  decode.d1.loss_dice: 0.5421  decode.d2.loss_cls: 0.0309  decode.d2.loss_mask: 0.3922  decode.d2.loss_dice: 0.5522  decode.d3.loss_cls: 0.0308  decode.d3.loss_mask: 0.3907  decode.d3.loss_dice: 0.5611  decode.d4.loss_cls: 0.0364  decode.d4.loss_mask: 0.3926  decode.d4.loss_dice: 0.5295  decode.d5.loss_cls: 0.0310  decode.d5.loss_mask: 0.3921  decode.d5.loss_dice: 0.5439  decode.d6.loss_cls: 0.0300  decode.d6.loss_mask: 0.3908  decode.d6.loss_dice: 0.5420  decode.d7.loss_cls: 0.0322  decode.d7.loss_mask: 0.3917  decode.d7.loss_dice: 0.5477  decode.d8.loss_cls: 0.0298  decode.d8.loss_mask: 0.3921  decode.d8.loss_dice: 0.5518
2026/08/04 04:05:30 - mmengine - INFO - Epoch(train) [46][100/102]  base_lr: 8.0408e-05 lr: 8.0408e-06  eta: 0:06:54  time: 1.0043  data_time: 0.0135  memory: 29436  grad_norm: 20.5867  loss: 11.3900  decode.loss_cls: 0.0548  decode.loss_mask: 0.4284  decode.loss_dice: 0.6362  decode.d0.loss_cls: 0.2297  decode.d0.loss_mask: 0.4368  decode.d0.loss_dice: 0.6277  decode.d1.loss_cls: 0.0649  decode.d1.loss_mask: 0.4313  decode.d1.loss_dice: 0.6451  decode.d2.loss_cls: 0.0501  decode.d2.loss_mask: 0.4309  decode.d2.loss_dice: 0.6432  decode.d3.loss_cls: 0.0538  decode.d3.loss_mask: 0.4272  decode.d3.loss_dice: 0.6385  decode.d4.loss_cls: 0.0521  decode.d4.loss_mask: 0.4287  decode.d4.loss_dice: 0.6394  decode.d5.loss_cls: 0.0467  decode.d5.loss_mask: 0.4285  decode.d5.loss_dice: 0.6444  decode.d6.loss_cls: 0.0514  decode.d6.loss_mask: 0.4274  decode.d6.loss_dice: 0.6419  decode.d7.loss_cls: 0.0546  decode.d7.loss_mask: 0.4277  decode.d7.loss_dice: 0.6362  decode.d8.loss_cls: 0.0503  decode.d8.loss_mask: 0.4294  decode.d8.loss_dice: 0.6329
2026/08/04 04:05:32 - mmengine - INFO - Exp name: ningbo2m_new_dinov3_m2f_tune12_50e_512x512_20260804_022319
2026/08/04 04:05:32 - mmengine - INFO - Saving checkpoint at 46 epochs
2026/08/04 04:05:54 - mmengine - INFO - per class results:
2026/08/04 04:05:54 - mmengine - INFO - 
+-------------+-------+-------+--------+-----------+--------+
|    Class    |  IoU  |  Acc  | Fscore | Precision | Recall |
+-------------+-------+-------+--------+-----------+--------+
|  background | 54.68 | 66.84 |  70.7  |   75.03   | 66.84  |
|  grassland  | 54.69 | 68.98 | 70.71  |   72.54   | 68.98  |
|   bareland  | 60.03 | 73.23 | 75.02  |   76.91   | 73.23  |
|     road    | 75.52 |  85.9 | 86.05  |   86.21   |  85.9  |
|    forest   | 88.87 | 95.48 | 94.11  |   92.77   | 95.48  |
|    river    | 83.81 | 91.15 | 91.19  |   91.23   | 91.15  |
|   cropland  | 84.72 | 90.87 | 91.73  |    92.6   | 90.87  |
| residential | 83.51 | 91.89 | 91.02  |   90.16   | 91.89  |
+-------------+-------+-------+--------+-----------+--------+
2026/08/04 04:05:54 - mmengine - INFO - Epoch(val) [46][27/27]    aAcc: 89.1400  mIoU: 73.2300  mAcc: 83.0400  mFscore: 83.8200  mPrecision: 84.6800  mRecall: 83.0400  data_time: 0.0305  time: 0.2694
2026/08/04 04:05:55 - mmengine - INFO - The previous best checkpoint /mnt/htzzb2/EO_test/wj1/qh2_work_dirs/ningbo2m_new_dinov3_m2f_tune12_50e_512x512/best_mIoU_epoch_41.pth is removed
2026/08/04 04:05:59 - mmengine - INFO - The best checkpoint with 73.2300 mIoU at 46 epoch is saved to best_mIoU_epoch_46.pth.
2026/08/04 04:07:03 - mmengine - INFO - Epoch(train) [47][ 50/102]  base_lr: 7.0210e-05 lr: 7.0210e-06  eta: 0:06:02  time: 0.9960  data_time: 0.0144  memory: 29418  grad_norm: 19.9228  loss: 9.5708  decode.loss_cls: 0.0280  decode.loss_mask: 0.3567  decode.loss_dice: 0.5477  decode.d0.loss_cls: 0.2251  decode.d0.loss_mask: 0.3630  decode.d0.loss_dice: 0.5516  decode.d1.loss_cls: 0.0357  decode.d1.loss_mask: 0.3574  decode.d1.loss_dice: 0.5535  decode.d2.loss_cls: 0.0338  decode.d2.loss_mask: 0.3562  decode.d2.loss_dice: 0.5540  decode.d3.loss_cls: 0.0296  decode.d3.loss_mask: 0.3550  decode.d3.loss_dice: 0.5458  decode.d4.loss_cls: 0.0282  decode.d4.loss_mask: 0.3578  decode.d4.loss_dice: 0.5412  decode.d5.loss_cls: 0.0289  decode.d5.loss_mask: 0.3561  decode.d5.loss_dice: 0.5513  decode.d6.loss_cls: 0.0303  decode.d6.loss_mask: 0.3574  decode.d6.loss_dice: 0.5463  decode.d7.loss_cls: 0.0296  decode.d7.loss_mask: 0.3568  decode.d7.loss_dice: 0.5563  decode.d8.loss_cls: 0.0291  decode.d8.loss_mask: 0.3563  decode.d8.loss_dice: 0.5525
2026/08/04 04:07:54 - mmengine - INFO - Epoch(train) [47][100/102]  base_lr: 6.0404e-05 lr: 6.0404e-06  eta: 0:05:11  time: 0.9960  data_time: 0.0139  memory: 29437  grad_norm: 20.9443  loss: 10.8557  decode.loss_cls: 0.0319  decode.loss_mask: 0.4077  decode.loss_dice: 0.6293  decode.d0.loss_cls: 0.2003  decode.d0.loss_mask: 0.4193  decode.d0.loss_dice: 0.6344  decode.d1.loss_cls: 0.0355  decode.d1.loss_mask: 0.4083  decode.d1.loss_dice: 0.6285  decode.d2.loss_cls: 0.0376  decode.d2.loss_mask: 0.4082  decode.d2.loss_dice: 0.6237  decode.d3.loss_cls: 0.0310  decode.d3.loss_mask: 0.4069  decode.d3.loss_dice: 0.6105  decode.d4.loss_cls: 0.0298  decode.d4.loss_mask: 0.4068  decode.d4.loss_dice: 0.6299  decode.d5.loss_cls: 0.0306  decode.d5.loss_mask: 0.4079  decode.d5.loss_dice: 0.6340  decode.d6.loss_cls: 0.0356  decode.d6.loss_mask: 0.4065  decode.d6.loss_dice: 0.6379  decode.d7.loss_cls: 0.0306  decode.d7.loss_mask: 0.4062  decode.d7.loss_dice: 0.6216  decode.d8.loss_cls: 0.0325  decode.d8.loss_mask: 0.4067  decode.d8.loss_dice: 0.6263
2026/08/04 04:07:56 - mmengine - INFO - Exp name: ningbo2m_new_dinov3_m2f_tune12_50e_512x512_20260804_022319
2026/08/04 04:07:56 - mmengine - INFO - Saving checkpoint at 47 epochs
2026/08/04 04:08:18 - mmengine - INFO - per class results:
2026/08/04 04:08:18 - mmengine - INFO - 
+-------------+-------+-------+--------+-----------+--------+
|    Class    |  IoU  |  Acc  | Fscore | Precision | Recall |
+-------------+-------+-------+--------+-----------+--------+
|  background | 53.92 | 64.49 | 70.06  |   76.69   | 64.49  |
|  grassland  |  54.9 | 70.22 | 70.88  |   71.56   | 70.22  |
|   bareland  | 59.96 | 72.74 | 74.97  |   77.33   | 72.74  |
|     road    |  75.5 | 86.03 | 86.04  |   86.05   | 86.03  |
|    forest   | 88.86 | 95.27 |  94.1  |   92.96   | 95.27  |
|    river    | 83.75 | 90.95 | 91.16  |   91.37   | 90.95  |
|   cropland  | 84.63 | 91.13 | 91.67  |   92.23   | 91.13  |
| residential | 83.53 | 91.71 | 91.03  |   90.35   | 91.71  |
+-------------+-------+-------+--------+-----------+--------+
2026/08/04 04:08:18 - mmengine - INFO - Epoch(val) [47][27/27]    aAcc: 89.1100  mIoU: 73.1300  mAcc: 82.8200  mFscore: 83.7400  mPrecision: 84.8200  mRecall: 82.8200  data_time: 0.0293  time: 0.2679
2026/08/04 04:09:09 - mmengine - INFO - Epoch(train) [48][ 50/102]  base_lr: 5.0206e-05 lr: 5.0206e-06  eta: 0:04:18  time: 1.0229  data_time: 0.0136  memory: 29450  grad_norm: 18.5894  loss: 10.8147  decode.loss_cls: 0.0197  decode.loss_mask: 0.4370  decode.loss_dice: 0.6063  decode.d0.loss_cls: 0.1996  decode.d0.loss_mask: 0.4458  decode.d0.loss_dice: 0.5953  decode.d1.loss_cls: 0.0333  decode.d1.loss_mask: 0.4372  decode.d1.loss_dice: 0.6065  decode.d2.loss_cls: 0.0283  decode.d2.loss_mask: 0.4377  decode.d2.loss_dice: 0.6027  decode.d3.loss_cls: 0.0203  decode.d3.loss_mask: 0.4392  decode.d3.loss_dice: 0.6006  decode.d4.loss_cls: 0.0231  decode.d4.loss_mask: 0.4382  decode.d4.loss_dice: 0.5890  decode.d5.loss_cls: 0.0214  decode.d5.loss_mask: 0.4391  decode.d5.loss_dice: 0.6042  decode.d6.loss_cls: 0.0210  decode.d6.loss_mask: 0.4370  decode.d6.loss_dice: 0.5995  decode.d7.loss_cls: 0.0199  decode.d7.loss_mask: 0.4384  decode.d7.loss_dice: 0.6093  decode.d8.loss_cls: 0.0242  decode.d8.loss_mask: 0.4376  decode.d8.loss_dice: 0.6034
2026/08/04 04:09:58 - mmengine - INFO - Epoch(train) [48][100/102]  base_lr: 4.0400e-05 lr: 4.0400e-06  eta: 0:03:28  time: 0.9946  data_time: 0.0142  memory: 29448  grad_norm: 19.8418  loss: 11.5835  decode.loss_cls: 0.0382  decode.loss_mask: 0.4722  decode.loss_dice: 0.6325  decode.d0.loss_cls: 0.2231  decode.d0.loss_mask: 0.4810  decode.d0.loss_dice: 0.6199  decode.d1.loss_cls: 0.0527  decode.d1.loss_mask: 0.4717  decode.d1.loss_dice: 0.6251  decode.d2.loss_cls: 0.0441  decode.d2.loss_mask: 0.4718  decode.d2.loss_dice: 0.6358  decode.d3.loss_cls: 0.0461  decode.d3.loss_mask: 0.4707  decode.d3.loss_dice: 0.6196  decode.d4.loss_cls: 0.0390  decode.d4.loss_mask: 0.4694  decode.d4.loss_dice: 0.6232  decode.d5.loss_cls: 0.0364  decode.d5.loss_mask: 0.4692  decode.d5.loss_dice: 0.6329  decode.d6.loss_cls: 0.0365  decode.d6.loss_mask: 0.4723  decode.d6.loss_dice: 0.6313  decode.d7.loss_cls: 0.0355  decode.d7.loss_mask: 0.4708  decode.d7.loss_dice: 0.6262  decode.d8.loss_cls: 0.0275  decode.d8.loss_mask: 0.4714  decode.d8.loss_dice: 0.6377
2026/08/04 04:10:00 - mmengine - INFO - Exp name: ningbo2m_new_dinov3_m2f_tune12_50e_512x512_20260804_022319
2026/08/04 04:10:01 - mmengine - INFO - Saving checkpoint at 48 epochs
2026/08/04 04:10:22 - mmengine - INFO - per class results:
2026/08/04 04:10:22 - mmengine - INFO - 
+-------------+-------+-------+--------+-----------+--------+
|    Class    |  IoU  |  Acc  | Fscore | Precision | Recall |
+-------------+-------+-------+--------+-----------+--------+
|  background | 53.64 |  63.6 | 69.82  |    77.4   |  63.6  |
|  grassland  | 54.59 | 68.65 | 70.62  |   72.71   | 68.65  |
|   bareland  | 60.28 | 73.33 | 75.22  |   77.21   | 73.33  |
|     road    | 75.52 | 85.85 | 86.05  |   86.26   | 85.85  |
|    forest   | 88.82 | 95.46 | 94.08  |   92.74   | 95.46  |
|    river    | 83.68 | 90.94 | 91.11  |   91.29   | 90.94  |
|   cropland  | 84.66 | 91.55 | 91.69  |   91.83   | 91.55  |
| residential | 83.52 |  91.6 | 91.02  |   90.45   |  91.6  |
+-------------+-------+-------+--------+-----------+--------+
2026/08/04 04:10:22 - mmengine - INFO - Epoch(val) [48][27/27]    aAcc: 89.1300  mIoU: 73.0900  mAcc: 82.6200  mFscore: 83.7000  mPrecision: 84.9900  mRecall: 82.6200  data_time: 0.0309  time: 0.2697
2026/08/04 04:11:13 - mmengine - INFO - Epoch(train) [49][ 50/102]  base_lr: 3.0202e-05 lr: 3.0202e-06  eta: 0:02:35  time: 0.9974  data_time: 0.0136  memory: 29425  grad_norm: 17.3455  loss: 10.4141  decode.loss_cls: 0.0127  decode.loss_mask: 0.4136  decode.loss_dice: 0.5974  decode.d0.loss_cls: 0.1817  decode.d0.loss_mask: 0.4188  decode.d0.loss_dice: 0.5876  decode.d1.loss_cls: 0.0176  decode.d1.loss_mask: 0.4119  decode.d1.loss_dice: 0.5990  decode.d2.loss_cls: 0.0137  decode.d2.loss_mask: 0.4104  decode.d2.loss_dice: 0.5986  decode.d3.loss_cls: 0.0140  decode.d3.loss_mask: 0.4115  decode.d3.loss_dice: 0.6052  decode.d4.loss_cls: 0.0130  decode.d4.loss_mask: 0.4099  decode.d4.loss_dice: 0.6020  decode.d5.loss_cls: 0.0127  decode.d5.loss_mask: 0.4125  decode.d5.loss_dice: 0.6039  decode.d6.loss_cls: 0.0112  decode.d6.loss_mask: 0.4128  decode.d6.loss_dice: 0.6059  decode.d7.loss_cls: 0.0132  decode.d7.loss_mask: 0.4093  decode.d7.loss_dice: 0.5923  decode.d8.loss_cls: 0.0117  decode.d8.loss_mask: 0.4126  decode.d8.loss_dice: 0.5976
2026/08/04 04:12:03 - mmengine - INFO - Epoch(train) [49][100/102]  base_lr: 2.0396e-05 lr: 2.0396e-06  eta: 0:01:45  time: 1.0193  data_time: 0.0145  memory: 29448  grad_norm: 20.7776  loss: 10.5013  decode.loss_cls: 0.0371  decode.loss_mask: 0.3920  decode.loss_dice: 0.6044  decode.d0.loss_cls: 0.2276  decode.d0.loss_mask: 0.3996  decode.d0.loss_dice: 0.6018  decode.d1.loss_cls: 0.0526  decode.d1.loss_mask: 0.3908  decode.d1.loss_dice: 0.6023  decode.d2.loss_cls: 0.0391  decode.d2.loss_mask: 0.3913  decode.d2.loss_dice: 0.5966  decode.d3.loss_cls: 0.0409  decode.d3.loss_mask: 0.3904  decode.d3.loss_dice: 0.5946  decode.d4.loss_cls: 0.0408  decode.d4.loss_mask: 0.3917  decode.d4.loss_dice: 0.5886  decode.d5.loss_cls: 0.0397  decode.d5.loss_mask: 0.3919  decode.d5.loss_dice: 0.5999  decode.d6.loss_cls: 0.0434  decode.d6.loss_mask: 0.3892  decode.d6.loss_dice: 0.5998  decode.d7.loss_cls: 0.0443  decode.d7.loss_mask: 0.3911  decode.d7.loss_dice: 0.5848  decode.d8.loss_cls: 0.0363  decode.d8.loss_mask: 0.3919  decode.d8.loss_dice: 0.6068
2026/08/04 04:12:05 - mmengine - INFO - Exp name: ningbo2m_new_dinov3_m2f_tune12_50e_512x512_20260804_022319
2026/08/04 04:12:05 - mmengine - INFO - Saving checkpoint at 49 epochs
2026/08/04 04:12:26 - mmengine - INFO - per class results:
2026/08/04 04:12:26 - mmengine - INFO - 
+-------------+-------+-------+--------+-----------+--------+
|    Class    |  IoU  |  Acc  | Fscore | Precision | Recall |
+-------------+-------+-------+--------+-----------+--------+
|  background | 54.51 | 65.61 | 70.56  |   76.31   | 65.61  |
|  grassland  | 54.54 | 68.75 | 70.59  |   72.53   | 68.75  |
|   bareland  | 60.11 | 72.62 | 75.09  |   77.73   | 72.62  |
|     road    | 75.48 | 85.65 | 86.03  |   86.41   | 85.65  |
|    forest   | 88.76 | 95.43 | 94.04  |    92.7   | 95.43  |
|    river    | 83.57 |  90.8 | 91.05  |    91.3   |  90.8  |
|   cropland  | 84.69 | 91.38 | 91.71  |   92.05   | 91.38  |
| residential | 83.57 | 92.09 | 91.05  |   90.03   | 92.09  |
+-------------+-------+-------+--------+-----------+--------+
2026/08/04 04:12:26 - mmengine - INFO - Epoch(val) [49][27/27]    aAcc: 89.1100  mIoU: 73.1500  mAcc: 82.7900  mFscore: 83.7600  mPrecision: 84.8800  mRecall: 82.7900  data_time: 0.0328  time: 0.2716
2026/08/04 04:12:29 - mmengine - INFO - Exp name: ningbo2m_new_dinov3_m2f_tune12_50e_512x512_20260804_022319
2026/08/04 04:13:17 - mmengine - INFO - Epoch(train) [50][ 50/102]  base_lr: 1.0198e-05 lr: 1.0198e-06  eta: 0:00:52  time: 0.9959  data_time: 0.0118  memory: 29421  grad_norm: 19.4373  loss: 10.1722  decode.loss_cls: 0.0218  decode.loss_mask: 0.4021  decode.loss_dice: 0.5757  decode.d0.loss_cls: 0.2180  decode.d0.loss_mask: 0.4108  decode.d0.loss_dice: 0.5578  decode.d1.loss_cls: 0.0256  decode.d1.loss_mask: 0.4021  decode.d1.loss_dice: 0.5664  decode.d2.loss_cls: 0.0265  decode.d2.loss_mask: 0.4021  decode.d2.loss_dice: 0.5785  decode.d3.loss_cls: 0.0291  decode.d3.loss_mask: 0.4007  decode.d3.loss_dice: 0.5679  decode.d4.loss_cls: 0.0240  decode.d4.loss_mask: 0.4027  decode.d4.loss_dice: 0.5734  decode.d5.loss_cls: 0.0217  decode.d5.loss_mask: 0.4014  decode.d5.loss_dice: 0.5744  decode.d6.loss_cls: 0.0215  decode.d6.loss_mask: 0.4017  decode.d6.loss_dice: 0.5719  decode.d7.loss_cls: 0.0197  decode.d7.loss_mask: 0.4015  decode.d7.loss_dice: 0.5808  decode.d8.loss_cls: 0.0173  decode.d8.loss_mask: 0.4019  decode.d8.loss_dice: 0.5731
2026/08/04 04:14:07 - mmengine - INFO - Epoch(train) [50][100/102]  base_lr: 3.9223e-07 lr: 3.9223e-08  eta: 0:00:02  time: 0.9944  data_time: 0.0122  memory: 29466  grad_norm: 17.5660  loss: 9.7125  decode.loss_cls: 0.0259  decode.loss_mask: 0.3837  decode.loss_dice: 0.5437  decode.d0.loss_cls: 0.2195  decode.d0.loss_mask: 0.3886  decode.d0.loss_dice: 0.5283  decode.d1.loss_cls: 0.0327  decode.d1.loss_mask: 0.3843  decode.d1.loss_dice: 0.5410  decode.d2.loss_cls: 0.0376  decode.d2.loss_mask: 0.3824  decode.d2.loss_dice: 0.5388  decode.d3.loss_cls: 0.0376  decode.d3.loss_mask: 0.3828  decode.d3.loss_dice: 0.5413  decode.d4.loss_cls: 0.0325  decode.d4.loss_mask: 0.3831  decode.d4.loss_dice: 0.5390  decode.d5.loss_cls: 0.0359  decode.d5.loss_mask: 0.3824  decode.d5.loss_dice: 0.5340  decode.d6.loss_cls: 0.0276  decode.d6.loss_mask: 0.3829  decode.d6.loss_dice: 0.5310  decode.d7.loss_cls: 0.0282  decode.d7.loss_mask: 0.3805  decode.d7.loss_dice: 0.5303  decode.d8.loss_cls: 0.0388  decode.d8.loss_mask: 0.3832  decode.d8.loss_dice: 0.5348
2026/08/04 04:14:09 - mmengine - INFO - Exp name: ningbo2m_new_dinov3_m2f_tune12_50e_512x512_20260804_022319
2026/08/04 04:14:09 - mmengine - INFO - Saving checkpoint at 50 epochs
2026/08/04 04:14:31 - mmengine - INFO - per class results:
2026/08/04 04:14:31 - mmengine - INFO - 
+-------------+-------+-------+--------+-----------+--------+
|    Class    |  IoU  |  Acc  | Fscore | Precision | Recall |
+-------------+-------+-------+--------+-----------+--------+
|  background | 53.83 | 65.44 | 69.99  |   75.21   | 65.44  |
|  grassland  | 54.59 | 68.57 | 70.63  |   72.81   | 68.57  |
|   bareland  | 60.13 |  72.8 |  75.1  |   77.55   |  72.8  |
|     road    | 75.53 | 85.66 | 86.06  |   86.46   | 85.66  |
|    forest   | 88.86 | 95.55 |  94.1  |    92.7   | 95.55  |
|    river    | 83.69 | 90.84 | 91.12  |   91.41   | 90.84  |
|   cropland  | 84.78 |  91.3 | 91.76  |   92.23   |  91.3  |
| residential | 83.56 | 92.19 | 91.04  |   89.92   | 92.19  |
+-------------+-------+-------+--------+-----------+--------+
2026/08/04 04:14:31 - mmengine - INFO - Epoch(val) [50][27/27]    aAcc: 89.1500  mIoU: 73.1200  mAcc: 82.7900  mFscore: 83.7300  mPrecision: 84.7900  mRecall: 82.7900  data_time: 0.0299  time: 0.2680
